                  epoch,         train/box_loss,        train/pose_loss,        train/kobj_loss,         train/cls_loss,         train/dfl_loss,   metrics/precision(B),      metrics/recall(B),       metrics/mAP50(B),    metrics/mAP50-95(B),   metrics/precision(P),      metrics/recall(P),       metrics/mAP50(P),    metrics/mAP50-95(P),           val/box_loss,          val/pose_loss,          val/kobj_loss,           val/cls_loss,           val/dfl_loss,                 lr/pg0,                 lr/pg1,                 lr/pg2
                      1,                 2.2618,                 11.342,                0.74099,                 5.6831,                 2.2827,                      0,                      0,                      0,                      0,                      0,                      0,                      0,                      0,                 1.3151,                  11.67,                0.69664,                 4.5997,                 1.2295,                0.00012,                0.00012,                0.00012
                      2,                 1.4747,                  11.43,                0.74831,                 2.7093,                  1.446,                0.37194,                      1,                   0.83,                0.71422,                      0,                      0,                      0,                      0,                 0.9589,                 11.166,                0.61511,                 3.6132,                 1.0734,             0.00025949,             0.00025949,             0.00025949
                      3,                 1.1295,                 10.673,                0.65057,                 1.0462,                 1.0701,                      1,                      1,                  0.995,                 0.6871,                      0,                      0,                      0,                      0,                  1.591,                 10.851,                0.64444,                 2.0971,                 1.1409,             0.00039842,             0.00039842,             0.00039842
                      4,                0.99294,                 9.9243,                0.63656,                0.82892,                 1.0658,                0.79541,                0.66667,                  0.863,                0.53144,                      0,                      0,                      0,                      0,                 1.6825,                 10.682,                0.63145,                 2.0525,                   1.49,             0.00053679,             0.00053679,             0.00053679
                      5,                 1.1364,                 9.7461,                0.62889,                 1.4371,                 1.1256,                0.79541,                0.66667,                  0.863,                0.53144,                      0,                      0,                      0,                      0,                 4.5614,                 10.973,                0.64513,                 432.72,                 5.0439,             0.00067461,             0.00067461,             0.00067461
                      6,                 1.0045,                 9.1834,                0.61407,                0.95121,                 1.0988,                0.79541,                0.66667,                  0.863,                0.53144,                      0,                      0,                      0,                      0,                 5.3798,                 10.873,                0.91625,                 49.591,                  4.947,             0.00081188,             0.00081188,             0.00081188
                      7,                0.97321,                 9.1736,                0.60846,                0.87139,                 1.0925,                0.79541,                0.66667,                  0.863,                0.53144,                      0,                      0,                      0,                      0,                    nan,                    nan,                    nan,                    nan,                    nan,              0.0009486,              0.0009486,              0.0009486
                      8,                 1.0504,                  8.519,                0.58251,                 0.8499,                 1.1128,                0.79541,                0.66667,                  0.863,                0.53144,                      0,                      0,                      0,                      0,                    nan,                    nan,                    nan,                    nan,                    nan,              0.0010848,              0.0010848,              0.0010848
                      9,                 1.0152,                 8.1769,                0.58166,                0.86677,                 1.0637,                0.79541,                0.66667,                  0.863,                0.53144,                      0,                      0,                      0,                      0,                      0,                      0,                      0,                  10688,                      0,              0.0012204,              0.0012204,              0.0012204
                     10,                  1.038,                 7.7523,                0.58447,                0.84863,                  1.078,                0.79541,                0.66667,                  0.863,                0.53144,                      0,                      0,                      0,                      0,                 4.6472,                 11.228,                0.34407,                 460.77,                 9.6719,              0.0013554,              0.0013554,              0.0013554
                     11,                 1.0244,                 7.4949,                0.50381,                0.85482,                 1.1229,                0.79541,                0.66667,                  0.863,                0.53144,                      0,                      0,                      0,                      0,                 4.3249,                 10.324,                0.61186,                 222.01,                 4.2481,              0.0014899,              0.0014899,              0.0014899
                     12,                 1.0346,                  7.509,                0.52137,                 0.8093,                 1.1022,                0.79541,                0.66667,                  0.863,                0.53144,                      0,                      0,                      0,                      0,                      0,                      0,                      0,                  16784,                      0,              0.0016238,              0.0016238,              0.0016238
                     13,                 1.0672,                 6.9517,                 0.4893,                0.75723,                  1.034,                0.79541,                0.66667,                  0.863,                0.53144,                      0,                      0,                      0,                      0,                      0,                      0,                      0,                    529,                      0,              0.0017572,              0.0017572,              0.0017572
                     14,                 1.0435,                 7.2711,                 0.5517,                0.82622,                 1.1542,                0.79541,                0.66667,                  0.863,                0.53144,                      0,                      0,                      0,                      0,                      0,                      0,                      0,                    964,                      0,              0.0018901,              0.0018901,              0.0018901
                     15,                0.98468,                 7.0199,                0.54172,                0.79932,                 1.0691,                0.79541,                0.66667,                  0.863,                0.53144,                      0,                      0,                      0,                      0,                   5.31,                 11.651,                0.35363,                 209.85,                 8.4389,              0.0019446,              0.0019446,              0.0019446
                     16,                 1.1147,                 7.4834,                0.51941,                0.95387,                 1.1959,                0.79541,                0.66667,                  0.863,                0.53144,                      0,                      0,                      0,                      0,                 5.5865,                 10.919,                0.73374,                 147.25,                 20.956,              0.0019446,              0.0019446,              0.0019446
                     17,                0.99179,                 6.8096,                0.50328,                0.81179,                 1.0966,                0.79541,                0.66667,                  0.863,                0.53144,                      0,                      0,                      0,                      0,                 6.1892,                  10.73,                0.77294,                 165.96,                  14.81,              0.0019406,              0.0019406,              0.0019406
                     18,                 1.0365,                 6.2357,                0.52536,                0.89743,                 1.0787,                0.79541,                0.66667,                  0.863,                0.53144,                      0,                      0,                      0,                      0,                 4.7357,                 11.879,                 1.6697,                 128.98,                 21.264,              0.0019366,              0.0019366,              0.0019366
                     19,                0.97345,                 5.9177,                0.50628,                0.99569,                 1.0691,                0.79541,                0.66667,                  0.863,                0.53144,                      0,                      0,                      0,                      0,                 5.5788,                 11.634,                 1.5658,                 402.71,                  19.98,              0.0019327,              0.0019327,              0.0019327
                     20,                 1.0092,                 6.2322,                0.49883,                0.85085,                 1.0907,                0.79541,                0.66667,                  0.863,                0.53144,                      0,                      0,                      0,                      0,                 5.6861,                  11.85,                 6.5405,                   86.3,                 58.761,              0.0019287,              0.0019287,              0.0019287
                     21,                   0.92,                 5.4808,                0.54229,                0.81175,                 1.0317,                0.79541,                0.66667,                  0.863,                0.53144,                      0,                      0,                      0,                      0,                0.02391,                     12,                 29.929,                   1513,                 1.3898,              0.0019248,              0.0019248,              0.0019248
                     22,                0.94777,                 5.1765,                0.54227,                0.76443,                 1.0754,                0.00661,                0.33333,                0.00273,                0.00055,                      0,                      0,                      0,                      0,                 3.8807,                 10.265,                0.31108,                 145.87,                 5.3964,              0.0019208,              0.0019208,              0.0019208
                     23,                 1.0525,                  5.229,                0.54235,                0.80931,                 1.0821,                0.02811,                      1,                0.02816,                0.00443,                      0,                      0,                      0,                      0,                 3.5909,                  10.39,                0.40508,                  7.618,                 2.4607,              0.0019168,              0.0019168,              0.0019168
                     24,                0.98853,                  4.874,                0.54607,                0.79422,                 1.0635,                0.72359,                      1,                  0.995,                0.73006,                0.72359,                      1,                  0.995,                0.36506,                 1.3962,                  3.086,                0.32826,                 4.9575,                 1.0951,              0.0019129,              0.0019129,              0.0019129
                     25,                0.95671,                 4.8462,                0.56008,                0.76671,                 1.0839,                0.80734,                      1,                  0.995,                0.65334,                0.52962,                0.66667,                0.45175,                0.08116,                 1.1811,                 4.2949,                0.31327,                 3.3054,                 1.0382,              0.0019089,              0.0019089,              0.0019089
                     26,                0.94743,                 4.8426,                0.48567,                 0.7004,                 1.0693,                0.89235,                      1,                  0.995,                0.62024,                0.59341,                0.66667,                0.44794,                0.09641,                0.97344,                 4.1896,                0.31136,                 3.0663,                 1.0117,               0.001905,               0.001905,               0.001905
                     27,                0.92078,                 5.4545,                0.47847,                0.69062,                 1.0505,                0.95243,                      1,                  0.995,                0.65779,                0.95243,                      1,                  0.995,                0.13574,                0.96126,                 4.0863,                 0.3239,                 1.8176,                 1.0207,               0.001901,               0.001901,               0.001901
                     28,                 1.0808,                 5.6711,                0.51091,                0.77223,                 1.1174,                0.71447,                      1,                  0.995,                0.73013,                      0,                      0,                      0,                      0,                 1.0006,                 5.4218,                0.30848,                  4.699,                 1.6008,               0.001897,               0.001897,               0.001897
                     29,                0.96051,                 4.9096,                0.53325,                0.77971,                  1.123,                0.67086,                      1,                  0.995,                0.76312,                0.22362,                0.33333,                0.16871,                0.01687,                0.91335,                 5.0611,                0.30942,                 4.6618,                 1.2467,              0.0018931,              0.0018931,              0.0018931
                     30,                0.81307,                 4.0617,                0.48325,                 0.6759,                 1.0029,                0.80166,                      1,                  0.995,                 0.7637,                0.80166,                      1,                  0.995,                0.41482,                0.76821,                 4.5091,                 0.3151,                 5.6524,                0.86754,              0.0018891,              0.0018891,              0.0018891
                     31,                 0.8482,                  4.452,                 0.5149,                0.71921,                 1.0094,                0.69132,                      1,                  0.995,                0.80763,                0.69132,                      1,                  0.995,                0.13313,                0.71318,                 5.1154,                0.29472,                 6.7782,                0.89747,              0.0018852,              0.0018852,              0.0018852
                     32,                0.90435,                 4.3006,                0.51267,                 0.7007,                 1.0464,                0.83451,                      1,                  0.995,                0.82991,                0.83451,                      1,                  0.995,                0.56457,                 0.6687,                 3.0152,                0.30583,                 3.0501,                0.77875,              0.0018812,              0.0018812,              0.0018812
                     33,                0.86531,                  4.153,                0.49401,                 0.6311,                 1.0287,                0.93211,                      1,                  0.995,                0.83017,                0.93211,                      1,                  0.995,                0.45417,                 0.7433,                 2.8449,                0.30724,                 1.5546,                0.80196,              0.0018772,              0.0018772,              0.0018772
                     34,                0.77017,                 3.6067,                0.42023,                  1.909,                0.88899,                0.96209,                      1,                  0.995,                0.79726,                0.32044,                0.33333,                0.11544,                0.03463,                0.75366,                 3.6656,                0.31523,                 1.8413,                0.85445,              0.0018733,              0.0018733,              0.0018733
                     35,                0.89213,                 4.6031,                0.51945,                0.74637,                 1.0401,                0.96798,                      1,                  0.995,                 0.7979,                0.96798,                      1,                  0.995,                0.62025,                0.80356,                 2.1712,                0.31725,                 1.9065,                0.82315,              0.0018693,              0.0018693,              0.0018693
                     36,                0.86153,                 4.4305,                0.51563,                0.84697,                 1.0209,                0.95937,                      1,                  0.995,                0.86486,                0.95937,                      1,                  0.995,                0.52106,                0.69611,                 2.0938,                0.31042,                 1.0705,                0.77529,              0.0018654,              0.0018654,              0.0018654
                     37,                0.74791,                 4.4235,                0.55445,                0.63503,                0.97396,                0.96927,                      1,                  0.995,                0.83072,                0.96927,                      1,                  0.995,                0.65311,                0.69318,                 1.4366,                0.31546,                0.68946,                0.74941,              0.0018614,              0.0018614,              0.0018614
                     38,                  0.772,                 4.0091,                0.51702,                0.58859,                0.98838,                0.98403,                      1,                  0.995,                0.86403,                0.98403,                      1,                  0.995,                0.60967,                 0.6865,                 1.5018,                0.31693,                0.39734,                0.74732,              0.0018574,              0.0018574,              0.0018574
                     39,                0.87736,                 3.9362,                0.49514,                0.63491,                0.99516,                0.98606,                      1,                  0.995,                0.89848,                0.98606,                      1,                  0.995,                0.63173,                0.60536,                 1.7078,                0.32543,                0.37864,                0.70656,              0.0018535,              0.0018535,              0.0018535
                     40,                0.80571,                 3.3601,                0.46956,                0.59027,                      1,                0.98668,                      1,                  0.995,                0.76924,                0.98668,                      1,                  0.995,                 0.4975,                0.84312,                 2.0393,                0.31407,                0.44392,                0.83528,              0.0018495,              0.0018495,              0.0018495
                     41,                0.96358,                 4.3698,                0.50644,                0.63104,                 1.0403,                0.98624,                      1,                  0.995,                0.75571,                0.98624,                      1,                  0.995,                0.51051,                0.91505,                  2.326,                0.31389,                0.47023,                 0.8646,              0.0018456,              0.0018456,              0.0018456
                     42,                0.83793,                 3.9129,                0.50401,                0.62299,                0.97694,                0.98448,                      1,                  0.995,                0.81344,                0.98448,                      1,                  0.995,                0.69839,                0.73782,                 1.5595,                0.31724,                0.42742,                0.74398,              0.0018416,              0.0018416,              0.0018416
                     43,                 0.9121,                  3.936,                 0.4788,                0.62652,                 1.0298,                0.98539,                      1,                  0.995,                  0.796,                0.98539,                      1,                  0.995,                0.66518,                0.83155,                 1.9821,                0.31029,                0.43736,                0.82466,              0.0018376,              0.0018376,              0.0018376
                     44,                0.80103,                 4.0747,                0.53183,                 0.5969,                 1.0144,                0.98527,                      1,                  0.995,                 0.8169,                0.98527,                      1,                  0.995,                0.74504,                0.76136,                 1.2436,                0.32399,                0.40517,                0.75198,              0.0018337,              0.0018337,              0.0018337
                     45,                0.82193,                 3.7098,                0.49331,                0.58342,                 0.9913,                0.98578,                      1,                  0.995,                0.86624,                0.98578,                      1,                  0.995,                0.71135,                0.72994,                 1.4445,                0.32862,                0.37151,                0.75021,              0.0018297,              0.0018297,              0.0018297
                     46,                0.79121,                 3.8646,                0.48447,                0.61945,                0.95559,                0.98609,                      1,                  0.995,                0.85524,                0.98609,                      1,                  0.995,                0.54557,                0.67677,                 1.8702,                0.32359,                0.43564,                0.77323,              0.0018258,              0.0018258,              0.0018258
                     47,                0.76008,                 3.6158,                0.47531,                0.56912,                0.98635,                0.98481,                      1,                  0.995,                0.85711,                0.98481,                      1,                  0.995,                0.71878,                0.57809,                 1.5731,                0.33323,                0.33886,                 0.7044,              0.0018218,              0.0018218,              0.0018218
                     48,                0.81427,                 3.8267,                0.46956,                0.58938,                0.96756,                0.98446,                      1,                  0.995,                 0.8955,                0.98446,                      1,                  0.995,                 0.6965,                0.63664,                 1.4348,                0.33204,                 0.3441,                0.72595,              0.0018178,              0.0018178,              0.0018178
                     49,                0.77499,                 3.3789,                0.47501,                0.58407,                0.91928,                 0.9847,                      1,                  0.995,                0.85348,                 0.9847,                      1,                  0.995,                0.54381,                0.64244,                  1.747,                0.32892,                0.34281,                0.74342,              0.0018139,              0.0018139,              0.0018139
                     50,                0.77354,                 3.4594,                 0.4725,                0.59289,                0.92158,                0.98621,                      1,                  0.995,                0.80882,                0.98621,                      1,                  0.995,                 0.6965,                0.65067,                 1.3405,                0.33008,                 0.4182,                0.75451,              0.0018099,              0.0018099,              0.0018099
                     51,                0.75527,                   3.34,                0.46977,                0.52853,                0.95404,                0.98233,                      1,                  0.995,                 0.8955,                0.98233,                      1,                  0.995,                0.68072,                0.66935,                 1.4458,                0.33385,                0.41932,                0.75738,               0.001806,               0.001806,               0.001806
                     52,                0.82705,                 3.4923,                  0.507,                0.59586,                 1.0092,                0.98562,                      1,                  0.995,                 0.8955,                0.98562,                      1,                  0.995,                0.54394,                0.81154,                 1.6403,                 0.3371,                0.42303,                0.78387,               0.001802,               0.001802,               0.001802
                     53,                0.91454,                  3.623,                0.47076,                  0.644,                 1.0061,                0.98571,                      1,                  0.995,                0.85431,                0.98571,                      1,                  0.995,                0.59178,                0.67056,                 1.3675,                0.33626,                0.38938,                0.77054,               0.001798,               0.001798,               0.001798
                     54,                0.70347,                 3.4322,                0.46479,                0.49695,                0.94543,                0.98656,                      1,                  0.995,                0.86671,                0.98656,                      1,                  0.995,                 0.6965,                0.67263,                 1.6797,                0.33527,                0.36918,                0.77059,              0.0017941,              0.0017941,              0.0017941
                     55,                 0.6693,                 2.9354,                0.46857,                0.47559,                0.92883,                0.98585,                      1,                  0.995,                0.86349,                0.98585,                      1,                  0.995,                0.60914,                0.60328,                 1.5867,                0.33664,                0.40487,                0.72028,              0.0017901,              0.0017901,              0.0017901
                     56,                0.72734,                 2.9675,                0.47231,                0.51837,                0.92572,                0.98587,                      1,                  0.995,                0.85167,                0.98587,                      1,                  0.995,                0.65284,                0.67741,                 1.3259,                0.33967,                0.43745,                0.72555,              0.0017862,              0.0017862,              0.0017862
                     57,                0.75802,                 2.9832,                0.48134,                0.51787,                0.93587,                0.97823,                      1,                  0.995,                 0.8955,                0.97823,                      1,                  0.995,                 0.7077,                0.61147,                 1.3978,                0.33161,                 7.9309,                0.71198,              0.0017822,              0.0017822,              0.0017822
                     58,                0.82638,                 3.7925,                0.50354,                0.57822,                0.96774,                 0.9753,                      1,                  0.995,                0.87932,                 0.9753,                      1,                  0.995,                 0.7077,                0.58425,                 1.3294,                0.32363,                 9.5713,                0.71814,              0.0017782,              0.0017782,              0.0017782
                     59,                0.76427,                 3.4494,                0.50128,                0.59278,                 1.0059,                0.98587,                      1,                  0.995,                 0.8955,                0.98587,                      1,                  0.995,                0.57131,                 0.5534,                 1.3802,                0.31811,                0.30605,                0.68584,              0.0017743,              0.0017743,              0.0017743
                     60,                0.77891,                 3.1344,                0.49791,                0.53785,                0.99978,                0.98615,                      1,                  0.995,                0.89607,                0.98615,                      1,                  0.995,                0.35407,                0.57501,                 2.1819,                0.32405,                0.49105,                0.69867,              0.0017703,              0.0017703,              0.0017703
                     61,                0.71345,                  2.893,                0.48014,                0.51396,                0.94694,                0.98595,                      1,                  0.995,                0.89607,                0.98595,                      1,                  0.995,                0.47594,                0.59192,                  1.724,                0.31823,                0.63269,                0.71026,              0.0017664,              0.0017664,              0.0017664
                     62,                0.69057,                 3.1345,                0.50038,                0.49984,                0.94386,                0.98484,                      1,                  0.995,                0.81269,                0.98484,                      1,                  0.995,                0.66364,                0.69127,                 1.4902,                0.31669,                0.39453,                0.76579,              0.0017624,              0.0017624,              0.0017624
                     63,                0.76077,                  3.311,                 0.5108,                0.56492,                0.97278,                 0.9848,                      1,                  0.995,                0.84407,                 0.9848,                      1,                  0.995,                0.71135,                0.67338,                 1.2685,                0.32087,                0.36644,                0.75725,              0.0017584,              0.0017584,              0.0017584
                     64,                 0.7246,                 3.3281,                0.50212,                0.54693,                 0.9613,                0.98612,                      1,                  0.995,                 0.8955,                0.98612,                      1,                  0.995,                 0.6748,                0.61609,                 1.4663,                0.31769,                 0.3051,                0.73044,              0.0017545,              0.0017545,              0.0017545
                     65,                0.74059,                 3.4718,                0.46572,                0.52718,                0.96029,                      1,                      1,                  0.995,                0.87372,                      1,                      1,                  0.995,                0.64144,                0.60414,                 1.5324,                0.32422,                  0.358,                0.70492,              0.0017505,              0.0017505,              0.0017505
                     66,                0.77476,                 3.2929,                0.52013,                0.56927,                0.96708,                      1,                      1,                  0.995,                0.86272,                      1,                      1,                  0.995,                0.78025,                0.60452,                 1.1217,                0.32545,                0.32501,                0.71584,              0.0017466,              0.0017466,              0.0017466
                     67,                0.68947,                 3.6346,                0.51354,                0.54767,                0.92534,                      1,                      1,                  0.995,                0.86272,                      1,                      1,                  0.995,                 0.7243,                0.73725,                 1.3205,                0.32355,                0.37523,                 0.8077,              0.0017426,              0.0017426,              0.0017426
                     68,                0.72139,                 3.1442,                0.46581,                0.53538,                0.96092,                0.98582,                      1,                  0.995,                0.87937,                0.98582,                      1,                  0.995,                0.74683,                0.57294,                 1.3262,                0.33584,                0.36848,                0.69246,              0.0017386,              0.0017386,              0.0017386
                     69,                0.70021,                 2.7349,                 0.4612,                0.48047,                0.95961,                0.98575,                      1,                  0.995,                 0.8955,                0.98575,                      1,                  0.995,                0.74683,                0.58847,                 1.4566,                0.33432,                0.35048,                0.69609,              0.0017347,              0.0017347,              0.0017347
                     70,                0.75245,                 2.9409,                0.46137,                 0.4827,                0.95812,                0.98589,                      1,                  0.995,                 0.8955,                0.98589,                      1,                  0.995,                0.58818,                0.58712,                 1.6078,                0.32929,                0.39582,                0.70325,              0.0017307,              0.0017307,              0.0017307
                     71,                0.73011,                 3.4109,                0.48945,                0.49587,                0.95167,                0.98594,                      1,                  0.995,                 0.8955,                0.98594,                      1,                  0.995,                0.71458,                0.56683,                 1.3312,                0.32697,                0.45229,                0.68534,              0.0017268,              0.0017268,              0.0017268
                     72,                0.64576,                 2.9398,                0.46491,                0.46017,                0.92279,                0.98424,                      1,                  0.995,                 0.8629,                0.98424,                      1,                  0.995,                0.71364,                0.55231,                 1.3722,                0.32676,                0.35929,                0.71262,              0.0017228,              0.0017228,              0.0017228
                     73,                0.67942,                 2.9442,                0.47088,                0.48548,                0.93506,                0.98294,                      1,                  0.995,                 0.8955,                0.98294,                      1,                  0.995,                0.76405,                0.53786,                 1.0694,                0.32085,                 0.3488,                0.70085,              0.0017188,              0.0017188,              0.0017188
                     74,                0.66875,                 2.8428,                0.49207,                0.47662,                0.91705,                0.97769,                      1,                  0.995,                0.88671,                0.97769,                      1,                  0.995,                0.76551,                0.51244,                 1.2009,                0.31305,                0.33591,                0.69715,              0.0017149,              0.0017149,              0.0017149
                     75,                0.68397,                 2.9994,                0.48401,                 0.5211,                0.93615,                0.73973,                      1,                  0.995,                 0.8531,                0.73973,                      1,                  0.995,                0.63371,                0.59943,                 1.3593,                0.30911,                0.85591,                0.73313,              0.0017109,              0.0017109,              0.0017109
                     76,                0.79431,                 2.9139,                0.47932,                0.54209,                0.94681,                0.98587,                      1,                  0.995,                0.89971,                0.98587,                      1,                  0.995,                0.66738,                0.51451,                 1.2358,                0.31187,                0.34176,                0.69205,               0.001707,               0.001707,               0.001707
                     77,                0.68413,                 2.7178,                0.50268,                0.48137,                0.92366,                0.98589,                      1,                  0.995,                0.93176,                0.98589,                      1,                  0.995,                0.71361,                0.49206,                 1.2422,                0.31046,                0.36792,                0.68854,               0.001703,               0.001703,               0.001703
                     78,                0.66718,                 2.9391,                0.47346,                0.46992,                0.94463,                0.98573,                      1,                  0.995,                0.83205,                0.98573,                      1,                  0.995,                0.59164,                0.75552,                 1.6455,                 0.3113,                0.47109,                0.73449,               0.001699,               0.001699,               0.001699
                     79,                0.69766,                 2.6143,                0.46287,                0.47724,                 0.9315,                      1,                      1,                  0.995,                0.87372,                      1,                      1,                  0.995,                0.58661,                0.62552,                 1.5125,                0.31393,                0.36274,                0.72119,              0.0016951,              0.0016951,              0.0016951
                     80,                0.72001,                 2.9397,                 0.4405,                0.50635,                0.95047,                      1,                      1,                  0.995,                0.85194,                      1,                      1,                  0.995,                0.56417,                0.66243,                 1.3794,                0.30492,                0.32009,                0.77354,              0.0016911,              0.0016911,              0.0016911
                     81,                0.70424,                 3.0158,                0.46912,                0.51374,                0.92975,                      1,                      1,                  0.995,                0.85194,                      1,                      1,                  0.995,                0.58644,                 0.6474,                 1.2361,                0.30623,                0.33847,                0.76398,              0.0016872,              0.0016872,              0.0016872
                     82,                 0.6668,                 2.6671,                 0.4735,                0.49914,                0.94087,                      1,                      1,                  0.995,                0.85194,                      1,                      1,                  0.995,                0.65305,                0.59211,                 1.1077,                0.30964,                0.27014,                0.72761,              0.0016832,              0.0016832,              0.0016832
                     83,                0.67599,                 2.4489,                0.46628,                0.48848,                0.88075,                      1,                      1,                  0.995,                0.95144,                      1,                      1,                  0.995,                  0.697,                0.55802,                0.96842,                0.31095,                0.29966,                0.70455,              0.0016792,              0.0016792,              0.0016792
                     84,                0.76171,                 3.0633,                0.48896,                0.49296,                 0.9747,                0.98614,                      1,                  0.995,                0.89614,                0.98614,                      1,                  0.995,                  0.465,                0.50646,                   1.64,                0.31408,                0.25756,                0.67322,              0.0016753,              0.0016753,              0.0016753
                     85,                 0.7632,                 3.0328,                0.49498,                0.52451,                0.96582,                0.98601,                      1,                  0.995,                0.93729,                0.98601,                      1,                  0.995,                0.67237,                0.49538,                 1.2224,                0.31347,                0.26396,                0.66343,              0.0016713,              0.0016713,              0.0016713
                     86,                 0.7177,                   3.03,                0.51654,                0.51596,                0.95266,                0.98599,                      1,                  0.995,                0.91888,                0.98599,                      1,                  0.995,                0.79312,                0.52048,                 1.2106,                0.31444,                0.34522,                0.67471,              0.0016674,              0.0016674,              0.0016674
                     87,                0.71141,                 2.9721,                0.48721,                0.50996,                0.98045,                0.98614,                      1,                  0.995,                 0.8955,                0.98614,                      1,                  0.995,                0.76685,                0.62717,                 1.3002,                0.31984,                0.36712,                0.70088,              0.0016634,              0.0016634,              0.0016634
                     88,                0.70784,                 2.7768,                0.46625,                 0.5102,                0.93385,                0.98626,                      1,                  0.995,                 0.8955,                0.98626,                      1,                  0.995,                0.64377,                 0.5316,                 1.1439,                0.31863,                0.25334,                0.68448,              0.0016594,              0.0016594,              0.0016594
                     89,                0.72214,                 3.2144,                0.45485,                0.53168,                0.92307,                 0.9864,                      1,                  0.995,                0.92046,                 0.9864,                      1,                  0.995,                0.64807,                0.54568,                 1.1883,                0.32359,                0.26124,                0.67449,              0.0016555,              0.0016555,              0.0016555
                     90,                0.68563,                 2.9378,                0.48276,                0.50229,                0.93273,                 0.9862,                      1,                  0.995,                0.84707,                 0.9862,                      1,                  0.995,                0.69113,                0.54436,                 1.2478,                0.32323,                0.34814,                0.69006,              0.0016515,              0.0016515,              0.0016515
                     91,                0.72319,                 3.1442,                0.48169,                 0.5257,                0.96918,                0.98638,                      1,                  0.995,                0.81644,                0.98638,                      1,                  0.995,                0.53848,                0.64729,                 1.3099,                0.32057,                0.39402,                0.75376,              0.0016476,              0.0016476,              0.0016476
                     92,                0.70974,                 2.6489,                0.46332,                0.50573,                0.98223,                0.98527,                      1,                  0.995,                0.86587,                0.98527,                      1,                  0.995,                 0.7568,                0.66131,                0.96767,                0.32113,                0.34946,                0.75659,              0.0016436,              0.0016436,              0.0016436
                     93,                0.68284,                 2.6619,                0.45741,                0.48998,                  0.935,                0.98347,                      1,                  0.995,                 0.8955,                0.98347,                      1,                  0.995,                0.80258,                0.57957,                0.87886,                0.32664,                0.38766,                0.72043,              0.0016396,              0.0016396,              0.0016396
                     94,                0.63448,                 2.5505,                0.46743,                0.48024,                0.92909,                0.98634,                      1,                  0.995,                0.89455,                0.98634,                      1,                  0.995,                 0.7893,                0.52792,                0.90705,                0.32068,                0.37075,                0.68812,              0.0016357,              0.0016357,              0.0016357
                     95,                 0.7295,                 2.8623,                0.47062,                0.50192,                0.94669,                0.98562,                      1,                  0.995,                0.87137,                0.98562,                      1,                  0.995,                0.77987,                0.71758,                0.96445,                0.32439,                0.37251,                0.75884,              0.0016317,              0.0016317,              0.0016317
                     96,                0.69069,                 3.3912,                0.51729,                0.47262,                0.92812,                 0.9853,                      1,                  0.995,                 0.8955,                 0.9853,                      1,                  0.995,                0.71098,                0.61601,                 1.0976,                0.33184,                0.34667,                0.72722,              0.0016278,              0.0016278,              0.0016278
                     97,                0.66182,                 2.5791,                0.47292,                0.49264,                 0.9416,                0.98502,                      1,                  0.995,                0.84339,                0.98502,                      1,                  0.995,                0.72486,                 0.6937,                 1.0538,                0.32894,                0.42375,                0.74325,              0.0016238,              0.0016238,              0.0016238
                     98,                0.72471,                    2.5,                0.45189,                0.47901,                0.96445,                0.98539,                      1,                  0.995,                0.91699,                0.98539,                      1,                  0.995,                0.71119,                0.58678,                   1.14,                0.32808,                0.38001,                0.69047,              0.0016198,              0.0016198,              0.0016198
                     99,                0.72539,                 2.6263,                0.47149,                0.46973,                 0.9309,                0.98549,                      1,                  0.995,                 0.8955,                0.98549,                      1,                  0.995,                 0.7321,                 0.5753,                 1.2007,                0.32329,                0.30964,                0.70566,              0.0016159,              0.0016159,              0.0016159
                    100,                0.74509,                  2.479,                0.45337,                0.47867,                0.95995,                 0.9854,                      1,                  0.995,                0.91778,                 0.9854,                      1,                  0.995,                0.69689,                0.51536,                 1.3349,                0.31935,                0.31577,                0.69964,              0.0016119,              0.0016119,              0.0016119
                    101,                0.68763,                 3.0621,                0.45949,                0.47998,                0.96119,                0.98579,                      1,                  0.995,                0.90714,                0.98579,                      1,                  0.995,                0.76872,                 0.5631,                 1.4374,                0.31804,                0.36736,                0.71184,               0.001608,               0.001608,               0.001608
                    102,                0.68542,                 2.6193,                0.44438,                 0.5081,                0.97178,                0.98556,                      1,                  0.995,                0.88439,                0.98556,                      1,                  0.995,                0.75459,                0.62313,                 1.3254,                 0.3159,                0.36453,                0.72693,               0.001604,               0.001604,               0.001604
                    103,                 0.7087,                 2.8719,                0.43657,                0.47797,                 0.9575,                0.98568,                      1,                  0.995,                0.88116,                0.98568,                      1,                  0.995,                0.70133,                0.64423,                 1.1922,                0.31077,                0.31251,                0.73787,                 0.0016,                 0.0016,                 0.0016
                    104,                0.69578,                 2.6626,                0.43003,                0.47311,                0.93079,                 0.9846,                      1,                  0.995,                0.88482,                 0.9846,                      1,                  0.995,                0.72436,                0.58665,                0.94029,                0.31125,                0.26218,                0.70418,              0.0015961,              0.0015961,              0.0015961
                    105,                0.58607,                 2.2997,                0.39888,                0.86255,                0.80399,                0.98514,                      1,                  0.995,                0.86556,                0.98514,                      1,                  0.995,                0.57024,                 0.5532,                 1.2732,                0.30812,                0.29139,                0.70702,              0.0015921,              0.0015921,              0.0015921
                    106,                0.65174,                 2.5963,                0.47408,                0.47123,                0.94226,                0.98453,                      1,                  0.995,                 0.8955,                0.98453,                      1,                  0.995,                0.71068,                0.52187,                 1.0192,                0.30616,                0.29855,                0.68671,              0.0015882,              0.0015882,              0.0015882
                    107,                0.69995,                 2.5013,                0.43684,                0.46201,                0.94856,                      1,                      1,                  0.995,                 0.8955,                      1,                      1,                  0.995,                0.79716,                0.56065,                0.96726,                0.30673,                0.29169,                0.70642,              0.0015842,              0.0015842,              0.0015842
                    108,                0.69139,                  2.511,                0.43524,                0.49542,                0.93985,                0.98509,                      1,                  0.995,                 0.8955,                0.98509,                      1,                  0.995,                 0.7635,                0.54922,                0.98666,                0.31133,                0.31511,                0.67558,              0.0015802,              0.0015802,              0.0015802
                    109,                0.69497,                 3.0551,                0.48367,                0.57143,                0.94885,                0.98529,                      1,                  0.995,                 0.8955,                0.98529,                      1,                  0.995,                0.78489,                0.50371,                0.90356,                0.31218,                0.28857,                0.66797,              0.0015763,              0.0015763,              0.0015763
                    110,                0.77166,                 2.7431,                0.44094,                0.52631,                0.99916,                0.98392,                      1,                  0.995,                0.93137,                0.98392,                      1,                  0.995,                0.76794,                0.46539,                0.94463,                0.31692,                0.35045,                 0.6525,              0.0015723,              0.0015723,              0.0015723
                    111,                0.69479,                 2.6798,                0.44539,                0.46339,                0.94036,                0.98554,                      1,                  0.995,                0.89057,                0.98554,                      1,                  0.995,                0.63326,                0.61317,                 1.3495,                0.31776,                  0.351,                0.72362,              0.0015684,              0.0015684,              0.0015684
                    112,                0.65812,                 2.7579,                0.42961,                 0.4826,                0.96914,                0.98638,                      1,                  0.995,                0.85742,                0.98638,                      1,                  0.995,                0.67109,                0.55582,                 1.0288,                0.31402,                0.35453,                0.69619,              0.0015644,              0.0015644,              0.0015644
                    113,                 0.6751,                 2.4912,                0.46794,                0.46114,                 0.9475,                0.98623,                      1,                  0.995,                0.87137,                0.98623,                      1,                  0.995,                0.68037,                0.55763,                 1.0675,                0.31252,                0.37653,                 0.6877,              0.0015604,              0.0015604,              0.0015604
                    114,                0.64086,                 2.3924,                0.40106,                0.44251,                0.95319,                      1,                      1,                  0.995,                0.91828,                      1,                      1,                  0.995,                0.67538,                0.60227,                 1.0718,                0.31324,                0.31692,                0.68426,              0.0015565,              0.0015565,              0.0015565
                    115,                 0.6611,                 2.5222,                0.42192,                0.47784,                0.96185,                0.98568,                      1,                  0.995,                0.89596,                0.98568,                      1,                  0.995,                0.58133,                 0.5294,                 1.2031,                0.31853,                0.32357,                0.68458,              0.0015525,              0.0015525,              0.0015525
                    116,                0.63389,                 2.4786,                 0.4241,                0.47266,                0.94507,                0.98598,                      1,                  0.995,                 0.8955,                0.98598,                      1,                  0.995,                0.78025,                0.54506,                 1.1032,                0.30859,                0.36555,                0.71146,              0.0015486,              0.0015486,              0.0015486
                    117,                0.62189,                 2.3873,                0.46279,                0.45541,                 0.9437,                0.98603,                      1,                  0.995,                 0.8955,                0.98603,                      1,                  0.995,                0.73352,                0.60876,                0.80248,                0.30765,                0.36168,                 0.7207,              0.0015446,              0.0015446,              0.0015446
                    118,                 0.6745,                 2.4601,                0.48791,                0.45311,                0.97935,                0.98583,                      1,                  0.995,                 0.8955,                0.98583,                      1,                  0.995,                0.66586,                0.62745,                0.93351,                0.31052,                0.31004,                0.72659,              0.0015406,              0.0015406,              0.0015406
                    119,                0.64315,                 2.3268,                0.45239,                0.44217,                0.89821,                0.98023,                      1,                  0.995,                0.89335,                0.98023,                      1,                  0.995,                0.65969,                0.58002,                0.98358,                 0.3132,                0.35134,                 0.7144,              0.0015367,              0.0015367,              0.0015367
                    120,                0.64422,                 2.3021,                0.44534,                0.44849,                0.93121,                0.98496,                      1,                  0.995,                0.85711,                0.98496,                      1,                  0.995,                0.85711,                0.54319,                0.72448,                0.31174,                0.35496,                0.70446,              0.0015327,              0.0015327,              0.0015327
                    121,                0.65104,                 2.2096,                0.42572,                0.43977,                 0.9093,                0.98543,                      1,                  0.995,                 0.7743,                0.98543,                      1,                  0.995,                0.85711,                0.64727,                0.77642,                0.31551,                0.37675,                0.72668,              0.0015288,              0.0015288,              0.0015288
                    122,                0.62605,                 2.4196,                0.42656,                0.42865,                0.92644,                 0.9853,                      1,                  0.995,                0.86781,                 0.9853,                      1,                  0.995,                0.75459,                0.55608,                 1.0635,                0.30559,                0.38423,                0.69684,              0.0015248,              0.0015248,              0.0015248
                    123,                0.59742,                 2.1618,                0.39085,                  2.759,                0.79407,                0.98465,                      1,                  0.995,                0.86509,                0.98465,                      1,                  0.995,                0.71318,                0.53581,                 1.0324,                0.29685,                0.31085,                0.68339,              0.0015208,              0.0015208,              0.0015208
                    124,                0.72291,                 2.4484,                0.43259,                0.48184,                0.94174,                0.97759,                      1,                  0.995,                 0.8955,                0.97759,                      1,                  0.995,                0.67121,                0.58749,                 1.1246,                0.29681,                 0.2922,                0.70228,              0.0015169,              0.0015169,              0.0015169
                    125,                0.68861,                 2.3808,                0.42837,                0.45831,                0.92194,                0.97379,                      1,                  0.995,                 0.8955,                0.97379,                      1,                  0.995,                0.67662,                0.58328,                 1.1329,                0.29796,                 0.2927,                0.69335,              0.0015129,              0.0015129,              0.0015129
                    126,                0.69909,                 2.3983,                0.46739,                 0.4512,                0.93012,                0.98515,                      1,                  0.995,                0.85711,                0.98515,                      1,                  0.995,                0.73591,                0.57083,                 1.1094,                0.29987,                0.28072,                0.67841,               0.001509,               0.001509,               0.001509
                    127,                0.66511,                 2.4709,                0.44903,                0.45508,                0.94134,                0.98489,                      1,                  0.995,                 0.8955,                0.98489,                      1,                  0.995,                0.61447,                0.58374,                  1.206,                0.29713,                 0.3314,                 0.7086,               0.001505,               0.001505,               0.001505
                    128,                0.67595,                  2.569,                0.44621,                0.47854,                0.92677,                      1,                      1,                  0.995,                 0.8955,                      1,                      1,                  0.995,                0.78561,                0.68005,                 1.1119,                0.30361,                0.37426,                0.74176,               0.001501,               0.001501,               0.001501
                    129,                0.60991,                 2.3634,                0.43538,                0.45382,                0.91213,                0.98488,                      1,                  0.995,                  0.796,                0.98488,                      1,                  0.995,                0.72831,                0.74477,                 1.1297,                0.30617,                0.38898,                0.76122,              0.0014971,              0.0014971,              0.0014971
                    130,                0.62983,                 2.1269,                0.41396,                0.43678,                0.92836,                0.98529,                      1,                  0.995,                0.84875,                0.98529,                      1,                  0.995,                0.79646,                0.63365,                 0.9102,                0.30646,                0.35234,                0.73506,              0.0014931,              0.0014931,              0.0014931
                    131,                0.61286,                 2.1487,                0.45802,                0.42341,                0.91598,                0.98544,                      1,                  0.995,                 0.8738,                0.98544,                      1,                  0.995,                0.81828,                0.52702,                0.82981,                0.30674,                0.29268,                0.70311,              0.0014892,              0.0014892,              0.0014892
                    132,                0.63675,                 2.5322,                0.45961,                0.41908,                0.91922,                0.98556,                      1,                  0.995,                0.85711,                0.98556,                      1,                  0.995,                 0.7743,                 0.5981,                 0.8949,                 0.3082,                0.29565,                0.71855,              0.0014852,              0.0014852,              0.0014852
                    133,                0.65343,                 2.0244,                0.48757,                0.53673,                0.94756,                0.98542,                      1,                  0.995,                0.82781,                0.98542,                      1,                  0.995,                0.77271,                0.63655,                0.87498,                0.30955,                0.39755,                0.74877,              0.0014812,              0.0014812,              0.0014812
                    134,                0.70347,                 2.7377,                0.43454,                0.46174,                0.94999,                      1,                      1,                  0.995,                0.85155,                      1,                      1,                  0.995,                0.74094,                0.64782,                 1.1059,                0.30835,                0.42027,                0.74568,              0.0014773,              0.0014773,              0.0014773
                    135,                0.62406,                 2.4168,                0.45242,                0.46278,                0.92225,                0.98526,                      1,                  0.995,                0.82939,                0.98526,                      1,                  0.995,                0.76314,                0.69755,                0.85719,                0.30538,                0.36681,                0.77144,              0.0014733,              0.0014733,              0.0014733
                    136,                0.63612,                 2.4212,                0.43544,                0.46216,                0.93658,                      1,                      1,                  0.995,                0.84044,                      1,                      1,                  0.995,                0.80766,                0.65201,                0.87718,                0.30984,                0.34328,                0.72929,              0.0014694,              0.0014694,              0.0014694
                    137,                0.61442,                 2.4828,                0.45252,                0.44825,                 0.9193,                0.98585,                      1,                  0.995,                0.82939,                0.98585,                      1,                  0.995,                0.73591,                0.70826,                 1.0905,                0.30272,                0.34703,                 0.7335,              0.0014654,              0.0014654,              0.0014654
                    138,                0.62927,                 2.3359,                0.45603,                0.44641,                0.91084,                0.98554,                      1,                  0.995,                  0.791,                0.98554,                      1,                  0.995,                0.73591,                0.75583,                 1.1866,                0.30226,                0.43529,                0.74715,              0.0014614,              0.0014614,              0.0014614
                    139,                0.66332,                 2.7212,                0.46747,                0.47018,                0.93958,                0.98464,                      1,                  0.995,                0.82939,                0.98464,                      1,                  0.995,                0.72989,                0.72641,                 1.2002,                0.29725,                0.35416,                0.73606,              0.0014575,              0.0014575,              0.0014575
                    140,                 0.6184,                 2.0941,                0.42543,                 0.4385,                0.92444,                0.98387,                      1,                  0.995,                0.93058,                0.98387,                      1,                  0.995,                0.68343,                0.56424,                 1.1254,                0.29478,                0.33049,                0.69212,              0.0014535,              0.0014535,              0.0014535
                    141,                0.62466,                 2.2599,                0.43992,                0.42505,                0.90039,                0.98412,                      1,                  0.995,                 0.8955,                0.98412,                      1,                  0.995,                0.76762,                0.53926,                0.84975,                0.29526,                0.31614,                0.68931,              0.0014496,              0.0014496,              0.0014496
                    142,                0.62318,                 2.1459,                 0.4218,                0.42644,                0.93858,                 0.9846,                      1,                  0.995,                0.91778,                 0.9846,                      1,                  0.995,                0.76314,                0.56346,                0.75563,                0.29568,                0.33034,                 0.7005,              0.0014456,              0.0014456,              0.0014456
                    143,                0.64363,                 2.4076,                0.44301,                0.45296,                0.90826,                0.98471,                      1,                  0.995,                0.81828,                0.98471,                      1,                  0.995,                0.77983,                0.71357,                0.80494,                 0.2869,                0.35173,                0.76917,              0.0014416,              0.0014416,              0.0014416
                    144,                0.63141,                 2.1257,                 0.4301,                0.42851,                0.95216,                0.98493,                      1,                  0.995,                0.87137,                0.98493,                      1,                  0.995,                0.73542,                0.66882,                 1.0072,                0.29185,                0.37602,                0.73105,              0.0014377,              0.0014377,              0.0014377
                    145,                 0.6191,                 2.1363,                 0.4127,                0.41987,                0.91869,                      1,                      1,                  0.995,                0.90153,                      1,                      1,                  0.995,                0.77427,                 0.6453,                0.97635,                0.29063,                0.34202,                0.72234,              0.0014337,              0.0014337,              0.0014337
                    146,                0.60413,                 2.4368,                0.47039,                0.41919,                0.91341,                      1,                      1,                  0.995,                0.92331,                      1,                      1,                  0.995,                0.74094,                0.52186,                 1.2149,                0.28774,                0.26063,                0.68578,              0.0014298,              0.0014298,              0.0014298
                    147,                0.64437,                 2.4655,                0.43894,                0.46475,                0.90917,                      1,                      1,                  0.995,                0.94006,                      1,                      1,                  0.995,                0.61922,                0.49043,                 1.1918,                0.29083,                 0.3386,                0.67795,              0.0014258,              0.0014258,              0.0014258
                    148,                0.63191,                 2.2019,                0.44954,                0.44841,                0.91322,                0.98539,                      1,                  0.995,                0.85571,                0.98539,                      1,                  0.995,                0.77152,                0.56336,                0.94924,                0.29202,                 0.3601,                0.69714,              0.0014218,              0.0014218,              0.0014218
                    149,                0.63277,                 2.1074,                0.43861,                0.44289,                0.91444,                0.98547,                      1,                  0.995,                0.85524,                0.98547,                      1,                  0.995,                0.78544,                0.60708,                0.90062,                0.28775,                0.35222,                0.72305,              0.0014179,              0.0014179,              0.0014179
                    150,                0.58713,                 2.1965,                0.47267,                0.41558,                0.90373,                0.98544,                      1,                  0.995,                0.93121,                0.98544,                      1,                  0.995,                0.73924,                0.52674,                0.94091,                0.28746,                0.30381,                0.70758,              0.0014139,              0.0014139,              0.0014139
                    151,                0.61818,                 2.3383,                0.42755,                0.45032,                0.93553,                0.98533,                      1,                  0.995,                0.93349,                0.98533,                      1,                  0.995,                0.82537,                0.52267,                0.87343,                0.29056,                0.27288,                0.67881,                0.00141,                0.00141,                0.00141
                    152,                0.69465,                 2.0778,                0.40944,                0.47663,                0.96797,                0.98551,                      1,                  0.995,                0.87305,                0.98551,                      1,                  0.995,                0.67367,                0.59865,                 1.0396,                0.29167,                0.31482,                0.70978,               0.001406,               0.001406,               0.001406
                    153,                0.67912,                 2.0865,                0.44718,                0.45947,                0.95484,                0.98568,                      1,                  0.995,                0.87556,                0.98568,                      1,                  0.995,                0.72712,                0.55675,                0.93222,                0.29265,                0.31231,                0.69503,               0.001402,               0.001402,               0.001402
                    154,                0.65483,                 2.4514,                0.50144,                0.47073,                0.96879,                0.98552,                      1,                  0.995,                0.90555,                0.98552,                      1,                  0.995,                0.76155,                0.56199,                 0.8862,                0.29227,                0.30957,                0.69732,              0.0013981,              0.0013981,              0.0013981
                    155,                0.62303,                 2.1076,                0.43506,                 0.4502,                0.92954,                0.98456,                      1,                  0.995,                 0.9142,                0.98456,                      1,                  0.995,                0.75593,                0.54242,                0.90872,                0.29483,                0.29893,                0.68542,              0.0013941,              0.0013941,              0.0013941
                    156,                0.59166,                 2.0409,                 0.4649,                0.41146,                0.91459,                0.97056,                      1,                  0.995,                 0.8955,                0.97056,                      1,                  0.995,                0.75518,                 0.4993,                0.88856,                0.29413,                0.41058,                0.66937,              0.0013902,              0.0013902,              0.0013902
                    157,                0.58563,                  1.939,                0.38391,                0.40956,                0.91703,                0.96229,                      1,                  0.995,                0.91369,                0.96229,                      1,                  0.995,                0.75491,                0.47198,                0.92931,                 0.2929,                 0.4787,                0.66858,              0.0013862,              0.0013862,              0.0013862
                    158,                0.68254,                 2.0149,                0.42032,                0.45653,                 0.9123,                0.97884,                      1,                  0.995,                 0.8955,                0.97884,                      1,                  0.995,                0.72289,                0.53413,                0.97252,                0.28844,                0.41272,                0.69382,              0.0013822,              0.0013822,              0.0013822
                    159,                0.63308,                 1.9695,                0.41042,                0.45784,                0.92411,                0.98314,                      1,                  0.995,                 0.8955,                0.98314,                      1,                  0.995,                0.72395,                0.53451,                 1.0514,                0.28278,                0.33616,                0.70316,              0.0013783,              0.0013783,              0.0013783
                    160,                0.64857,                 2.3115,                0.41513,                0.45295,                 0.9302,                0.97338,                      1,                  0.995,                 0.8955,                0.97338,                      1,                  0.995,                0.70242,                0.53795,                 1.0315,                0.28006,                0.52053,                0.71573,              0.0013743,              0.0013743,              0.0013743
                    161,                0.61741,                 2.2232,                 0.4361,                0.43698,                0.89577,                0.97891,                      1,                  0.995,                 0.8955,                0.97891,                      1,                  0.995,                0.78871,                0.52548,                0.91546,                0.28054,                0.38705,                0.70313,              0.0013704,              0.0013704,              0.0013704
                    162,                0.60454,                 2.0975,                0.42307,                0.42295,                0.91228,                0.98506,                      1,                  0.995,                0.82344,                0.98506,                      1,                  0.995,                0.82344,                0.65204,                0.80192,                0.28503,                0.38309,                0.75911,              0.0013664,              0.0013664,              0.0013664
                    163,                0.67058,                 1.7585,                0.43486,                0.43823,                0.92527,                      1,                      1,                  0.995,                0.84044,                      1,                      1,                  0.995,                0.77488,                0.66627,                 0.9696,                0.28589,                0.39866,                0.74602,              0.0013624,              0.0013624,              0.0013624
                    164,                0.61393,                 2.1303,                0.42921,                0.42327,                0.90479,                0.98501,                      1,                  0.995,                0.91778,                0.98501,                      1,                  0.995,                0.74106,                0.50895,                 1.0499,                0.28573,                0.39797,                0.70427,              0.0013585,              0.0013585,              0.0013585
                    165,                 0.5764,                 1.7533,                0.39646,                0.38284,                0.87778,                 0.9849,                      1,                  0.995,                 0.8955,                 0.9849,                      1,                  0.995,                0.74106,                0.51271,                0.94252,                0.28503,                0.40514,                0.70667,              0.0013545,              0.0013545,              0.0013545
                    166,                0.57764,                 1.9364,                0.40841,                0.41753,                0.91241,                0.98526,                      1,                  0.995,                 0.8955,                0.98526,                      1,                  0.995,                0.77456,                0.62553,                 1.0677,                0.28522,                0.37353,                0.73177,              0.0013506,              0.0013506,              0.0013506
                    167,                0.57881,                 2.0198,                 0.4448,                0.41119,                0.89928,                0.98461,                      1,                  0.995,                 0.8955,                0.98461,                      1,                  0.995,                0.77785,                0.59225,                 1.1207,                0.28383,                0.31072,                0.70066,              0.0013466,              0.0013466,              0.0013466
                    168,                0.62514,                 2.2661,                0.44077,                0.44538,                0.91199,                0.98482,                      1,                  0.995,                 0.8955,                0.98482,                      1,                  0.995,                0.66921,                0.52642,                 1.0868,                 0.2858,                0.28235,                0.67681,              0.0013426,              0.0013426,              0.0013426
                    169,                0.66711,                 1.8957,                0.39966,                0.42249,                0.92514,                      1,                      1,                  0.995,                 0.8955,                      1,                      1,                  0.995,                0.73033,                0.54753,                 1.1308,                0.28493,                0.25779,                0.69425,              0.0013387,              0.0013387,              0.0013387
                    170,                0.69727,                 1.8328,                0.41739,                0.43379,                0.89259,                0.98581,                      1,                  0.995,                 0.8955,                0.98581,                      1,                  0.995,                  0.708,                 0.5782,                 1.0761,                0.28693,                0.30193,                0.68806,              0.0013347,              0.0013347,              0.0013347
                    171,                0.59245,                 2.7649,                 0.5362,                 0.4725,                0.94193,                0.98584,                      1,                  0.995,                 0.8888,                0.98584,                      1,                  0.995,                0.62759,                0.52601,                 1.2013,                0.28655,                0.26955,                0.68176,              0.0013308,              0.0013308,              0.0013308
                    172,                0.60386,                 1.9942,                0.40416,                0.42036,                0.91697,                0.98525,                      1,                  0.995,                 0.8955,                0.98525,                      1,                  0.995,                0.73926,                0.60507,                0.99664,                0.28685,                0.31528,                 0.7048,              0.0013268,              0.0013268,              0.0013268
                    173,                0.61954,                 1.8266,                0.41363,                0.42395,                0.89875,                0.98493,                      1,                  0.995,                 0.8955,                0.98493,                      1,                  0.995,                0.79863,                0.59414,                0.94997,                0.28886,                0.30786,                0.70224,              0.0013228,              0.0013228,              0.0013228
                    174,                  0.661,                 2.1066,                0.44453,                0.47877,                0.94233,                0.98474,                      1,                  0.995,                 0.8955,                0.98474,                      1,                  0.995,                0.76352,                0.69147,                 1.0064,                0.29018,                0.35668,                0.75214,              0.0013189,              0.0013189,              0.0013189
                    175,                0.63671,                 1.9074,                0.40301,                0.42292,                0.92687,                0.98492,                      1,                  0.995,                 0.8955,                0.98492,                      1,                  0.995,                0.80471,                0.63848,                0.85365,                0.29305,                0.33632,                0.72763,              0.0013149,              0.0013149,              0.0013149
                    176,                 0.5877,                  2.113,                 0.4249,                0.39101,                0.88097,                0.98496,                      1,                  0.995,                0.85456,                0.98496,                      1,                  0.995,                0.77268,                0.60742,                0.95746,                0.29409,                0.33394,                0.72214,               0.001311,               0.001311,               0.001311
                    177,                0.57861,                 1.8563,                0.41347,                0.41316,                0.91016,                0.98472,                      1,                  0.995,                0.85991,                0.98472,                      1,                  0.995,                0.77987,                0.64167,                0.86612,                0.29417,                0.34821,                0.73225,               0.001307,               0.001307,               0.001307
                    178,                0.59161,                 2.3045,                0.45041,                0.40192,                 0.8973,                0.98611,                      1,                  0.995,                 0.8955,                0.98611,                      1,                  0.995,                0.85711,                 0.5541,                0.90028,                0.29454,                0.33438,                0.69484,               0.001303,               0.001303,               0.001303
                    179,                0.56637,                 1.7967,                0.40716,                0.40032,                0.89462,                0.98616,                      1,                  0.995,                0.86671,                0.98616,                      1,                  0.995,                 0.8169,                0.57917,                0.95577,                0.29927,                0.38682,                0.69236,              0.0012991,              0.0012991,              0.0012991
                    180,                  0.701,                 2.1838,                0.39529,                 0.7491,                 1.0024,                 0.9855,                      1,                  0.995,                0.86585,                 0.9855,                      1,                  0.995,                0.76635,                0.57601,                0.92971,                0.29981,                0.37618,                 0.7159,              0.0012951,              0.0012951,              0.0012951
                    181,                0.62595,                 2.2168,                0.41443,                0.43051,                0.93847,                0.98566,                      1,                  0.995,                0.86509,                0.98566,                      1,                  0.995,                0.78489,                0.56566,                 0.8396,                0.29656,                 0.3315,                0.70861,              0.0012912,              0.0012912,              0.0012912
                    182,                0.64926,                 2.0635,                0.41314,                0.43553,                 0.9078,                  0.986,                      1,                  0.995,                0.83687,                  0.986,                      1,                  0.995,                0.78718,                0.62237,                0.78358,                0.29042,                0.31841,                0.74749,              0.0012872,              0.0012872,              0.0012872
                    183,                0.58444,                 2.0543,                0.39687,                0.38109,                 0.8908,                0.98591,                      1,                  0.995,                0.87102,                0.98591,                      1,                  0.995,                0.87102,                0.54486,                0.66844,                0.28939,                0.29189,                 0.7332,              0.0012832,              0.0012832,              0.0012832
                    184,                0.67649,                 1.8801,                0.41601,                0.43422,                0.91363,                0.98423,                      1,                  0.995,                 0.8955,                0.98423,                      1,                  0.995,                0.83123,                0.54716,                0.76191,                 0.2922,                0.29306,                 0.7114,              0.0012793,              0.0012793,              0.0012793
                    185,                0.65995,                 2.3291,                0.39877,                0.40901,                 1.0191,                0.98255,                      1,                  0.995,                0.86824,                0.98255,                      1,                  0.995,                0.86824,                0.59423,                0.63347,                0.29265,                0.30264,                 0.7046,              0.0012753,              0.0012753,              0.0012753
                    186,                0.60568,                 2.0273,                0.37971,                0.42836,                0.90979,                0.98545,                      1,                  0.995,                0.82939,                0.98545,                      1,                  0.995,                0.73591,                 0.6904,                 0.8706,                0.28831,                0.32941,                 0.7488,              0.0012714,              0.0012714,              0.0012714
                    187,                0.57559,                 1.9561,                0.38712,                0.41799,                0.89681,                0.98551,                      1,                  0.995,                0.85524,                0.98551,                      1,                  0.995,                0.81498,                0.68177,                0.78251,                0.28711,                0.35726,                0.74542,              0.0012674,              0.0012674,              0.0012674
                    188,                 0.6274,                 1.8482,                0.39403,                0.41453,                0.90492,                0.98548,                      1,                  0.995,                 0.8955,                0.98548,                      1,                  0.995,                0.81498,                0.66136,                0.74578,                0.28235,                0.33739,                0.74947,              0.0012634,              0.0012634,              0.0012634
                    189,                0.55951,                 1.9694,                0.39631,                0.37252,                0.88759,                 0.9854,                      1,                  0.995,                 0.8955,                 0.9854,                      1,                  0.995,                0.79265,                0.62377,                0.72312,                0.28052,                0.29283,                0.73387,              0.0012595,              0.0012595,              0.0012595
                    190,                0.59579,                 2.0558,                0.41047,                0.39315,                0.88161,                0.98571,                      1,                  0.995,                 0.8955,                0.98571,                      1,                  0.995,                0.77983,                0.57828,                 0.7103,                 0.2801,                0.31111,                0.71152,              0.0012555,              0.0012555,              0.0012555
                    191,                0.60206,                 2.0425,                0.41685,                0.42354,                0.92087,                      1,                      1,                  0.995,                0.94006,                      1,                      1,                  0.995,                0.84044,                0.49547,                0.75132,                0.27332,                0.27327,                0.67439,              0.0012516,              0.0012516,              0.0012516
                    192,                 0.6951,                 2.3419,                 0.4123,                0.43908,                  0.952,                0.98541,                      1,                  0.995,                 0.8955,                0.98541,                      1,                  0.995,                  0.791,                0.53869,                0.76548,                0.27233,                0.27487,                0.68344,              0.0012476,              0.0012476,              0.0012476
                    193,                0.64566,                 1.9302,                 0.4247,                0.44393,                0.92752,                0.98493,                      1,                  0.995,                0.85631,                0.98493,                      1,                  0.995,                0.78862,                 0.6149,                 0.7619,                0.27909,                0.32256,                0.71646,              0.0012436,              0.0012436,              0.0012436
                    194,                0.62219,                 2.2369,                0.40129,                 0.3792,                0.90184,                0.98368,                      1,                  0.995,                 0.8257,                0.98368,                      1,                  0.995,                0.78544,                0.74184,                0.85066,                0.28077,                0.39534,                0.76896,              0.0012397,              0.0012397,              0.0012397
                    195,                0.63416,                 1.8498,                0.39025,                0.45025,                0.88984,                0.98519,                      1,                  0.995,                0.82079,                0.98519,                      1,                  0.995,                0.77804,                0.68902,                0.95747,                0.27791,                0.33108,                0.74036,              0.0012357,              0.0012357,              0.0012357
                    196,                0.60019,                 1.8191,                0.38683,                0.39356,                0.89695,                0.98547,                      1,                  0.995,                 0.8955,                0.98547,                      1,                  0.995,                0.78267,                0.56057,                 0.8061,                0.28311,                0.31225,                0.69658,              0.0012318,              0.0012318,              0.0012318
                    197,                0.60414,                 1.7537,                0.40616,                0.39882,                 0.8869,                0.98574,                      1,                  0.995,                 0.8955,                0.98574,                      1,                  0.995,                0.78267,                0.57269,                0.77417,                0.28595,                0.30329,                0.68723,              0.0012278,              0.0012278,              0.0012278
                    198,                0.57234,                 1.7424,                0.37555,                0.39675,                  0.918,                  0.986,                      1,                  0.995,                0.85524,                  0.986,                      1,                  0.995,                0.77059,                0.57682,                0.84747,                0.28791,                 0.3026,                0.67929,              0.0012238,              0.0012238,              0.0012238
                    199,                0.61938,                 1.6156,                0.43735,                0.40209,                0.90931,                      1,                      1,                  0.995,                0.91828,                      1,                      1,                  0.995,                0.78544,                0.51555,                0.83265,                0.28234,                0.28036,                0.67043,              0.0012199,              0.0012199,              0.0012199
                    200,                0.61335,                 1.8059,                0.41257,                  0.387,                0.88571,                0.98538,                      1,                  0.995,                 0.8955,                0.98538,                      1,                  0.995,                 0.7743,                0.57109,                0.85515,                0.28229,                0.27853,                0.70352,              0.0012159,              0.0012159,              0.0012159
                    201,                0.67979,                 1.9618,                 0.3831,                0.45379,                0.93687,                0.98504,                      1,                  0.995,                 0.8955,                0.98504,                      1,                  0.995,                0.72989,                0.60424,                0.99977,                0.27987,                0.30197,                0.70397,               0.001212,               0.001212,               0.001212
                    202,                0.61651,                 2.0195,                0.40713,                0.41991,                0.95053,                0.98371,                      1,                  0.995,                0.85711,                0.98371,                      1,                  0.995,                0.81269,                0.64887,                0.93751,                0.28777,                 0.3295,                0.73383,               0.001208,               0.001208,               0.001208
                    203,                 0.5792,                 1.9874,                0.39553,                0.41929,                 0.8862,                0.98474,                      1,                  0.995,                 0.8955,                0.98474,                      1,                  0.995,                0.84055,                0.61464,                0.77327,                0.28762,                0.31619,                0.71222,               0.001204,               0.001204,               0.001204
                    204,                0.59297,                  2.361,                0.37323,                0.40656,                0.89712,                0.98586,                      1,                  0.995,                 0.8955,                0.98586,                      1,                  0.995,                 0.6915,                0.62657,                 1.0291,                0.28559,                0.33115,                0.69789,              0.0012001,              0.0012001,              0.0012001
                    205,                0.60156,                 2.0113,                0.41397,                0.39608,                0.92871,                      1,                      1,                  0.995,                0.86272,                      1,                      1,                  0.995,                0.76316,                0.65148,                0.91048,                0.28822,                0.26888,                0.70951,              0.0011961,              0.0011961,              0.0011961
                    206,                0.60063,                 1.9405,                0.38502,                0.39628,                0.91958,                0.98583,                      1,                  0.995,                0.85711,                0.98583,                      1,                  0.995,                  0.791,                0.68526,                0.70377,                0.28591,                0.28648,                 0.7557,              0.0011922,              0.0011922,              0.0011922
                    207,                0.59306,                 1.9484,                 0.3895,                0.40097,                0.90751,                0.98597,                      1,                  0.995,                0.81269,                0.98597,                      1,                  0.995,                0.82939,                  0.702,                0.70447,                0.28812,                0.30668,                0.77702,              0.0011882,              0.0011882,              0.0011882
                    208,                 0.5535,                 1.7061,                0.37603,                0.36636,                0.87621,                0.98548,                      1,                  0.995,                 0.8955,                0.98548,                      1,                  0.995,                0.78683,                0.63324,                0.92001,                0.29152,                0.35732,                 0.7364,              0.0011842,              0.0011842,              0.0011842
                    209,                0.53619,                 1.6973,                0.38748,                0.38198,                0.86948,                0.98597,                      1,                  0.995,                 0.8955,                0.98597,                      1,                  0.995,                0.82939,                0.55287,                0.85334,                0.29066,                0.35878,                0.69207,              0.0011803,              0.0011803,              0.0011803
                    210,                0.56582,                 1.9813,                0.40022,                0.39266,                0.87818,                0.98546,                      1,                  0.995,                0.88667,                0.98546,                      1,                  0.995,                0.77059,                0.52186,                0.96321,                0.28605,                0.27217,                0.68517,              0.0011763,              0.0011763,              0.0011763
                    211,                0.62733,                 2.1076,                  0.398,                0.39951,                0.92364,                0.98527,                      1,                  0.995,                 0.8955,                0.98527,                      1,                  0.995,                  0.791,                0.55065,                0.88248,                0.28231,                 0.2688,                0.70865,              0.0011724,              0.0011724,              0.0011724
                    212,                0.60297,                 1.8375,                 0.3706,                0.39705,                 0.9265,                0.98541,                      1,                  0.995,                 0.8955,                0.98541,                      1,                  0.995,                0.69752,                 0.5269,                  1.041,                 0.2806,                0.28503,                0.68491,              0.0011684,              0.0011684,              0.0011684
                    213,                0.56815,                  1.802,                0.37701,                0.37971,                 0.9059,                0.98549,                      1,                  0.995,                 0.8955,                0.98549,                      1,                  0.995,                0.69752,                0.51646,                0.98924,                0.28015,                0.28222,                0.68366,              0.0011644,              0.0011644,              0.0011644
                    214,                0.58837,                 1.7256,                0.34823,                0.38616,                0.88684,                0.98559,                      1,                  0.995,                 0.8955,                0.98559,                      1,                  0.995,                  0.791,                0.51281,                0.87609,                0.27766,                0.25666,                0.68675,              0.0011605,              0.0011605,              0.0011605
                    215,                0.63125,                 2.2584,                 0.4133,                  0.436,                0.94333,                0.98598,                      1,                  0.995,                0.91219,                0.98598,                      1,                  0.995,                0.72989,                0.48529,                0.89857,                0.28034,                0.24044,                0.67389,              0.0011565,              0.0011565,              0.0011565
                    216,                 0.5456,                  1.848,                0.38855,                0.38467,                 0.9204,                0.98581,                      1,                  0.995,                0.86264,                0.98581,                      1,                  0.995,                0.74644,                0.55829,                0.91496,                 0.2799,                  0.252,                0.69203,              0.0011526,              0.0011526,              0.0011526
                    217,                0.51867,                 1.6141,                0.34075,                0.94526,                 0.7529,                0.98577,                      1,                  0.995,                0.87937,                0.98577,                      1,                  0.995,                0.82433,                0.62322,                0.68834,                0.27785,                0.24702,                 0.7064,              0.0011486,              0.0011486,              0.0011486
                    218,                0.66433,                 2.2379,                0.40278,                0.42238,                 0.8983,                 0.9855,                      1,                  0.995,                 0.8955,                 0.9855,                      1,                  0.995,                0.76314,                0.60203,                0.89069,                0.27412,                0.25537,                0.70243,              0.0011446,              0.0011446,              0.0011446
                    219,                0.59353,                 1.8717,                0.37273,                0.38197,                0.88684,                0.98337,                      1,                  0.995,                0.95521,                0.98337,                      1,                  0.995,                0.83779,                0.45406,                0.69012,                0.27334,                0.24734,                0.65413,              0.0011407,              0.0011407,              0.0011407
                    220,                0.58428,                 1.6594,                0.37193,                0.36385,                0.89711,                0.74445,                      1,                  0.995,                 0.8955,                0.74445,                      1,                  0.995,                 0.8169,                0.46599,                0.93491,                0.27517,                0.43801,                0.65551,              0.0011367,              0.0011367,              0.0011367
                    221,                0.58691,                 2.2696,                0.36156,                0.39313,                0.91516,                 0.7412,                      1,                0.74625,                0.68486,                 0.7412,                      1,                0.74625,                0.60745,                0.48947,                0.94506,                0.27546,                0.52546,                0.66853,              0.0011328,              0.0011328,              0.0011328
                    222,                0.57347,                 1.7778,                0.38804,                0.37063,                0.87045,                0.77253,                      1,                  0.995,                0.90998,                0.77253,                      1,                  0.995,                 0.7401,                0.60175,                0.84733,                0.27715,                0.43591,                0.71543,              0.0011288,              0.0011288,              0.0011288
                    223,                0.55709,                 1.7117,                 0.3813,                 0.3598,                0.88839,                0.96026,                      1,                  0.995,                0.90922,                0.96026,                      1,                  0.995,                0.77086,                  0.568,                0.95196,                 0.2788,                0.33979,                0.70212,              0.0011248,              0.0011248,              0.0011248
                    224,                0.55892,                 1.8983,                0.38623,                0.38961,                0.89191,                0.98569,                      1,                  0.995,                 0.8955,                0.98569,                      1,                  0.995,                 0.7715,                0.57029,                0.85231,                 0.2787,                0.29249,                0.70747,              0.0011209,              0.0011209,              0.0011209
                    225,                0.59371,                 2.2282,                0.39044,                0.38109,                0.91569,                0.98527,                      1,                  0.995,                 0.8955,                0.98527,                      1,                  0.995,                 0.6924,                0.58943,                 1.0734,                 0.2797,                0.29229,                0.71664,              0.0011169,              0.0011169,              0.0011169
                    226,                0.53009,                 1.9415,                0.37503,                0.35311,                0.85203,                0.98609,                      1,                  0.995,                 0.8955,                0.98609,                      1,                  0.995,                0.77152,                0.58317,                 1.0539,                0.28159,                0.27796,                0.70263,               0.001113,               0.001113,               0.001113
                    227,                 0.5587,                 2.0619,                0.37696,                 0.3877,                0.90524,                0.98614,                      1,                  0.995,                 0.8955,                0.98614,                      1,                  0.995,                0.76035,                0.56829,                0.87705,                0.27672,                 0.2876,                 0.7024,               0.001109,               0.001109,               0.001109
                    228,                0.64268,                 1.6548,                 0.3882,                0.45866,                0.90562,                0.98575,                      1,                  0.995,                 0.8955,                0.98575,                      1,                  0.995,                0.81872,                0.64787,                0.94031,                0.27119,                0.31167,                0.73969,               0.001105,               0.001105,               0.001105
                    229,                 0.5652,                 1.8925,                 0.3747,                0.36294,                0.88306,                0.98587,                      1,                  0.995,                0.85524,                0.98587,                      1,                  0.995,                0.81498,                0.67068,                0.90175,                0.27162,                0.29413,                0.74281,              0.0011011,              0.0011011,              0.0011011
                    230,                0.57371,                  2.244,                0.37492,                0.38354,                0.90841,                0.98591,                      1,                  0.995,                0.85631,                0.98591,                      1,                  0.995,                 0.6965,                0.62766,                 1.3245,                 0.2778,                0.29156,                0.73334,              0.0010971,              0.0010971,              0.0010971
                    231,                 0.5664,                 1.6666,                0.38632,                0.38799,                0.89848,                0.98572,                      1,                  0.995,                 0.8955,                0.98572,                      1,                  0.995,                0.81269,                0.62066,                0.79187,                0.27747,                0.31842,                0.71438,              0.0010932,              0.0010932,              0.0010932
                    232,                0.55708,                 1.8437,                0.39571,                0.38406,                0.88935,                0.98594,                      1,                  0.995,                0.85711,                0.98594,                      1,                  0.995,                 0.7743,                0.58238,                0.84459,                0.27277,                0.27515,                 0.7015,              0.0010892,              0.0010892,              0.0010892
                    233,                 0.5931,                 2.0169,                0.38123,                0.39252,                0.90349,                0.98608,                      1,                  0.995,                 0.8955,                0.98608,                      1,                  0.995,                0.83492,                0.55206,                0.77677,                0.27093,                0.23943,                0.70105,              0.0010852,              0.0010852,              0.0010852
                    234,                0.53828,                 1.8062,                0.36536,                0.34329,                0.90006,                      1,                      1,                  0.995,                 0.8955,                      1,                      1,                  0.995,                0.84044,                0.54474,                0.77389,                0.27061,                0.25763,                0.69057,              0.0010813,              0.0010813,              0.0010813
                    235,                0.51724,                 1.7285,                0.38022,                0.34691,                0.88639,                      1,                      1,                  0.995,                 0.8955,                      1,                      1,                  0.995,                0.78544,                0.56259,                0.86542,                0.27208,                0.24364,                0.69007,              0.0010773,              0.0010773,              0.0010773
                    236,                0.51088,                 1.5497,                0.31967,                 1.3057,                0.75002,                      1,                      1,                  0.995,                0.91772,                      1,                      1,                  0.995,                0.78544,                0.51542,                0.83783,                0.27392,                0.27725,                0.67896,              0.0010734,              0.0010734,              0.0010734
                    237,                  0.562,                 1.6411,                0.37013,                0.39584,                0.87009,                      1,                      1,                  0.995,                 0.8955,                      1,                      1,                  0.995,                0.78544,                 0.4805,                0.82643,                0.27058,                0.27931,                0.65977,              0.0010694,              0.0010694,              0.0010694
                    238,                0.56245,                 2.0765,                0.40512,                0.44575,                0.88503,                0.98596,                      1,                  0.995,                 0.8955,                0.98596,                      1,                  0.995,                0.78816,                0.52145,                0.83702,                0.27055,                0.27235,                0.68004,              0.0010654,              0.0010654,              0.0010654
                    239,                0.56891,                 2.0118,                0.39356,                0.43871,                0.88578,                0.98604,                      1,                  0.995,                0.81269,                0.98604,                      1,                  0.995,                0.77983,                 0.6111,                0.83072,                0.26926,                0.36417,                0.71033,              0.0010615,              0.0010615,              0.0010615
                    240,                0.54293,                 1.8081,                0.33841,                0.41387,                 0.9041,                0.98583,                      1,                  0.995,                0.82662,                0.98583,                      1,                  0.995,                0.70939,                0.62892,                0.88318,                0.27491,                0.36956,                0.71121,              0.0010575,              0.0010575,              0.0010575
                    241,                0.54587,                 1.8526,                0.38223,                0.38143,                0.89074,                0.98489,                      1,                  0.995,                0.82939,                0.98489,                      1,                  0.995,                0.71358,                 0.6196,                0.87097,                 0.2771,                0.34374,                 0.7109,              0.0010536,              0.0010536,              0.0010536
                    242,                0.58123,                  1.795,                0.37679,                0.43298,                  0.878,                0.98539,                      1,                  0.995,                0.82307,                0.98539,                      1,                  0.995,                0.70401,                0.60414,                0.88325,                0.27394,                 0.3257,                0.71226,              0.0010496,              0.0010496,              0.0010496
                    243,                0.59413,                 2.3838,                0.40136,                 0.3889,                 1.0213,                0.98574,                      1,                  0.995,                 0.8955,                0.98574,                      1,                  0.995,                0.71358,                0.48791,                0.85961,                0.27095,                0.36209,                0.67403,              0.0010456,              0.0010456,              0.0010456
                    244,                0.54904,                  1.762,                0.38437,                0.38412,                0.92146,                      1,                      1,                  0.995,                0.95144,                      1,                      1,                  0.995,                0.82994,                0.47003,                0.90932,                0.27018,                0.27957,                0.65456,              0.0010417,              0.0010417,              0.0010417
                    245,                0.58052,                 1.8237,                0.40783,                0.38631,                0.91163,                      1,                      1,                  0.995,                0.94006,                      1,                      1,                  0.995,                0.82994,                0.45469,                0.82056,                0.27056,                0.24595,                0.65046,              0.0010377,              0.0010377,              0.0010377
                    246,                0.54329,                 1.9718,                0.39145,                 0.3898,                0.89771,                      1,                      1,                  0.995,                 0.8955,                      1,                      1,                  0.995,                0.82994,                0.49151,                0.83053,                  0.271,                0.23835,                0.67714,              0.0010338,              0.0010338,              0.0010338
                    247,                0.53216,                 1.8215,                0.33785,                0.37668,                0.93758,                0.98591,                      1,                  0.995,                0.85711,                0.98591,                      1,                  0.995,                 0.7743,                0.64049,                0.82685,                  0.276,                0.28384,                 0.7233,              0.0010298,              0.0010298,              0.0010298
                    248,                0.53458,                 1.6489,                0.37275,                0.35586,                0.87147,                0.98596,                      1,                  0.995,                0.81546,                0.98596,                      1,                  0.995,                0.76042,                0.73313,                  1.037,                0.28276,                0.29396,                0.76627,              0.0010258,              0.0010258,              0.0010258
                    249,                0.56964,                 1.8569,                0.37622,                0.38665,                0.87222,                0.98614,                      1,                  0.995,                 0.8955,                0.98614,                      1,                  0.995,                0.76042,                 0.6655,                 1.0171,                0.28283,                0.30905,                0.75103,              0.0010219,              0.0010219,              0.0010219
                    250,                0.58377,                 1.8812,                0.37056,                0.38616,                0.89777,                0.98622,                      1,                  0.995,                 0.8955,                0.98622,                      1,                  0.995,                0.76924,                0.55743,                0.88392,                0.27719,                0.32134,                0.71152,              0.0010179,              0.0010179,              0.0010179
                    251,                0.58578,                 1.7334,                0.38613,                0.39666,                0.89763,                0.98403,                      1,                  0.995,                0.90435,                0.98403,                      1,                  0.995,                0.77152,                0.53867,                0.78664,                0.27247,                0.33366,                 0.6873,               0.001014,               0.001014,               0.001014
                    252,                0.56187,                 1.5464,                0.37841,                0.37463,                 0.9021,                0.97616,                      1,                  0.995,                0.93741,                0.97616,                      1,                  0.995,                0.78683,                 0.5342,                0.74425,                0.27486,                0.41177,                0.68662,                0.00101,                0.00101,                0.00101
                    253,                0.58703,                 1.8005,                0.35781,                  0.359,                0.89162,                0.97283,                      1,                  0.995,                0.93315,                0.97283,                      1,                  0.995,                0.78683,                0.53077,                 0.7651,                0.27676,                0.44186,                0.68554,               0.001006,               0.001006,               0.001006
                    254,                0.56747,                 1.8048,                0.38012,                0.38185,                0.90541,                0.97779,                      1,                  0.995,                0.90714,                0.97779,                      1,                  0.995,                 0.7743,                0.55003,                0.87587,                0.27811,                0.34942,                0.69843,              0.0010021,              0.0010021,              0.0010021
                    255,                0.53672,                 1.7043,                0.43534,                0.37375,                0.87273,                 0.9859,                      1,                  0.995,                0.90714,                 0.9859,                      1,                  0.995,                 0.7743,                0.52482,                 1.0011,                0.27656,                0.21721,                0.68614,             0.00099812,             0.00099812,             0.00099812
                    256,                 0.5429,                 1.4607,                 0.3548,                0.35994,                0.87495,                      1,                      1,                  0.995,                0.94006,                      1,                      1,                  0.995,                0.81822,                0.48475,                0.98433,                0.27951,                0.21358,                 0.6654,             0.00099416,             0.00099416,             0.00099416
                    257,                 0.5712,                 1.8482,                0.38992,                0.39921,                0.87901,                0.98588,                      1,                  0.995,                0.93453,                0.98588,                      1,                  0.995,                0.81269,                 0.4715,                0.90846,                0.28083,                0.21303,                0.66041,              0.0009902,              0.0009902,              0.0009902
                    258,                 0.5455,                   1.57,                0.35859,                0.37759,                0.89158,                0.98543,                      1,                  0.995,                0.93453,                0.98543,                      1,                  0.995,                0.81269,                 0.4617,                0.84252,                0.27667,                0.25079,                  0.656,             0.00098624,             0.00098624,             0.00098624
                    259,                0.54755,                 1.3987,                0.35751,                 0.3563,                0.89029,                0.98519,                      1,                  0.995,                 0.8955,                0.98519,                      1,                  0.995,                0.74644,                0.49955,                0.86303,                0.27472,                0.26179,                0.66594,             0.00098228,             0.00098228,             0.00098228
                    260,                 0.5923,                 1.9131,                 0.4136,                0.40068,                0.89893,                0.98531,                      1,                  0.995,                 0.8955,                0.98531,                      1,                  0.995,                0.76872,                0.58044,                 0.7849,                0.27489,                0.28713,                0.68858,             0.00097832,             0.00097832,             0.00097832
                    261,                0.51421,                 1.7458,                0.35472,                0.35523,                0.89433,                0.98558,                      1,                  0.995,                0.84454,                0.98558,                      1,                  0.995,                0.76594,                0.63426,                0.76891,                 0.2744,                0.29306,                0.70848,             0.00097436,             0.00097436,             0.00097436
                    262,                0.56141,                 1.6258,                0.37196,                0.36991,                0.87844,                0.98582,                      1,                  0.995,                0.85524,                0.98582,                      1,                  0.995,                0.74518,                0.65105,                0.76628,                0.26951,                0.30868,                0.71398,              0.0009704,              0.0009704,              0.0009704
                    263,                0.53912,                 1.6281,                0.36499,                0.36056,                0.87537,                0.98576,                      1,                  0.995,                 0.8955,                0.98576,                      1,                  0.995,                0.78544,                0.60821,                0.73106,                0.26711,                0.28791,                0.69773,             0.00096644,             0.00096644,             0.00096644
                    264,                0.60062,                  1.599,                0.34519,                0.40111,                0.88655,                0.98568,                      1,                  0.995,                0.83365,                0.98568,                      1,                  0.995,                0.78683,                0.61418,                0.80402,                0.26219,                  0.261,                0.71372,             0.00096248,             0.00096248,             0.00096248
                    265,                0.54558,                  1.572,                0.36009,                0.37242,                 0.8749,                0.98576,                      1,                  0.995,                0.83503,                0.98576,                      1,                  0.995,                0.83541,                0.61441,                0.73663,                0.26169,                0.27789,                0.71471,             0.00095852,             0.00095852,             0.00095852
                    266,                0.58756,                 1.5689,                0.37111,                0.36395,                0.90428,                0.98604,                      1,                  0.995,                0.86923,                0.98604,                      1,                  0.995,                0.79433,                0.58591,                  0.693,                0.26172,                0.27646,                0.69202,             0.00095456,             0.00095456,             0.00095456
                    267,                0.54973,                 1.5341,                0.35685,                0.38166,                 0.8745,                      1,                      1,                  0.995,                 0.8955,                      1,                      1,                  0.995,                0.77488,                 0.5654,                0.77661,                0.26214,                0.27146,                0.68338,              0.0009506,              0.0009506,              0.0009506
                    268,                0.49802,                 1.3992,                 0.3594,                0.32593,                 0.8578,                      1,                      1,                  0.995,                 0.8955,                      1,                      1,                  0.995,                0.78544,                0.53025,                0.79447,                0.26155,                0.24929,                0.67074,             0.00094664,             0.00094664,             0.00094664
                    269,                0.52962,                 1.7751,                0.36054,                0.37682,                0.87127,                      1,                      1,                  0.995,                 0.8955,                      1,                      1,                  0.995,                0.78544,                0.52391,                0.79092,                0.26192,                0.23458,                 0.6693,             0.00094268,             0.00094268,             0.00094268
                    270,                0.52209,                  2.074,                0.39452,                0.34562,                0.87617,                      1,                      1,                  0.995,                 0.8955,                      1,                      1,                  0.995,                0.78544,                0.54528,                0.79563,                0.26313,                0.23382,                0.68031,             0.00093872,             0.00093872,             0.00093872
                    271,                0.54541,                 2.1087,                0.36279,                0.37477,                0.91426,                      1,                      1,                  0.995,                0.88494,                      1,                      1,                  0.995,                0.74094,                0.61374,                0.84215,                0.26741,                 0.2798,                0.71054,             0.00093476,             0.00093476,             0.00093476
                    272,                0.52436,                  1.642,                0.35613,                0.34168,                0.86092,                      1,                      1,                  0.995,                 0.8955,                      1,                      1,                  0.995,                0.77427,                0.56775,                0.77298,                 0.2605,                0.23704,                0.70834,              0.0009308,              0.0009308,              0.0009308
                    273,                0.57853,                 1.9647,                0.39665,                0.36486,                 0.8723,                      1,                      1,                  0.995,                 0.8955,                      1,                      1,                  0.995,                0.77427,                0.52233,                0.76648,                0.25921,                0.22681,                0.70269,             0.00092684,             0.00092684,             0.00092684
                    274,                 0.5854,                 2.1308,                0.36826,                0.39983,                0.93264,                0.98606,                      1,                  0.995,                0.92054,                0.98606,                      1,                  0.995,                0.81546,                0.48377,                0.72276,                0.25763,                0.22774,                0.68247,             0.00092288,             0.00092288,             0.00092288
                    275,                0.56075,                 1.5668,                0.36779,                0.34778,                0.86464,                      1,                      1,                  0.995,                0.91772,                      1,                      1,                  0.995,                0.78588,                0.66962,                 0.8316,                0.26078,                 0.3446,                0.72105,             0.00091892,             0.00091892,             0.00091892
                    276,                0.53223,                 1.7314,                0.36078,                0.34351,                0.85869,                      1,                      1,                  0.995,                0.91772,                      1,                      1,                  0.995,                 0.7965,                0.67246,                0.76756,                0.25878,                0.34123,                0.70937,             0.00091496,             0.00091496,             0.00091496
                    277,                0.56003,                 1.6514,                0.33562,                0.38019,                0.88767,                      1,                      1,                  0.995,                0.91772,                      1,                      1,                  0.995,                0.75255,                0.67281,                0.81743,                0.25866,                0.35774,                0.70169,               0.000911,               0.000911,               0.000911
                    278,                0.58567,                 1.9866,                0.36801,                 0.3883,                0.90424,                      1,                      1,                  0.995,                0.81822,                      1,                      1,                  0.995,                0.73033,                0.73101,                0.89678,                0.26281,                0.36893,                0.72837,             0.00090704,             0.00090704,             0.00090704
                    279,                0.53656,                 1.9466,                0.39194,                  0.369,                0.90181,                      1,                      1,                  0.995,                 0.8955,                      1,                      1,                  0.995,                0.76316,                0.67674,                0.79185,                0.25715,                0.28474,                0.71768,             0.00090308,             0.00090308,             0.00090308
                    280,                0.53766,                 1.8223,                0.38906,                0.34964,                 0.8839,                0.98614,                      1,                  0.995,                 0.8955,                0.98614,                      1,                  0.995,                0.82939,                0.61397,                0.76523,                 0.2604,                0.27488,                0.69533,             0.00089912,             0.00089912,             0.00089912
                    281,                0.52731,                 1.4498,                0.34339,                0.35976,                0.86175,                0.98619,                      1,                  0.995,                 0.8955,                0.98619,                      1,                  0.995,                0.82939,                0.61247,                0.75983,                0.26007,                0.28218,                0.70588,             0.00089516,             0.00089516,             0.00089516
                    282,                0.52604,                 1.6544,                0.34044,                0.35422,                0.87059,                0.98629,                      1,                  0.995,                0.91778,                0.98629,                      1,                  0.995,                0.82939,                0.55333,                0.76863,                 0.2656,                0.26113,                0.70642,              0.0008912,              0.0008912,              0.0008912
                    283,                0.54302,                 1.6177,                0.34305,                0.37159,                0.86911,                 0.9864,                      1,                  0.995,                 0.8955,                 0.9864,                      1,                  0.995,                0.76035,                0.54313,                0.81802,                0.27629,                0.25074,                0.69664,             0.00088724,             0.00088724,             0.00088724
                    284,                0.49655,                 1.5809,                0.35694,                0.34963,                0.85302,                0.98613,                      1,                  0.995,                0.85711,                0.98613,                      1,                  0.995,                0.82939,                0.61687,                0.68807,                0.27899,                0.30764,                0.72085,             0.00088328,             0.00088328,             0.00088328
                    285,                0.50336,                 1.5985,                0.37234,                0.35538,                0.86557,                0.98608,                      1,                  0.995,                0.81269,                0.98608,                      1,                  0.995,                0.82939,                0.64825,                0.64011,                0.27622,                0.30696,                0.73765,             0.00087932,             0.00087932,             0.00087932
                    286,                0.49603,                 1.7717,                0.33672,                0.35716,                0.86284,                0.98622,                      1,                  0.995,                 0.8138,                0.98622,                      1,                  0.995,                 0.8316,                0.64452,                0.63791,                0.26904,                 0.3123,                0.74638,             0.00087536,             0.00087536,             0.00087536
                    287,                0.53475,                   1.37,                0.33457,                0.34987,                0.86318,                      1,                      1,                  0.995,                 0.8955,                      1,                      1,                  0.995,                0.84044,                0.49785,                0.64955,                0.26818,                 0.2629,                 0.6814,              0.0008714,              0.0008714,              0.0008714
                    288,                0.49508,                 1.3179,                0.32672,                0.33576,                0.88612,                0.98646,                      1,                  0.995,                0.91526,                0.98646,                      1,                  0.995,                0.84339,                0.44232,                0.65398,                 0.2687,                 0.2234,                0.65712,             0.00086744,             0.00086744,             0.00086744
                    289,                0.46631,                 1.6705,                 0.3547,                0.33799,                0.86627,                0.98637,                      1,                  0.995,                 0.9148,                0.98637,                      1,                  0.995,                0.84292,                0.42278,                0.68478,                0.26816,                0.21625,                0.64364,             0.00086348,             0.00086348,             0.00086348
                    290,                0.53658,                 1.6571,                0.33444,                0.38079,                0.88207,                0.98606,                      1,                  0.995,                0.91778,                0.98606,                      1,                  0.995,                0.79639,                 0.4227,                 0.7458,                0.26359,                0.24969,                0.65054,             0.00085952,             0.00085952,             0.00085952
                    291,                0.52151,                  1.586,                0.37786,                0.35032,                0.84774,                0.98423,                      1,                  0.995,                0.91778,                0.98423,                      1,                  0.995,                0.84594,                0.49044,                0.83225,                0.26835,                0.28299,                0.67116,             0.00085556,             0.00085556,             0.00085556
                    292,                0.57759,                 1.5418,                0.39939,                0.36447,                0.90909,                0.98277,                      1,                  0.995,                 0.8955,                0.98277,                      1,                  0.995,                0.77567,                0.55029,                0.73343,                0.27293,                0.29924,                0.69988,              0.0008516,              0.0008516,              0.0008516
                    293,                0.58138,                 1.9958,                0.35583,                0.39116,                0.89002,                0.98329,                      1,                  0.995,                 0.9164,                0.98329,                      1,                  0.995,                0.77567,                0.53238,                0.73821,                  0.274,                0.28139,                0.69378,             0.00084764,             0.00084764,             0.00084764
                    294,                0.52497,                 1.4267,                0.33871,                0.33324,                0.87628,                0.98568,                      1,                  0.995,                 0.8955,                0.98568,                      1,                  0.995,                0.77745,                0.49965,                0.74841,                0.27017,                0.21085,                0.69717,             0.00084368,             0.00084368,             0.00084368
                    295,                0.49792,                 1.8032,                0.37152,                0.33143,                0.87338,                      1,                      1,                  0.995,                 0.8955,                      1,                      1,                  0.995,                 0.7965,                0.52357,                0.77412,                0.26523,                0.21702,                0.71129,             0.00083972,             0.00083972,             0.00083972
                    296,                0.52048,                 1.5797,                0.35472,                0.34273,                0.88433,                      1,                      1,                  0.995,                 0.8955,                      1,                      1,                  0.995,                 0.7965,                0.49816,                0.71634,                0.26754,                0.22488,                0.69615,             0.00083576,             0.00083576,             0.00083576
                    297,                0.57146,                 2.4286,                 0.3722,                0.78834,                0.89022,                      1,                      1,                  0.995,                 0.8955,                      1,                      1,                  0.995,                 0.7965,                0.47513,                0.77588,                0.26796,                0.22323,                0.68557,              0.0008318,              0.0008318,              0.0008318
                    298,                0.52808,                 1.9176,                 0.3677,                 0.3586,                0.86979,                      1,                      1,                  0.995,                 0.8955,                      1,                      1,                  0.995,                0.78544,                0.50109,                 0.8247,                0.26238,                0.22348,                0.70132,             0.00082784,             0.00082784,             0.00082784
                    299,                0.50196,                 2.1652,                 0.3721,                0.34573,                 0.8545,                      1,                      1,                  0.995,                0.94006,                      1,                      1,                  0.995,                0.80766,                0.46465,                0.77543,                0.26143,                0.22961,                 0.6917,             0.00082388,             0.00082388,             0.00082388
                    300,                 0.5705,                 1.5568,                 0.3329,                0.39298,                0.91717,                      1,                      1,                  0.995,                 0.8955,                      1,                      1,                  0.995,                 0.7965,                0.54002,                0.78226,                0.26207,                0.28362,                0.69222,             0.00081992,             0.00081992,             0.00081992
                    301,                0.53366,                 1.3585,                0.33209,                0.36742,                0.85947,                      1,                      1,                  0.995,                 0.8955,                      1,                      1,                  0.995,                0.74094,                0.62339,                 0.8782,                0.26628,                0.29157,                0.71538,             0.00081596,             0.00081596,             0.00081596
                    302,                0.48938,                 1.4716,                0.34335,                0.31612,                0.86957,                      1,                      1,                  0.995,                0.86272,                      1,                      1,                  0.995,                0.74094,                0.67607,                0.94825,                0.27411,                0.27112,                 0.7262,               0.000812,               0.000812,               0.000812
                    303,                0.51723,                 1.6325,                0.34624,                0.33833,                0.84375,                      1,                      1,                  0.995,                0.86272,                      1,                      1,                  0.995,                0.81822,                0.59382,                0.81756,                0.27119,                0.26024,                0.69187,             0.00080804,             0.00080804,             0.00080804
                    304,                0.46754,                 1.2084,                0.33427,                0.31266,                0.86019,                      1,                      1,                  0.995,                0.91772,                      1,                      1,                  0.995,                0.80766,                0.58298,                0.80096,                 0.2671,                0.26362,                0.71445,             0.00080408,             0.00080408,             0.00080408
                    305,                0.47628,                 1.6511,                0.33193,                0.33801,                0.86419,                      1,                      1,                  0.995,                 0.8955,                      1,                      1,                  0.995,                0.80766,                0.57339,                0.85233,                0.26636,                0.26591,                0.71612,             0.00080012,             0.00080012,             0.00080012
                    306,                0.47874,                 1.3288,                0.34938,                0.32132,                0.86825,                0.98581,                      1,                  0.995,                0.91219,                0.98581,                      1,                  0.995,                0.77983,                0.48991,                0.82767,                0.26778,                0.23285,                0.68845,             0.00079616,             0.00079616,             0.00079616
                    307,                0.51892,                 1.5973,                0.34695,                0.33643,                0.87811,                0.98524,                      1,                  0.995,                0.91219,                0.98524,                      1,                  0.995,                0.82939,                0.47686,                0.72615,                0.26851,                0.24272,                0.69139,              0.0007922,              0.0007922,              0.0007922
                    308,                0.49202,                 1.2573,                0.33483,                0.35009,                0.86128,                0.98542,                      1,                  0.995,                0.91219,                0.98542,                      1,                  0.995,                0.82939,                0.49355,                0.69206,                0.27009,                0.23851,                0.68634,             0.00078824,             0.00078824,             0.00078824
                    309,                0.49586,                 1.6892,                0.35774,                0.33869,                 0.8632,                0.98557,                      1,                  0.995,                 0.8955,                0.98557,                      1,                  0.995,                0.86264,                0.50009,                0.68535,                0.27054,                0.24101,                0.68147,             0.00078428,             0.00078428,             0.00078428
                    310,                0.47588,                 1.5722,                0.37309,                0.32745,                0.88051,                      1,                      1,                  0.995,                 0.8955,                      1,                      1,                  0.995,                0.87377,                0.53091,                0.68956,                0.27217,                0.27181,                0.68991,             0.00078032,             0.00078032,             0.00078032
                    311,                0.49024,                 1.4477,                0.33762,                0.32727,                0.87377,                      1,                      1,                  0.995,                 0.8955,                      1,                      1,                  0.995,                0.85155,                0.54616,                0.68801,                0.27612,                0.28611,                0.70127,             0.00077636,             0.00077636,             0.00077636
                    312,                0.55445,                 1.4821,                0.33384,                 0.3626,                0.90113,                      1,                      1,                  0.995,                0.91772,                      1,                      1,                  0.995,                0.81822,                0.51251,                0.79979,                0.27269,                0.29455,                0.68128,              0.0007724,              0.0007724,              0.0007724
                    313,                0.48741,                 1.4913,                0.33681,                0.33415,                0.86444,                      1,                      1,                  0.995,                0.91772,                      1,                      1,                  0.995,                0.87377,                0.51022,                0.76323,                 0.2744,                0.28884,                0.67679,             0.00076844,             0.00076844,             0.00076844
                    314,                0.46969,                  1.502,                0.36198,                0.32831,                0.85626,                      1,                      1,                  0.995,                 0.8955,                      1,                      1,                  0.995,                0.84044,                0.51111,                0.71304,                0.27578,                0.23186,                0.68252,             0.00076448,             0.00076448,             0.00076448
                    315,                0.52523,                 1.6026,                0.32341,                0.32877,                0.88198,                0.98576,                      1,                  0.995,                 0.8955,                0.98576,                      1,                  0.995,                0.86486,                0.53052,                0.73549,                0.27584,                0.23008,                 0.6936,             0.00076052,             0.00076052,             0.00076052
                    316,                0.51341,                 1.6471,                0.35007,                0.34897,                0.87885,                0.98549,                      1,                  0.995,                 0.8955,                0.98549,                      1,                  0.995,                0.86486,                0.54994,                0.62136,                0.27206,                0.26053,                0.69592,             0.00075656,             0.00075656,             0.00075656
                    317,                0.50997,                  1.728,                0.32921,                0.32154,                0.89741,                      1,                      1,                  0.995,                0.91772,                      1,                      1,                  0.995,                0.87377,                0.53878,                0.64184,                0.26918,                0.27817,                0.69473,              0.0007526,              0.0007526,              0.0007526
                    318,                0.51254,                 1.1806,                0.30045,                0.34639,                0.90602,                      1,                      1,                  0.995,                0.85161,                      1,                      1,                  0.995,                0.77986,                0.66694,                 0.7639,                0.27456,                0.33658,                0.73547,             0.00074864,             0.00074864,             0.00074864
                    319,                0.49233,                 1.6919,                  0.367,                0.33993,                 0.8619,                0.98612,                      1,                  0.995,                0.84608,                0.98612,                      1,                  0.995,                 0.7025,                0.63708,                0.90302,                0.27435,                 0.3217,                0.72063,             0.00074468,             0.00074468,             0.00074468
                    320,                0.49259,                 1.4829,                0.30536,                0.33946,                0.88971,                0.98618,                      1,                  0.995,                0.84608,                0.98618,                      1,                  0.995,                0.72754,                0.58063,                0.86117,                0.26233,                 0.2742,                0.70369,             0.00074072,             0.00074072,             0.00074072
                    321,                0.48163,                 1.4851,                 0.3503,                0.31729,                0.87984,                      1,                      1,                  0.995,                0.87936,                      1,                      1,                  0.995,                0.75211,                0.59259,                 0.8818,                0.25801,                0.25621,                0.71057,             0.00073676,             0.00073676,             0.00073676
                    322,                0.48166,                  1.441,                0.32926,                0.31674,                0.85287,                      1,                      1,                  0.995,                0.94006,                      1,                      1,                  0.995,                0.80778,                0.49971,                0.76239,                0.25606,                 0.2362,                0.68244,              0.0007328,              0.0007328,              0.0007328
                    323,                0.52213,                 1.4258,                0.35958,                0.35477,                0.88373,                      1,                      1,                  0.995,                0.92331,                      1,                      1,                  0.995,                 0.8238,                0.46578,                0.75877,                 0.2596,                0.23751,                0.66447,             0.00072884,             0.00072884,             0.00072884
                    324,                0.53537,                 1.5449,                0.32481,                 0.3675,                0.89283,                      1,                      1,                  0.995,                 0.8955,                      1,                      1,                  0.995,                0.84044,                0.47104,                0.76979,                0.25929,                0.25181,                0.66683,             0.00072488,             0.00072488,             0.00072488
                    325,                0.53396,                 1.7106,                0.32662,                0.36901,                0.91077,                      1,                      1,                  0.995,                 0.8955,                      1,                      1,                  0.995,                0.84044,                0.47502,                0.74013,                0.25878,                0.23181,                  0.674,             0.00072092,             0.00072092,             0.00072092
                    326,                0.50074,                 1.3399,                0.33734,                0.32871,                0.87468,                      1,                      1,                  0.995,                 0.8955,                      1,                      1,                  0.995,                0.81822,                0.49992,                0.71274,                0.25882,                0.24563,                0.68872,             0.00071696,             0.00071696,             0.00071696
                    327,                0.51106,                 1.2591,                0.35691,                0.32147,                0.83863,                      1,                      1,                  0.995,                 0.8955,                      1,                      1,                  0.995,                0.81822,                0.55038,                0.67275,                 0.2622,                0.25072,                0.69603,               0.000713,               0.000713,               0.000713
                    328,                0.48024,                 1.3335,                0.32407,                 0.3169,                0.88269,                      1,                      1,                  0.995,                0.91772,                      1,                      1,                  0.995,                0.86272,                0.51926,                0.71227,                0.26307,                 0.2502,                0.68991,             0.00070904,             0.00070904,             0.00070904
                    329,                0.53229,                 1.5584,                0.33908,                0.33657,                0.89079,                      1,                      1,                  0.995,                0.91772,                      1,                      1,                  0.995,                0.78544,                 0.5071,                0.76211,                0.26324,                0.27555,                 0.6804,             0.00070508,             0.00070508,             0.00070508
                    330,                0.52063,                 1.5994,                0.35379,                0.33136,                0.84114,                      1,                      1,                  0.995,                 0.8955,                      1,                      1,                  0.995,                0.81822,                0.51248,                0.77968,                0.26037,                0.26463,                0.66812,             0.00070112,             0.00070112,             0.00070112
                    331,                0.55129,                 1.5423,                0.36861,                 0.3583,                 0.9121,                      1,                      1,                  0.995,                0.85155,                      1,                      1,                  0.995,                0.84044,                0.60857,                0.81426,                0.25764,                0.25142,                 0.6848,             0.00069716,             0.00069716,             0.00069716
                    332,                0.49492,                 1.2992,                0.35365,                0.32001,                0.84106,                      1,                      1,                  0.995,                0.86272,                      1,                      1,                  0.995,                0.80766,                0.65554,                0.86027,                0.25973,                0.30607,                0.72628,              0.0006932,              0.0006932,              0.0006932
                    333,                0.53339,                  1.431,                0.32582,                0.35667,                0.90291,                0.98633,                      1,                  0.995,                 0.8955,                0.98633,                      1,                  0.995,                0.79933,                0.62655,                0.77668,                0.25886,                0.31032,                0.72738,             0.00068924,             0.00068924,             0.00068924
                    334,                0.52878,                 1.3596,                0.36497,                0.35045,                0.88818,                      1,                      1,                  0.995,                 0.8955,                      1,                      1,                  0.995,                0.80766,                0.47776,                0.75844,                0.26231,                0.31607,                0.67764,             0.00068528,             0.00068528,             0.00068528
                    335,                0.52208,                 1.3779,                0.34294,                0.34436,                0.87355,                      1,                      1,                  0.995,                0.95144,                      1,                      1,                  0.995,                0.88494,                0.45308,                0.69117,                0.25935,                0.24865,                0.65974,             0.00068132,             0.00068132,             0.00068132
                    336,                0.47772,                 1.1733,                0.34515,                0.31649,                0.85864,                      1,                      1,                  0.995,                 0.8955,                      1,                      1,                  0.995,                0.88494,                0.47085,                0.72009,                0.25633,                0.26601,                0.68009,             0.00067736,             0.00067736,             0.00067736
                    337,                0.53249,                 1.2648,                0.34578,                0.35136,                0.90535,                      1,                      1,                  0.995,                0.92331,                      1,                      1,                  0.995,                0.88494,                0.48174,                  0.706,                0.25713,                0.28874,                0.67834,              0.0006734,              0.0006734,              0.0006734
                    338,                 0.4774,                  1.405,                0.35364,                0.35021,                0.87423,                0.98612,                      1,                  0.995,                0.96761,                0.98612,                      1,                  0.995,                 0.8738,                0.45626,                0.69986,                0.26408,                0.26718,                0.67905,             0.00066944,             0.00066944,             0.00066944
                    339,                0.47483,                 1.5484,                 0.3232,                0.32922,                0.86315,                0.98625,                      1,                  0.995,                 0.8955,                0.98625,                      1,                  0.995,                 0.8738,                0.45998,                0.70339,                0.26519,                0.23184,                0.68894,             0.00066548,             0.00066548,             0.00066548
                    340,                0.53277,                 1.5394,                 0.3591,                0.36819,                0.88171,                0.98648,                      1,                  0.995,                 0.8955,                0.98648,                      1,                  0.995,                 0.8738,                0.49562,                0.68735,                 0.2642,                0.21308,                0.68461,             0.00066152,             0.00066152,             0.00066152
                    341,                0.46908,                 1.3158,                0.32994,                0.32501,                0.86243,                0.98629,                      1,                  0.995,                 0.8955,                0.98629,                      1,                  0.995,                0.85823,                0.49945,                0.63701,                0.26416,                0.19508,                0.68152,             0.00065756,             0.00065756,             0.00065756
                    342,                0.47977,                 1.2651,                0.30967,                0.33696,                0.85675,                      1,                      1,                  0.995,                 0.8955,                      1,                      1,                  0.995,                0.88494,                0.55187,                0.59637,                0.26195,                0.25921,                0.68158,              0.0006536,              0.0006536,              0.0006536
                    343,                0.49781,                 1.3341,                0.32737,                0.33587,                0.88253,                      1,                      1,                  0.995,                 0.8955,                      1,                      1,                  0.995,                0.88494,                0.53092,                0.61446,                0.26646,                0.30193,                0.69708,             0.00064964,             0.00064964,             0.00064964
                    344,                0.49244,                 1.2268,                0.33205,                0.33543,                0.88005,                      1,                      1,                  0.995,                 0.8955,                      1,                      1,                  0.995,                0.88494,                0.51994,                0.66105,                0.26579,                0.36038,                0.70076,             0.00064568,             0.00064568,             0.00064568
                    345,                0.55949,                 1.7784,                0.33936,                 0.3526,                0.85905,                      1,                      1,                  0.995,                 0.8955,                      1,                      1,                  0.995,                0.86272,                0.51429,                 0.7032,                0.26615,                0.37409,                0.70119,             0.00064172,             0.00064172,             0.00064172
                    346,                0.48572,                 1.3984,                0.32701,                0.33447,                0.85768,                      1,                      1,                  0.995,                0.92331,                      1,                      1,                  0.995,                0.84044,                0.46502,                0.73051,                0.27071,                0.35091,                0.68918,             0.00063776,             0.00063776,             0.00063776
                    347,                0.49815,                 1.4802,                  0.317,                0.32495,                  0.875,                      1,                      1,                  0.995,                0.92331,                      1,                      1,                  0.995,                0.84044,                0.42317,                0.71095,                0.26232,                0.29436,                0.66123,              0.0006338,              0.0006338,              0.0006338
                    348,                0.52054,                 1.3268,                0.33435,                0.33386,                0.87514,                      1,                      1,                  0.995,                 0.8955,                      1,                      1,                  0.995,                0.84044,                0.43063,                 0.7324,                  0.262,                0.26976,                0.66538,             0.00062984,             0.00062984,             0.00062984
                    349,                0.46941,                 1.3364,                0.31309,                0.31104,                 0.8569,                      1,                      1,                  0.995,                 0.8955,                      1,                      1,                  0.995,                0.84044,                0.45477,                0.72596,                0.26224,                0.25965,                 0.6767,             0.00062588,             0.00062588,             0.00062588
                    350,                0.48304,                 1.3279,                0.35186,                 0.3184,                0.84152,                      1,                      1,                  0.995,                 0.8955,                      1,                      1,                  0.995,                0.84044,                0.46827,                0.68859,                0.26429,                0.29282,                0.68827,             0.00062192,             0.00062192,             0.00062192
                    351,                0.43957,                 1.5332,                0.32524,                0.30094,                0.83686,                      1,                      1,                  0.995,                 0.8955,                      1,                      1,                  0.995,                0.84044,                0.57122,                0.62402,                0.26262,                0.28272,                0.71265,             0.00061796,             0.00061796,             0.00061796
                    352,                0.47156,                 1.1766,                0.34257,                0.30728,                0.83847,                      1,                      1,                  0.995,                 0.8955,                      1,                      1,                  0.995,                0.84044,                0.60813,                0.61684,                0.26445,                0.31357,                0.70588,               0.000614,               0.000614,               0.000614
                    353,                0.47024,                 1.7323,                0.32558,                0.32779,                0.85742,                      1,                      1,                  0.995,                 0.8955,                      1,                      1,                  0.995,                0.88494,                0.58515,                0.59079,                 0.2659,                0.28995,                0.70117,             0.00061004,             0.00061004,             0.00061004
                    354,                0.46319,                 1.3018,                0.31823,                0.31772,                0.84805,                      1,                      1,                  0.995,                0.91772,                      1,                      1,                  0.995,                0.88494,                0.56879,                0.59589,                0.26463,                0.28399,                0.69337,             0.00060608,             0.00060608,             0.00060608
                    355,                0.46275,                 1.4465,                0.31707,                0.31978,                 0.8744,                      1,                      1,                  0.995,                 0.8955,                      1,                      1,                  0.995,                0.86272,                0.57758,                0.64207,                0.26267,                0.26531,                0.69864,             0.00060212,             0.00060212,             0.00060212
                    356,                0.48865,                 1.3233,                0.34796,                 0.3226,                0.85377,                      1,                      1,                  0.995,                 0.8955,                      1,                      1,                  0.995,                0.84044,                0.57143,                0.58646,                0.26508,                 0.2818,                0.70044,             0.00059816,             0.00059816,             0.00059816
                    357,                0.48612,                 1.3572,                0.30659,                0.34356,                0.85815,                      1,                      1,                  0.995,                 0.8955,                      1,                      1,                  0.995,                0.84044,                0.59654,                0.60436,                0.26769,                0.27682,                0.70385,              0.0005942,              0.0005942,              0.0005942
                    358,                0.49841,                 1.3279,                0.33257,                0.32546,                0.87251,                      1,                      1,                  0.995,                0.85155,                      1,                      1,                  0.995,                0.84044,                0.69557,                0.65308,                0.26968,                 0.2842,                0.73504,             0.00059024,             0.00059024,             0.00059024
                    359,                0.48277,                 1.3366,                0.31572,                0.32174,                0.88401,                0.98612,                      1,                  0.995,                 0.8955,                0.98612,                      1,                  0.995,                0.82939,                0.65417,                0.64912,                0.27113,                 0.3035,                0.71668,             0.00058628,             0.00058628,             0.00058628
                    360,                0.50479,                 1.2533,                0.33974,                0.33022,                0.85929,                  0.986,                      1,                  0.995,                 0.8955,                  0.986,                      1,                  0.995,                0.82939,                0.49835,                0.67208,                0.27141,                0.29262,                0.68778,             0.00058232,             0.00058232,             0.00058232
                    361,                0.47186,                 1.2168,                0.32887,                0.32298,                0.89701,                0.98596,                      1,                  0.995,                0.93453,                0.98596,                      1,                  0.995,                0.82939,                0.47915,                0.68643,                 0.2714,                0.27781,                0.67802,             0.00057836,             0.00057836,             0.00057836
                    362,                0.44506,                 1.1979,                 0.3238,                0.30756,                0.81178,                0.98586,                      1,                  0.995,                 0.8955,                0.98586,                      1,                  0.995,                0.82939,                0.52443,                0.71248,                0.26756,                0.29823,                0.68373,              0.0005744,              0.0005744,              0.0005744
                    363,                0.48245,                  1.148,                0.30614,                0.31319,                0.86642,                      1,                      1,                  0.995,                 0.8955,                      1,                      1,                  0.995,                0.87936,                0.58376,                0.68285,                0.26231,                0.31421,                 0.7082,             0.00057044,             0.00057044,             0.00057044
                    364,                0.50568,                 1.2268,                0.31027,                0.34108,                0.86154,                      1,                      1,                  0.995,                 0.8955,                      1,                      1,                  0.995,                0.87936,                 0.5632,                  0.678,                0.25925,                0.30092,                0.70419,             0.00056648,             0.00056648,             0.00056648
                    365,                0.43701,                 1.4382,                0.32003,                0.30128,                0.85669,                      1,                      1,                  0.995,                 0.8955,                      1,                      1,                  0.995,                0.85161,                0.54722,                0.66381,                0.25889,                0.29608,                0.69969,             0.00056252,             0.00056252,             0.00056252
                    366,                0.45893,                 1.1096,                0.33073,                0.31187,                 0.8667,                      1,                      1,                  0.995,                0.92331,                      1,                      1,                  0.995,                0.85161,                0.53795,                0.64104,                0.25646,                0.28767,                0.70185,             0.00055856,             0.00055856,             0.00055856
                    367,                0.46216,                 1.0424,                0.31606,                0.30672,                0.85712,                      1,                      1,                  0.995,                 0.8955,                      1,                      1,                  0.995,                0.84044,                0.52817,                0.62829,                0.25443,                0.30132,                0.69024,              0.0005546,              0.0005546,              0.0005546
                    368,                0.49344,                 1.4027,                 0.3185,                0.40339,                0.84892,                      1,                      1,                  0.995,                 0.8955,                      1,                      1,                  0.995,                0.87936,                0.51338,                0.63776,                0.25568,                0.26963,                0.68631,             0.00055064,             0.00055064,             0.00055064
                    369,                0.45633,                 1.1968,                0.33483,                0.29237,                 0.8432,                      1,                      1,                  0.995,                0.92331,                      1,                      1,                  0.995,                0.87936,                  0.524,                0.64147,                 0.2572,                 0.2644,                0.69251,             0.00054668,             0.00054668,             0.00054668
                    370,                0.51269,                 1.3231,                0.28892,                 0.3439,                0.88958,                      1,                      1,                  0.995,                0.85161,                      1,                      1,                  0.995,                0.87936,                0.60509,                0.62356,                0.25755,                0.25256,                0.72232,             0.00054272,             0.00054272,             0.00054272
                    371,                 0.5078,                 1.9247,                0.33374,                0.31948,                0.90418,                      1,                      1,                  0.995,                0.92331,                      1,                      1,                  0.995,                0.87936,                0.53727,                 0.6393,                  0.257,                0.28655,                0.69873,             0.00053876,             0.00053876,             0.00053876
                    372,                0.52404,                 1.0779,                0.29562,                0.32614,                0.89514,                      1,                      1,                  0.995,                0.94006,                      1,                      1,                  0.995,                0.87936,                0.46266,                0.62586,                 0.2552,                0.24057,                0.67208,              0.0005348,              0.0005348,              0.0005348
                    373,                0.41208,                 1.2037,                0.32461,                0.29398,                0.85087,                      1,                      1,                  0.995,                0.94006,                      1,                      1,                  0.995,                0.85161,                0.46932,                0.62002,                 0.2493,                0.22959,                0.67514,             0.00053084,             0.00053084,             0.00053084
                    374,                0.55394,                 1.3302,                0.32343,                 0.3677,                 0.8811,                      1,                      1,                  0.995,                 0.8955,                      1,                      1,                  0.995,                0.85161,                0.57497,                0.65972,                0.25045,                0.28546,                0.70964,             0.00052688,             0.00052688,             0.00052688
                    375,                0.52357,                  1.379,                0.32646,                0.32828,                0.84883,                0.98596,                      1,                  0.995,                 0.8955,                0.98596,                      1,                  0.995,                  0.791,                0.52886,                0.69765,                0.25046,                0.27539,                0.69352,             0.00052292,             0.00052292,             0.00052292
                    376,                0.45159,                 1.4484,                0.32326,                0.32071,                0.83939,                      1,                      1,                  0.995,                0.92331,                      1,                      1,                  0.995,                0.85161,                0.46921,                0.70894,                0.25388,                0.25784,                0.66959,             0.00051896,             0.00051896,             0.00051896
                    377,                0.51057,                 1.4991,                0.32694,                0.36109,                0.86968,                      1,                      1,                  0.995,                0.92331,                      1,                      1,                  0.995,                0.85161,                0.51091,                0.71797,                0.25358,                0.26684,                0.67716,               0.000515,               0.000515,               0.000515
                    378,                0.47626,                 1.2721,                 0.3086,                0.33612,                0.84546,                      1,                      1,                  0.995,                0.85161,                      1,                      1,                  0.995,                0.80766,                0.62914,                0.72153,                0.25277,                0.28831,                0.69657,             0.00051104,             0.00051104,             0.00051104
                    379,                0.52895,                 1.4072,                0.30816,                0.33987,                0.89883,                      1,                      1,                  0.995,                0.85161,                      1,                      1,                  0.995,                0.85161,                0.69296,                0.65944,                0.24951,                0.29705,                0.72213,             0.00050708,             0.00050708,             0.00050708
                    380,                0.48404,                 1.3049,                0.31465,                0.33032,                0.84192,                      1,                      1,                  0.995,                 0.8238,                      1,                      1,                  0.995,                0.83541,                0.68342,                0.68034,                0.24666,                0.28202,                0.73524,             0.00050312,             0.00050312,             0.00050312
                    381,                0.49016,                  1.228,                0.31626,                0.30906,                0.83378,                      1,                      1,                  0.995,                 0.8238,                      1,                      1,                  0.995,                0.83541,                0.66282,                0.68306,                0.24443,                0.27421,                0.73438,             0.00049916,             0.00049916,             0.00049916
                    382,                 0.4548,                 1.1691,                0.32288,                0.30575,                0.86249,                      1,                      1,                  0.995,                 0.8955,                      1,                      1,                  0.995,                0.83541,                0.56893,                0.64576,                 0.2403,                0.24289,                0.70276,              0.0004952,              0.0004952,              0.0004952
                    383,                0.48787,                  1.569,                0.29591,                0.32844,                0.88516,                      1,                      1,                  0.995,                 0.8955,                      1,                      1,                  0.995,                0.83541,                0.54955,                0.67808,                0.23998,                0.22558,                0.69726,             0.00049124,             0.00049124,             0.00049124
                    384,                0.51461,                 1.2752,                0.30814,                0.34722,                0.87248,                      1,                      1,                  0.995,                 0.8955,                      1,                      1,                  0.995,                0.80761,                0.57606,                0.72864,                0.24013,                0.23233,                0.71084,             0.00048728,             0.00048728,             0.00048728
                    385,                0.45639,                 1.1379,                0.31104,                0.31091,                 0.8427,                      1,                      1,                  0.995,                 0.8955,                      1,                      1,                  0.995,                0.83541,                0.58528,                0.69166,                0.24054,                0.23723,                0.70682,             0.00048332,             0.00048332,             0.00048332
                    386,                0.47517,                 1.1526,                0.30592,                 0.3078,                0.86029,                0.98541,                      1,                  0.995,                 0.8955,                0.98541,                      1,                  0.995,                0.84277,                0.56881,                0.62832,                0.24582,                0.23972,                0.69642,             0.00047936,             0.00047936,             0.00047936
                    387,                0.47762,                 1.2735,                0.33002,                0.32942,                0.85119,                0.98539,                      1,                  0.995,                0.86544,                0.98539,                      1,                  0.995,                0.86544,                0.56035,                0.57952,                0.24813,                0.26129,                0.69523,              0.0004754,              0.0004754,              0.0004754
                    388,                0.42713,                 1.2743,                0.30216,                0.30958,                 0.8576,                0.98562,                      1,                  0.995,                0.84454,                0.98562,                      1,                  0.995,                0.85985,                0.57335,                0.56877,                0.24859,                0.30895,                 0.7036,             0.00047144,             0.00047144,             0.00047144
                    389,                0.49236,                 1.0787,                0.30624,                0.31137,                0.87741,                0.98554,                      1,                  0.995,                0.84454,                0.98554,                      1,                  0.995,                0.85985,                0.61043,                 0.6203,                0.25026,                0.28176,                0.71011,             0.00046748,             0.00046748,             0.00046748
                    390,                0.45549,                 1.0565,                0.31522,                0.29453,                0.86975,                0.98576,                      1,                  0.995,                0.85991,                0.98576,                      1,                  0.995,                0.83492,                0.60536,                0.63248,                0.24826,                0.27187,                0.70788,             0.00046352,             0.00046352,             0.00046352
                    391,                0.44179,                 1.1336,                0.30751,                0.30614,                0.83807,                      1,                      1,                  0.995,                 0.8955,                      1,                      1,                  0.995,                0.87377,                0.56164,                0.64215,                0.24967,                0.24599,                0.70854,             0.00045956,             0.00045956,             0.00045956
                    392,                0.55857,                 2.6488,                0.28058,                0.36152,                0.95552,                      1,                      1,                  0.995,                 0.8955,                      1,                      1,                  0.995,                0.84044,                0.51227,                0.65793,                0.25413,                0.25386,                0.67402,              0.0004556,              0.0004556,              0.0004556
                    393,                0.46262,                 1.1632,                0.30614,                0.32233,                0.88356,                      1,                      1,                  0.995,                 0.8955,                      1,                      1,                  0.995,                0.84044,                0.49567,                 0.6423,                0.25531,                0.26857,                0.66595,             0.00045164,             0.00045164,             0.00045164
                    394,                0.46455,                 1.4976,                0.30336,                0.34461,                0.85384,                      1,                      1,                  0.995,                 0.8955,                      1,                      1,                  0.995,                0.87377,                0.47356,                0.58027,                0.25629,                0.25096,                0.66157,             0.00044768,             0.00044768,             0.00044768
                    395,                0.44589,                 1.1534,                0.30654,                0.31807,                0.87547,                      1,                      1,                  0.995,                 0.8955,                      1,                      1,                  0.995,                0.87377,                0.51844,                0.58007,                0.25041,                0.25641,                 0.6802,             0.00044372,             0.00044372,             0.00044372
                    396,                0.44506,                 1.2228,                0.32936,                0.30803,                0.87894,                      1,                      1,                  0.995,                 0.8955,                      1,                      1,                  0.995,                0.84044,                0.52136,                0.64837,                0.25116,                0.26784,                0.67823,             0.00043976,             0.00043976,             0.00043976
                    397,                0.47182,                 1.1952,                0.32036,                0.32604,                0.83585,                      1,                      1,                  0.995,                 0.8955,                      1,                      1,                  0.995,                0.84044,                0.51918,                0.64442,                0.25183,                0.26017,                0.67349,              0.0004358,              0.0004358,              0.0004358
                    398,                0.45592,                 1.0699,                0.28189,                0.29053,                0.86753,                      1,                      1,                  0.995,                 0.8955,                      1,                      1,                  0.995,                0.84044,                0.50169,                0.62071,                0.25243,                0.26483,                0.66493,             0.00043184,             0.00043184,             0.00043184
                    399,                0.42115,                 0.9835,                0.31342,                0.28115,                0.84574,                      1,                      1,                  0.995,                 0.8955,                      1,                      1,                  0.995,                0.87377,                 0.5227,                 0.6161,                 0.2537,                0.26719,                0.68475,             0.00042788,             0.00042788,             0.00042788
                    400,                0.45309,                 1.1855,                0.33119,                0.29395,                0.84272,                      1,                      1,                  0.995,                 0.8955,                      1,                      1,                  0.995,                0.84044,                0.57531,                 0.6013,                0.25373,                0.26569,                0.70828,             0.00042392,             0.00042392,             0.00042392
                    401,                0.48954,                  1.464,                0.31705,                0.31338,                0.84307,                      1,                      1,                  0.995,                 0.8955,                      1,                      1,                  0.995,                0.87377,                0.57586,                0.57502,                0.25271,                0.26262,                 0.7112,             0.00041996,             0.00041996,             0.00041996
                    402,                0.43928,                 1.2118,                0.31689,                0.30414,                0.85446,                      1,                      1,                  0.995,                 0.8955,                      1,                      1,                  0.995,                0.87377,                0.54926,                0.55855,                0.24964,                 0.2759,                0.70382,               0.000416,               0.000416,               0.000416
                    403,                0.49382,                 1.1447,                0.30856,                0.32553,                0.87046,                      1,                      1,                  0.995,                 0.8955,                      1,                      1,                  0.995,                0.87377,                0.46973,                0.54136,                0.25232,                 0.2995,                0.67077,             0.00041204,             0.00041204,             0.00041204
                    404,                0.46205,                 1.3104,                0.33348,                0.33377,                 0.8905,                0.98618,                      1,                  0.995,                0.91496,                0.98618,                      1,                  0.995,                0.83492,                 0.4799,                0.62141,                 0.2589,                0.31201,                0.66781,             0.00040808,             0.00040808,             0.00040808
                    405,                0.44491,                 1.0466,                0.30639,                0.29422,                0.84022,                0.98591,                      1,                  0.995,                 0.9133,                0.98591,                      1,                  0.995,                 0.8316,                0.48189,                 0.6606,                0.26353,                0.28474,                0.67284,             0.00040412,             0.00040412,             0.00040412
                    406,                0.45437,                 1.0984,                0.29996,                0.30539,                0.86746,                0.98596,                      1,                  0.995,                 0.8955,                0.98596,                      1,                  0.995,                0.82662,                0.46763,                0.66163,                0.26253,                0.24446,                0.67007,             0.00040016,             0.00040016,             0.00040016
                    407,                0.42322,                 1.1477,                0.28272,                0.28889,                0.83727,                0.98602,                      1,                  0.995,                 0.8955,                0.98602,                      1,                  0.995,                0.86105,                0.46065,                  0.633,                0.25967,                 0.2082,                0.66734,              0.0003962,              0.0003962,              0.0003962
                    408,                0.43519,                 1.4375,                0.31044,                 0.2977,                0.85237,                  0.986,                      1,                  0.995,                 0.9114,                  0.986,                      1,                  0.995,                0.86105,                0.52606,                0.63044,                0.25737,                0.24205,                0.67668,             0.00039224,             0.00039224,             0.00039224
                    409,                0.44467,                 1.2642,                0.30108,                0.31088,                0.86077,                0.98583,                      1,                  0.995,                 0.9114,                0.98583,                      1,                  0.995,                0.86105,                 0.5506,                0.62879,                0.25664,                0.22683,                0.68818,             0.00038828,             0.00038828,             0.00038828
                    410,                0.44218,                  1.072,                0.33829,                0.28859,                0.82019,                      1,                      1,                  0.995,                0.91772,                      1,                      1,                  0.995,                0.87377,                0.51522,                0.63981,                0.25717,                0.23531,                0.67586,             0.00038432,             0.00038432,             0.00038432
                    411,                0.44614,                 1.0184,                0.30787,                0.28679,                   0.81,                      1,                      1,                  0.995,                0.96222,                      1,                      1,                  0.995,                0.82983,                0.43352,                0.62359,                0.25566,                0.19416,                0.66748,             0.00038036,             0.00038036,             0.00038036
                    412,                0.49138,                 1.1445,                0.34852,                0.31717,                0.84349,                      1,                      1,                  0.995,                0.94006,                      1,                      1,                  0.995,                0.84044,                0.43013,                0.58581,                0.25546,                0.22076,                0.66911,              0.0003764,              0.0003764,              0.0003764
                    413,                0.36643,                 0.8457,                0.24026,                0.42645,                0.72478,                      1,                      1,                  0.995,                0.96222,                      1,                      1,                  0.995,                0.87377,                0.44145,                0.57932,                0.25522,                0.23129,                0.66888,             0.00037244,             0.00037244,             0.00037244
                    414,                0.49054,                 1.0088,                0.28355,                0.32535,                0.87473,                      1,                      1,                  0.995,                0.91772,                      1,                      1,                  0.995,                0.82983,                0.43193,                0.58301,                0.25803,                0.24327,                0.67357,             0.00036848,             0.00036848,             0.00036848
                    415,                0.44986,                 1.2419,                0.30187,                0.29368,                0.84428,                      1,                      1,                  0.995,                0.97322,                      1,                      1,                  0.995,                0.82983,                0.37669,                0.60127,                 0.2565,                0.21468,                0.66021,             0.00036452,             0.00036452,             0.00036452
                    416,                0.37525,                0.79785,                0.26322,                0.27629,                0.71851,                      1,                      1,                  0.995,                0.97322,                      1,                      1,                  0.995,                0.88494,                0.35213,                0.56566,                0.25455,                0.19775,                0.64496,             0.00036056,             0.00036056,             0.00036056
                    417,                0.39408,                 1.2302,                0.31715,                0.43408,                0.84374,                      1,                      1,                  0.995,                0.97322,                      1,                      1,                  0.995,                0.88494,                0.35269,                0.54455,                0.25186,                0.20579,                 0.6415,              0.0003566,              0.0003566,              0.0003566
                    418,                0.40364,                 1.2154,                0.30781,                0.28591,                0.83498,                      1,                      1,                  0.995,                0.97322,                      1,                      1,                  0.995,                0.91772,                 0.3695,                0.54597,                0.24904,                0.22955,                0.64695,             0.00035264,             0.00035264,             0.00035264
                    419,                0.47143,                    1.1,                0.29064,                0.30597,                0.86492,                      1,                      1,                  0.995,                0.95105,                      1,                      1,                  0.995,                0.88494,                0.41184,                0.57471,                0.24891,                0.23001,                0.65777,             0.00034868,             0.00034868,             0.00034868
                    420,                0.44354,                 1.0858,                0.29619,                0.29984,                 0.8599,                      1,                      1,                  0.995,                0.92331,                      1,                      1,                  0.995,                0.88494,                0.42087,                0.53981,                0.24841,                0.22853,                0.65391,             0.00034472,             0.00034472,             0.00034472
                    421,                0.45554,                 1.0919,                0.31626,                 0.2898,                0.85809,                      1,                      1,                  0.995,                0.92331,                      1,                      1,                  0.995,                0.88494,                0.40088,                0.55098,                0.24958,                0.24154,                0.64448,             0.00034076,             0.00034076,             0.00034076
                    422,                0.41629,                0.99533,                0.33897,                0.27743,                0.85239,                      1,                      1,                  0.995,                0.92331,                      1,                      1,                  0.995,                0.88494,                0.38944,                0.60831,                0.25333,                0.26968,                0.64263,              0.0003368,              0.0003368,              0.0003368
                    423,                0.49716,                 1.3437,                0.27295,                0.33489,                0.88434,                      1,                      1,                  0.995,                0.97322,                      1,                      1,                  0.995,                0.88494,                0.38454,                0.58946,                0.25289,                0.23753,                0.64921,             0.00033284,             0.00033284,             0.00033284
                    424,                0.40827,                 1.2948,                0.36614,                0.30096,                0.82547,                      1,                      1,                  0.995,                0.92331,                      1,                      1,                  0.995,                0.84044,                0.37011,                0.60721,                 0.2552,                0.18889,                0.64951,             0.00032888,             0.00032888,             0.00032888
                    425,                0.42958,                 1.0423,                0.32487,                0.27898,                0.83034,                      1,                      1,                  0.995,                 0.8955,                      1,                      1,                  0.995,                0.84044,                0.38617,                0.61766,                0.25486,                0.20162,                0.65564,             0.00032492,             0.00032492,             0.00032492
                    426,                0.43311,                 1.1462,                0.31433,                0.31474,                0.85006,                      1,                      1,                  0.995,                 0.8955,                      1,                      1,                  0.995,                0.87377,                0.41153,                0.58261,                0.25007,                0.20449,                0.66747,             0.00032096,             0.00032096,             0.00032096
                    427,                0.43205,                 1.1736,                0.31978,                0.29259,                0.83267,                      1,                      1,                  0.995,                 0.8955,                      1,                      1,                  0.995,                0.87377,                0.44505,                0.53717,                0.24807,                0.20699,                0.67833,               0.000317,               0.000317,               0.000317
                    428,                0.41015,                 1.0473,                0.29844,                0.29751,                0.82913,                      1,                      1,                  0.995,                 0.8955,                      1,                      1,                  0.995,                0.87377,                 0.4705,                0.54267,                0.24635,                0.22349,                0.68533,             0.00031304,             0.00031304,             0.00031304
                    429,                0.45256,                 1.2613,                0.31126,                0.30099,                0.84541,                      1,                      1,                  0.995,                 0.8955,                      1,                      1,                  0.995,                0.87377,                0.46833,                0.55649,                0.24524,                0.23328,                0.68102,             0.00030908,             0.00030908,             0.00030908
                    430,                0.44554,                 1.0257,                0.28823,                0.29182,                0.84662,                      1,                      1,                  0.995,                 0.8955,                      1,                      1,                  0.995,                0.87377,                0.44745,                0.58596,                0.25083,                 0.2373,                0.67628,             0.00030512,             0.00030512,             0.00030512
                    431,                0.41525,                 1.3072,                0.34223,                0.28819,                0.86374,                      1,                      1,                  0.995,                 0.8955,                      1,                      1,                  0.995,                0.87377,                0.43654,                0.55803,                0.24949,                0.23146,                0.67868,             0.00030116,             0.00030116,             0.00030116
                    432,                 0.4761,                 1.4895,                0.33268,                0.31524,                0.86615,                      1,                      1,                  0.995,                 0.8955,                      1,                      1,                  0.995,                0.87377,                0.43931,                0.57261,                0.24612,                0.22871,                0.67568,              0.0002972,              0.0002972,              0.0002972
                    433,                0.45376,                0.99389,                0.32221,                0.30978,                0.84643,                      1,                      1,                  0.995,                 0.8955,                      1,                      1,                  0.995,                0.87377,                  0.444,                0.59125,                0.24683,                0.22656,                0.67606,             0.00029324,             0.00029324,             0.00029324
                    434,                0.47258,                 1.2848,                0.29384,                0.30058,                0.87825,                      1,                      1,                  0.995,                0.92331,                      1,                      1,                  0.995,                0.87377,                0.44815,                0.56429,                 0.2472,                0.23206,                0.67108,             0.00028928,             0.00028928,             0.00028928
                    435,                0.43644,                0.94799,                0.32047,                  0.287,                0.83148,                      1,                      1,                  0.995,                0.97322,                      1,                      1,                  0.995,                0.87377,                 0.4113,                0.55768,                0.24812,                0.22279,                0.66825,             0.00028532,             0.00028532,             0.00028532
                    436,                0.42159,                0.97238,                0.29802,                0.28083,                0.83096,                      1,                      1,                  0.995,                0.96222,                      1,                      1,                  0.995,                0.87377,                 0.4355,                0.55578,                0.24787,                 0.2144,                0.66668,             0.00028136,             0.00028136,             0.00028136
                    437,                0.42665,                 1.0467,                0.33728,                0.29778,                0.88336,                      1,                      1,                  0.995,                0.91772,                      1,                      1,                  0.995,                0.87377,                0.45596,                0.55976,                 0.2473,                0.21331,                0.67455,              0.0002774,              0.0002774,              0.0002774
                    438,                0.42816,                 1.1694,                0.29889,                0.28941,                0.84452,                      1,                      1,                  0.995,                0.91772,                      1,                      1,                  0.995,                0.87377,                0.45635,                0.55606,                0.24924,                0.21822,                0.67216,             0.00027344,             0.00027344,             0.00027344
                    439,                0.38913,                 1.1818,                0.28029,                 0.2783,                0.84182,                      1,                      1,                  0.995,                0.91772,                      1,                      1,                  0.995,                0.87377,                0.44437,                0.56458,                0.25284,                0.21842,                 0.6743,             0.00026948,             0.00026948,             0.00026948
                    440,                0.42092,                 1.2114,                0.32536,                0.29905,                0.84648,                      1,                      1,                  0.995,                0.91772,                      1,                      1,                  0.995,                0.87377,                0.47353,                0.54895,                0.25026,                0.22126,                0.67999,             0.00026552,             0.00026552,             0.00026552
                    441,                0.44764,                0.87242,                0.27174,                 0.2997,                0.83204,                      1,                      1,                  0.995,                0.91772,                      1,                      1,                  0.995,                0.87377,                0.46788,                 0.5476,                 0.2478,                0.22372,                0.68257,             0.00026156,             0.00026156,             0.00026156
                    442,                0.45062,                 1.0688,                0.30937,                0.29803,                 0.8425,                      1,                      1,                  0.995,                0.91772,                      1,                      1,                  0.995,                0.87377,                0.47756,                0.56565,                0.24507,                0.22611,                0.68829,              0.0002576,              0.0002576,              0.0002576
                    443,                0.43965,                 1.1131,                 0.3318,                0.30303,                0.83711,                      1,                      1,                  0.995,                0.91772,                      1,                      1,                  0.995,                0.87377,                0.50385,                0.57621,                0.24396,                0.23549,                0.69409,             0.00025364,             0.00025364,             0.00025364
                    444,                0.44056,                 1.4023,                0.28116,                0.31293,                0.88635,                      1,                      1,                  0.995,                0.91772,                      1,                      1,                  0.995,                0.87377,                0.49374,                0.59751,                0.24439,                0.22658,                0.69447,             0.00024968,             0.00024968,             0.00024968
                    445,                0.41837,                  1.097,                0.30198,                0.28147,                0.85762,                      1,                      1,                  0.995,                0.91772,                      1,                      1,                  0.995,                0.87377,                0.49801,                0.60576,                0.24502,                0.23775,                0.69176,             0.00024572,             0.00024572,             0.00024572
                    446,                0.42797,                 1.1021,                0.31772,                0.28831,                0.85092,                      1,                      1,                  0.995,                0.91772,                      1,                      1,                  0.995,                0.87377,                0.51412,                0.62467,                0.24594,                0.25015,                0.68553,             0.00024176,             0.00024176,             0.00024176
                    447,                0.43139,                 1.0837,                0.31494,                0.28711,                0.84007,                      1,                      1,                  0.995,                0.91772,                      1,                      1,                  0.995,                0.87377,                 0.4705,                0.59721,                0.24825,                0.25171,                0.67441,              0.0002378,              0.0002378,              0.0002378
                    448,                0.40931,                 1.2858,                0.32457,                0.28136,                0.86136,                      1,                      1,                  0.995,                0.96222,                      1,                      1,                  0.995,                0.87377,                0.39602,                0.57296,                0.25279,                0.21717,                0.65727,             0.00023384,             0.00023384,             0.00023384
                    449,                0.40375,                0.78228,                0.28281,                0.28827,                0.84997,                      1,                      1,                  0.995,                0.91772,                      1,                      1,                  0.995,                0.87377,                0.38981,                0.56702,                0.25395,                0.22016,                0.65589,             0.00022988,             0.00022988,             0.00022988
                    450,                0.40426,                 1.0582,                0.30303,                0.27111,                0.83379,                      1,                      1,                  0.995,                0.91772,                      1,                      1,                  0.995,                0.87377,                0.40188,                0.55026,                0.25392,                0.22796,                0.66308,             0.00022592,             0.00022592,             0.00022592
                    451,                0.37669,                 1.1178,                0.27233,                0.27405,                0.85479,                      1,                      1,                  0.995,                0.92331,                      1,                      1,                  0.995,                0.87936,                 0.4039,                0.54107,                0.25122,                 0.2109,                0.66669,             0.00022196,             0.00022196,             0.00022196
                    452,                0.41803,                0.87065,                0.31573,                0.27795,                0.82394,                      1,                      1,                  0.995,                0.97322,                      1,                      1,                  0.995,                0.87936,                0.38527,                 0.5518,                0.24974,                0.20554,                0.66127,               0.000218,               0.000218,               0.000218
                    453,                 0.4171,                 1.1401,                0.28761,                0.28264,                0.84481,                      1,                      1,                  0.995,                0.92331,                      1,                      1,                  0.995,                0.87936,                0.38905,                0.55855,                0.24935,                0.18836,                0.65992,             0.00021404,             0.00021404,             0.00021404
                    454,                0.44566,                 1.0214,                0.30379,                0.29373,                0.84806,                      1,                      1,                  0.995,                 0.8955,                      1,                      1,                  0.995,                0.87936,                 0.4143,                0.54302,                0.24782,                 0.2062,                0.66624,             0.00021008,             0.00021008,             0.00021008
                    455,                0.39462,                 1.0516,                0.28064,                0.28225,                0.85961,                      1,                      1,                  0.995,                 0.8955,                      1,                      1,                  0.995,                0.87936,                0.46527,                0.52485,                 0.2456,                0.25655,                0.68199,             0.00020612,             0.00020612,             0.00020612
                    456,                0.39217,                0.83372,                0.30036,                0.27389,                0.84405,                      1,                      1,                  0.995,                 0.8955,                      1,                      1,                  0.995,                0.87936,                0.43891,                0.53489,                0.24988,                0.23087,                 0.6842,             0.00020216,             0.00020216,             0.00020216
                    457,                0.43893,                 1.1089,                 0.2891,                0.29006,                0.84598,                      1,                      1,                  0.995,                 0.8955,                      1,                      1,                  0.995,                0.87936,                0.42258,                0.54033,                0.25026,                 0.2302,                0.68347,              0.0001982,              0.0001982,              0.0001982
                    458,                0.36611,                 1.0987,                0.30762,                0.27647,                0.83423,                      1,                      1,                  0.995,                 0.8955,                      1,                      1,                  0.995,                0.87377,                0.42642,                 0.5696,                0.25069,                0.22382,                0.68319,             0.00019424,             0.00019424,             0.00019424
                    459,                0.48948,                 1.6232,                0.29491,                0.29348,                0.92477,                      1,                      1,                  0.995,                0.94006,                      1,                      1,                  0.995,                0.90728,                0.41109,                 0.5935,                 0.2491,                0.21625,                0.68448,             0.00019028,             0.00019028,             0.00019028
                    460,                0.46096,                0.74818,                0.29709,                0.28413,                0.85794,                      1,                      1,                  0.995,                 0.8955,                      1,                      1,                  0.995,                0.90728,                 0.4476,                0.59158,                0.24568,                0.22608,                0.69305,             0.00018632,             0.00018632,             0.00018632
                    461,                0.39309,                 1.0244,                0.28474,                0.27297,                0.83066,                      1,                      1,                  0.995,                 0.8955,                      1,                      1,                  0.995,                0.87936,                0.45439,                0.58128,                0.24418,                0.23067,                0.69325,             0.00018236,             0.00018236,             0.00018236
                    462,                0.41106,                0.89168,                 0.2709,                0.27849,                0.82817,                      1,                      1,                  0.995,                 0.8955,                      1,                      1,                  0.995,                0.87936,                0.43408,                0.58924,                  0.242,                0.22072,                0.69199,              0.0001784,              0.0001784,              0.0001784
                    463,                0.41072,                0.99165,                0.30851,                0.27699,                 0.8363,                      1,                      1,                  0.995,                0.92331,                      1,                      1,                  0.995,                0.87936,                0.40128,                0.59603,                0.24317,                0.22627,                0.68353,             0.00017444,             0.00017444,             0.00017444
                    464,                0.39351,                 1.0204,                0.30879,                0.27943,                0.83656,                      1,                      1,                  0.995,                0.92331,                      1,                      1,                  0.995,                0.87936,                 0.3658,                0.59137,                0.24669,                0.21988,                0.67356,             0.00017048,             0.00017048,             0.00017048
                    465,                0.40638,                0.92563,                0.30273,                0.26613,                0.84253,                      1,                      1,                  0.995,                0.92331,                      1,                      1,                  0.995,                0.87936,                0.36777,                0.59826,                0.24828,                 0.1988,                0.67041,             0.00016652,             0.00016652,             0.00016652
                    466,                0.45239,                0.88051,                0.28336,                0.28832,                 0.8225,                      1,                      1,                  0.995,                0.97322,                      1,                      1,                  0.995,                0.85161,                0.36917,                0.60345,                0.24979,                0.19148,                0.66924,             0.00016256,             0.00016256,             0.00016256
                    467,                0.45633,                0.99124,                0.30166,                0.31371,                0.88647,                      1,                      1,                  0.995,                0.97322,                      1,                      1,                  0.995,                0.87936,                0.36849,                0.60587,                0.24816,                0.20699,                0.66769,              0.0001586,              0.0001586,              0.0001586
                    468,                0.37747,                0.99147,                0.28897,                0.26862,                0.83355,                      1,                      1,                  0.995,                0.97322,                      1,                      1,                  0.995,                0.87936,                0.38974,                0.60695,                 0.2473,                0.22883,                0.67306,             0.00015464,             0.00015464,             0.00015464
                    469,                0.40485,                 1.1125,                0.32597,                0.28285,                0.84321,                      1,                      1,                  0.995,                0.97322,                      1,                      1,                  0.995,                0.87936,                0.40207,                0.60403,                0.24704,                0.22771,                0.67551,             0.00015068,             0.00015068,             0.00015068
                    470,                0.37811,                0.93449,                 0.2984,                0.28044,                 0.8318,                      1,                      1,                  0.995,                0.91772,                      1,                      1,                  0.995,                0.87377,                0.39768,                0.59983,                0.24803,                0.23416,                0.67376,             0.00014672,             0.00014672,             0.00014672
                    471,                0.40585,                0.94484,                0.32284,                  0.277,                0.84851,                      1,                      1,                  0.995,                0.96222,                      1,                      1,                  0.995,                0.87377,                0.35707,                0.58279,                0.24607,                0.22649,                0.66059,             0.00014276,             0.00014276,             0.00014276
                    472,                0.36543,                0.92001,                0.28136,                0.25792,                0.82211,                      1,                      1,                  0.995,                0.96222,                      1,                      1,                  0.995,                0.87377,                0.33454,                0.57682,                 0.2494,                0.22109,                0.65693,              0.0001388,              0.0001388,              0.0001388
                    473,                0.39005,                 1.3794,                0.29542,                0.27563,                0.84797,                      1,                      1,                  0.995,                0.96222,                      1,                      1,                  0.995,                0.87377,                0.33906,                0.57166,                0.25039,                0.20808,                0.65973,             0.00013484,             0.00013484,             0.00013484
                    474,                0.36224,                0.90175,                0.27905,                0.25646,                0.82246,                      1,                      1,                  0.995,                0.97322,                      1,                      1,                  0.995,                0.87936,                0.33692,                0.55466,                0.25126,                0.19806,                0.65971,             0.00013088,             0.00013088,             0.00013088
                    475,                 0.3541,                  1.104,                0.28546,                0.26188,                0.81187,                      1,                      1,                  0.995,                0.97322,                      1,                      1,                  0.995,                0.87936,                0.35397,                0.54299,                0.25077,                0.21167,                0.66703,             0.00012692,             0.00012692,             0.00012692
                    476,                0.36704,                 1.0989,                0.29079,                0.26773,                0.84042,                      1,                      1,                  0.995,                0.97322,                      1,                      1,                  0.995,                0.87936,                0.33802,                0.54099,                0.25033,                0.19811,                0.66258,             0.00012296,             0.00012296,             0.00012296
                    477,                0.42937,                0.88498,                0.29587,                0.28112,                 0.8372,                      1,                      1,                  0.995,                  0.995,                      1,                      1,                  0.995,                0.87377,                0.32497,                0.53822,                0.25044,                0.18016,                0.65634,               0.000119,               0.000119,               0.000119
                    478,                0.31962,                0.77176,                0.25973,                0.58394,                0.72342,                      1,                      1,                  0.995,                  0.995,                      1,                      1,                  0.995,                0.87377,                0.31721,                0.54973,                 0.2506,                0.19184,                0.64712,             0.00011504,             0.00011504,             0.00011504
                    479,                0.37048,                0.85877,                0.31141,                0.26301,                0.84948,                      1,                      1,                  0.995,                  0.995,                      1,                      1,                  0.995,                0.87377,                0.32173,                 0.5562,                0.24964,                0.18752,                0.65051,             0.00011108,             0.00011108,             0.00011108
                    480,                0.36007,                 1.0136,                0.31531,                0.26243,                0.83953,                      1,                      1,                  0.995,                0.92331,                      1,                      1,                  0.995,                0.87936,                0.32815,                0.55974,                0.24769,                0.19433,                0.65323,             0.00010712,             0.00010712,             0.00010712
                    481,                0.41023,                 1.0523,                0.32985,                0.27639,                0.86696,                      1,                      1,                  0.995,                0.92331,                      1,                      1,                  0.995,                0.87936,                0.33149,                0.55692,                0.24634,                0.20181,                0.65566,             0.00010316,             0.00010316,             0.00010316
                    482,                0.37686,                 1.3066,                0.31469,                0.27059,                0.86999,                      1,                      1,                  0.995,                0.91772,                      1,                      1,                  0.995,                0.87377,                0.34536,                0.55411,                0.24636,                0.21331,                0.66162,               9.92e-05,               9.92e-05,               9.92e-05
                    483,                0.36404,                0.89001,                0.29053,                0.25434,                0.81954,                      1,                      1,                  0.995,                0.96222,                      1,                      1,                  0.995,                0.87377,                0.33877,                0.54755,                0.24596,                0.19802,                0.65691,              9.524e-05,              9.524e-05,              9.524e-05
                    484,                0.34819,                0.78407,                0.28582,                0.25273,                0.81633,                      1,                      1,                  0.995,                0.97322,                      1,                      1,                  0.995,                0.87936,                0.32736,                0.54422,                0.24577,                0.19278,                 0.6522,              9.128e-05,              9.128e-05,              9.128e-05
                    485,                0.38271,                0.89626,                 0.2924,                0.26164,                0.84635,                      1,                      1,                  0.995,                0.97322,                      1,                      1,                  0.995,                0.87936,                0.31756,                0.54807,                 0.2456,                 0.1982,                0.64727,              8.732e-05,              8.732e-05,              8.732e-05
                    486,                0.39041,                0.84052,                0.27755,                0.26946,                0.86147,                      1,                      1,                  0.995,                  0.995,                      1,                      1,                  0.995,                0.87936,                0.30433,                0.54739,                0.24369,                0.18963,                 0.6429,              8.336e-05,              8.336e-05,              8.336e-05
                    487,                0.36221,                0.83294,                0.30119,                0.25436,                0.83743,                      1,                      1,                  0.995,                  0.995,                      1,                      1,                  0.995,                0.87377,                0.29965,                0.54477,                0.24328,                0.18157,                0.64661,               7.94e-05,               7.94e-05,               7.94e-05
                    488,                0.41699,                 1.4362,                0.31836,                0.30077,                0.87719,                      1,                      1,                  0.995,                  0.995,                      1,                      1,                  0.995,                0.87377,                0.30321,                0.54011,                0.24235,                0.20262,                0.64868,              7.544e-05,              7.544e-05,              7.544e-05
                    489,                0.38398,                 1.0108,                0.32694,                0.26858,                0.84404,                      1,                      1,                  0.995,                  0.995,                      1,                      1,                  0.995,                0.87377,                0.30647,                0.54096,                0.24183,                 0.2049,                0.65216,              7.148e-05,              7.148e-05,              7.148e-05
                    490,                0.39803,                0.94428,                0.28458,                0.28644,                0.84209,                      1,                      1,                  0.995,                  0.995,                      1,                      1,                  0.995,                0.87377,                0.30941,                0.54347,                0.24116,                0.21243,                0.65448,              6.752e-05,              6.752e-05,              6.752e-05
                    491,                0.34405,                0.55727,                0.27151,                0.23384,                0.82091,                      1,                      1,                  0.995,                0.91772,                      1,                      1,                  0.995,                0.87377,                0.32013,                0.53713,                0.24123,                0.22807,                0.65696,              6.356e-05,              6.356e-05,              6.356e-05
                    492,                0.37711,                0.53884,                0.26126,                0.25345,                0.80949,                      1,                      1,                  0.995,                0.95105,                      1,                      1,                  0.995,                0.87377,                 0.3181,                0.53104,                0.24155,                0.22105,                0.65971,               5.96e-05,               5.96e-05,               5.96e-05
                    493,                0.34467,                0.61844,                 0.2906,                0.23982,                 0.8371,                      1,                      1,                  0.995,                0.91772,                      1,                      1,                  0.995,                0.87377,                0.32586,                0.52986,                0.24113,                0.20911,                0.66225,              5.564e-05,              5.564e-05,              5.564e-05
                    494,                0.37561,                0.51495,                0.27626,                0.23542,                0.82908,                      1,                      1,                  0.995,                0.91772,                      1,                      1,                  0.995,                0.87377,                0.33657,                0.53556,                0.24176,                0.20918,                0.66405,              5.168e-05,              5.168e-05,              5.168e-05
                    495,                0.37564,                0.74742,                0.26655,                0.23961,                0.77257,                      1,                      1,                  0.995,                0.92331,                      1,                      1,                  0.995,                0.87936,                 0.3573,                0.54184,                0.24042,                0.21871,                0.67117,              4.772e-05,              4.772e-05,              4.772e-05
                    496,                0.34984,                0.61726,                 0.3053,                0.25519,                 0.7896,                      1,                      1,                  0.995,                0.92331,                      1,                      1,                  0.995,                0.87936,                0.35433,                0.54088,                0.23864,                0.21368,                0.67409,              4.376e-05,              4.376e-05,              4.376e-05
                    497,                0.36076,                0.50273,                0.25572,                0.23345,                 0.8201,                      1,                      1,                  0.995,                0.92331,                      1,                      1,                  0.995,                0.87936,                0.35256,                0.53973,                 0.2382,                0.21367,                0.67245,               3.98e-05,               3.98e-05,               3.98e-05
                    498,                0.38088,                0.48655,                0.25996,                0.23933,                0.81811,                      1,                      1,                  0.995,                0.97322,                      1,                      1,                  0.995,                0.87936,                   0.34,                0.53848,                0.23762,                0.21612,                0.66658,              3.584e-05,              3.584e-05,              3.584e-05
                    499,                0.33706,                0.58831,                0.26058,                0.22686,                0.80795,                      1,                      1,                  0.995,                0.97322,                      1,                      1,                  0.995,                0.87936,                0.33955,                0.53332,                0.23776,                0.22397,                0.66357,              3.188e-05,              3.188e-05,              3.188e-05
                    500,                0.33014,                0.55046,                0.27865,                0.23135,                0.82671,                      1,                      1,                  0.995,                0.97322,                      1,                      1,                  0.995,                0.87936,                0.33484,                0.52637,                0.23768,                0.22897,                0.66294,              2.792e-05,              2.792e-05,              2.792e-05
