                  epoch,         train/box_loss,        train/pose_loss,        train/kobj_loss,         train/cls_loss,         train/dfl_loss,   metrics/precision(B),      metrics/recall(B),       metrics/mAP50(B),    metrics/mAP50-95(B),   metrics/precision(P),      metrics/recall(P),       metrics/mAP50(P),    metrics/mAP50-95(P),           val/box_loss,          val/pose_loss,          val/kobj_loss,           val/cls_loss,           val/dfl_loss,                 lr/pg0,                 lr/pg1,                 lr/pg2
                      1,                 1.9535,                 11.571,                0.78351,                 5.2709,                 1.8358,                0.01786,                    0.5,                 0.0293,                0.02051,                      0,                      0,                      0,                      0,                 0.9612,                 11.868,                0.86779,                 3.9555,                 1.0215,                  4e-05,                  4e-05,                  4e-05
                      2,                  1.934,                 11.362,                0.76356,                 5.0329,                 1.8735,                0.01695,                    0.5,                0.02029,                 0.0142,                      0,                      0,                      0,                      0,                0.97798,                 11.879,                0.86312,                  4.082,                 1.0274,             9.9802e-05,             9.9802e-05,             9.9802e-05
                      3,                  1.822,                 11.585,                0.76574,                 5.1303,                  1.747,                0.92742,                      1,                  0.995,                0.84554,                      0,                      0,                      0,                      0,                0.78313,                 11.581,                0.74432,                 2.2671,                 1.0127,             0.00015937,             0.00015937,             0.00015937
                      4,                  1.048,                 11.498,                0.74751,                 1.6411,                 1.0505,                      1,                      1,                  0.995,                0.84567,                      0,                      0,                      0,                      0,                0.64162,                  11.32,                0.67753,                 2.7561,                0.94246,             0.00021869,             0.00021869,             0.00021869
                      5,                0.93683,                 11.369,                0.66334,                 1.1201,                0.99079,                0.97046,                    0.5,                0.49811,                0.49811,                      0,                      0,                      0,                      0,                 0.3684,                 11.313,                0.58333,                 1.3421,                0.76901,             0.00027778,             0.00027778,             0.00027778
                      6,                0.83921,                 11.079,                0.64186,                0.72073,                0.93258,                 0.9825,                      1,                  0.995,                 0.8955,                      0,                      0,                      0,                      0,                0.53324,                 10.878,                  0.553,                0.46951,                0.87872,             0.00033663,             0.00033663,             0.00033663
                      7,                0.83154,                 10.926,                 0.6363,                0.73348,                0.96117,                0.73966,                      1,                  0.995,                0.84612,                      0,                      0,                      0,                      0,                0.77151,                 10.256,                 0.5351,                 1.1236,                 0.8988,             0.00039525,             0.00039525,             0.00039525
                      8,                0.78307,                  10.96,                0.63213,                0.76508,                0.95106,                0.98288,                      1,                  0.995,                0.84805,                      0,                      0,                      0,                      0,                0.77132,                  10.61,                0.51828,                0.79072,                0.92133,             0.00045362,             0.00045362,             0.00045362
                      9,                0.77225,                 10.391,                0.63365,                 0.8511,                0.93937,                    0.5,                      1,                0.82833,                0.66267,                      0,                      0,                      0,                      0,                 1.0898,                 11.574,                0.51038,                  13.53,                 2.2106,             0.00051176,             0.00051176,             0.00051176
                     10,                0.89197,                 10.707,                0.61084,                0.82625,                 0.9031,                      1,                      1,                  0.995,                0.69667,                      0,                      0,                      0,                      0,                 1.4266,                 11.618,                0.53432,                 5.9525,                 2.7803,             0.00056966,             0.00056966,             0.00056966
                     11,                0.93379,                 10.146,                0.61211,                0.84666,                0.95909,                0.14231,                      1,                0.16583,                0.02828,                      0,                      0,                      0,                      0,                 3.6528,                 11.653,                0.49922,                 55.562,                 6.5112,             0.00062733,             0.00062733,             0.00062733
                     12,                0.81101,                 10.296,                0.60791,                0.77146,                0.96531,                    0.2,                      1,                  0.695,                0.15193,                      0,                      0,                      0,                      0,                 3.0168,                 11.009,                0.43739,                 40.712,                 4.3698,             0.00068475,             0.00068475,             0.00068475
                     13,                0.85186,                 10.358,                0.61267,                 0.6938,                 1.0279,                    0.2,                      1,                  0.695,                0.15193,                      0,                      0,                      0,                      0,                 6.6457,                 11.583,                0.90723,                 12.945,                 4.8308,             0.00074194,             0.00074194,             0.00074194
                     14,                0.84642,                 9.7758,                0.58151,                0.70647,                0.95569,                    0.2,                      1,                  0.695,                0.15193,                      0,                      0,                      0,                      0,                      0,                  11.94,                 1.8877,                0.41504,                      0,             0.00079889,             0.00079889,             0.00079889
                     15,                0.84332,                 9.8575,                0.55685,                0.73484,                0.93925,                    0.2,                      1,                  0.695,                0.15193,                      0,                      0,                      0,                      0,                      0,                      0,                      0,                 121.94,                      0,             0.00085561,             0.00085561,             0.00085561
                     16,                0.82374,                 9.5969,                0.56292,                 0.6291,                0.93727,                    0.2,                      1,                  0.695,                0.15193,                      0,                      0,                      0,                      0,                  9e-05,                 11.285,                0.73531,                    812,                0.00023,             0.00091208,             0.00091208,             0.00091208
                     17,                0.81459,                  10.08,                0.60214,                0.66166,                0.99978,                    0.2,                      1,                  0.695,                0.15193,                      0,                      0,                      0,                      0,                 5.2395,                 11.957,                0.34359,                 2316.4,                 8.5229,             0.00096832,             0.00096832,             0.00096832
                     18,                0.86001,                  9.862,                0.59074,                0.64469,                0.97951,                0.00167,                    0.5,                0.07114,                0.00711,                      0,                      0,                      0,                      0,                 4.5564,                 11.998,                0.51221,                 4236.3,                  11.02,              0.0010243,              0.0010243,              0.0010243
                     19,                0.82436,                 8.9235,                0.57998,                0.71738,                 1.0078,                0.00167,                    0.5,                0.07114,                0.00711,                      0,                      0,                      0,                      0,                 6.0461,                     12,                0.51687,                   6766,                 37.277,              0.0010801,              0.0010801,              0.0010801
                     20,                0.83684,                 9.3365,                0.57865,                0.63537,                0.95676,                0.00167,                    0.5,                0.07114,                0.00711,                      0,                      0,                      0,                      0,                      0,                      0,                      0,                   2037,                      0,              0.0011356,              0.0011356,              0.0011356
                     21,                0.79764,                  9.397,                0.53015,                0.60563,                0.96267,                0.00167,                    0.5,                0.07114,                0.00711,                      0,                      0,                      0,                      0,                      0,                      0,                      0,                   3714,                      0,              0.0011909,              0.0011909,              0.0011909
                     22,                0.71567,                 8.9327,                0.56265,                0.58121,                0.95744,                0.00167,                    0.5,                0.07114,                0.00711,                      0,                      0,                      0,                      0,                      0,                      0,                      0,                   1360,                      0,              0.0012459,              0.0012459,              0.0012459
                     23,                0.73626,                 9.0116,                0.55801,                0.65705,                0.91476,                0.00167,                    0.5,                0.07114,                0.00711,                      0,                      0,                      0,                      0,                      0,                      0,                      0,                      0,                      0,              0.0013008,              0.0013008,              0.0013008
                     24,                0.91353,                 8.7475,                0.56385,                 0.6889,                 1.0189,                0.00167,                    0.5,                0.07114,                0.00711,                      0,                      0,                      0,                      0,                    nan,                    nan,                    nan,                    nan,                    nan,              0.0013553,              0.0013553,              0.0013553
                     25,                0.75528,                 8.6776,                0.53446,                0.61226,                0.94053,                0.00167,                    0.5,                0.07114,                0.00711,                      0,                      0,                      0,                      0,                    nan,                    nan,                    nan,                    nan,                    nan,              0.0014097,              0.0014097,              0.0014097
                     26,                0.68308,                 8.6403,                0.54964,                0.58911,                 0.8929,                0.00167,                    0.5,                0.07114,                0.00711,                      0,                      0,                      0,                      0,                    nan,                    nan,                    nan,                    nan,                    nan,              0.0014638,              0.0014638,              0.0014638
                     27,                0.82498,                 8.6208,                0.56867,                0.70956,                0.96901,                0.00167,                    0.5,                0.07114,                0.00711,                      0,                      0,                      0,                      0,                    nan,                    nan,                    nan,                    nan,                    nan,              0.0015176,              0.0015176,              0.0015176
                     28,                0.75792,                 8.2442,                 0.5222,                0.64227,                0.94604,                0.00167,                    0.5,                0.07114,                0.00711,                      0,                      0,                      0,                      0,                    nan,                    nan,                    nan,                    nan,                    nan,              0.0015713,              0.0015713,              0.0015713
                     29,                0.88095,                 8.2445,                 0.5252,                0.74317,                0.99475,                0.00167,                    0.5,                0.07114,                0.00711,                      0,                      0,                      0,                      0,                    nan,                    nan,                    nan,                    nan,                    nan,              0.0016246,              0.0016246,              0.0016246
                     30,                0.88787,                 8.1414,                0.52741,                0.66353,                0.98691,                0.00167,                    0.5,                0.07114,                0.00711,                      0,                      0,                      0,                      0,                    nan,                    nan,                    nan,                    nan,                    nan,              0.0016778,              0.0016778,              0.0016778
                     31,                0.92076,                 7.6752,                0.55728,                0.65562,                  1.018,                0.00167,                    0.5,                0.07114,                0.00711,                      0,                      0,                      0,                      0,                    nan,                    nan,                    nan,                    nan,                    nan,              0.0017307,              0.0017307,              0.0017307
                     32,                0.92461,                 8.0575,                0.53205,                0.66442,                 1.0048,                0.00167,                    0.5,                0.07114,                0.00711,                      0,                      0,                      0,                      0,                      0,                      0,                      0,                    inf,                      0,              0.0017834,              0.0017834,              0.0017834
                     33,                0.84255,                 8.3776,                 0.5097,                0.64206,                0.97973,                0.00167,                    0.5,                0.07114,                0.00711,                      0,                      0,                      0,                      0,                      0,                      0,                      0,                    inf,                      0,              0.0018358,              0.0018358,              0.0018358
                     34,                0.81966,                 7.8987,                0.48952,                0.59054,                  1.008,                0.00333,                      1,                0.25064,                0.07539,                      0,                      0,                      0,                      0,                 2.8486,                     12,                      0,                    inf,                 245.86,              0.0018693,              0.0018693,              0.0018693
                     35,                0.82268,                 8.3299,                0.54439,                 0.6717,                0.96842,                0.00333,                      1,                0.25064,                0.07539,                      0,                      0,                      0,                      0,                 4.5473,                     12,                      0,                    inf,                 281.96,              0.0018654,              0.0018654,              0.0018654
                     36,                0.99321,                 8.1674,                0.49158,                 0.6587,                 1.0648,                0.00333,                      1,                0.25064,                0.07539,                      0,                      0,                      0,                      0,                      0,                      0,                      0,                    inf,                      0,              0.0018614,              0.0018614,              0.0018614
                     37,                 0.9167,                 8.0191,                 0.5355,                0.66357,                0.98768,                0.00333,                      1,                0.25064,                0.07539,                      0,                      0,                      0,                      0,                      0,                      0,                      0,                    inf,                      0,              0.0018574,              0.0018574,              0.0018574
                     38,                0.78707,                 7.6609,                0.50959,                0.62314,                0.98069,                0.00333,                      1,                 0.0103,                0.00402,                      0,                      0,                      0,                      0,                 2.8052,                 11.986,                0.03675,                    inf,                   9.37,              0.0018535,              0.0018535,              0.0018535
                     39,                0.79338,                 7.2262,                  0.508,                0.61566,                 0.9584,                0.00333,                      1,                 0.0103,                0.00402,                      0,                      0,                      0,                      0,                 6.2792,                 11.065,                0.49295,                    inf,                   12.3,              0.0018495,              0.0018495,              0.0018495
                     40,                0.81047,                 8.3385,                0.50806,                0.60692,                 0.9644,                0.07561,                    0.5,                 0.0712,                0.04984,                      0,                      0,                      0,                      0,                  1.224,                 9.7535,                0.36628,                 16.173,                  1.441,              0.0018456,              0.0018456,              0.0018456
                     41,                0.87127,                 7.4983,                0.52015,                0.63585,                0.94999,                0.07561,                    0.5,                 0.0712,                0.04984,                      0,                      0,                      0,                      0,                  1.224,                 9.7535,                0.36628,                 16.173,                  1.441,              0.0018416,              0.0018416,              0.0018416
                     42,                0.90778,                 7.2936,                0.54411,                0.68108,                  1.017,                      1,                    0.5,                0.49612,                0.30328,                      0,                      0,                      0,                      0,                0.92638,                 9.1413,                0.22564,                 11.122,                 1.3673,              0.0018376,              0.0018376,              0.0018376
                     43,                0.85849,                 7.4047,                0.53288,                0.61735,                0.94864,                      1,                    0.5,                0.49571,                0.39657,                      0,                      0,                      0,                      0,                0.76401,                  10.32,                0.14376,                 9.0825,                  1.367,              0.0018337,              0.0018337,              0.0018337
                     44,                0.83804,                  7.414,                 0.5094,                0.62879,                 1.0085,                0.66667,                      1,                0.82833,                0.59616,                      0,                      0,                      0,                      0,                0.74809,                 10.891,                0.12382,                 8.4784,                 1.4695,              0.0018297,              0.0018297,              0.0018297
                     45,                0.74204,                  6.757,                0.50047,                0.59362,                0.97312,                0.66667,                      1,                0.82833,                0.59616,                      0,                      0,                      0,                      0,                0.74809,                 10.891,                0.12382,                 8.4784,                 1.4695,              0.0018258,              0.0018258,              0.0018258
                     46,                0.77353,                 6.6701,                0.50197,                0.52679,                0.98377,                0.66667,                      1,                0.82833,                0.71281,                      0,                      0,                      0,                      0,                0.76499,                 8.9502,                0.17446,                 5.1118,                 1.1722,              0.0018218,              0.0018218,              0.0018218
                     47,                 0.7963,                 6.9285,                0.49103,                0.55515,                0.96182,                0.66667,                      1,                0.82833,                0.71281,                      0,                      0,                      0,                      0,                      0,                      0,                      0,                   1077,                      0,              0.0018178,              0.0018178,              0.0018178
                     48,                0.68212,                 6.8925,                0.47475,                0.54777,                 0.9042,                0.66667,                      1,                0.82833,                0.71281,                      0,                      0,                      0,                      0,                      0,                      0,                      0,                   1506,                      0,              0.0018139,              0.0018139,              0.0018139
                     49,                0.79626,                  6.796,                0.47602,                0.54543,                0.95337,                0.66667,                      1,                0.82833,                0.71281,                      0,                      0,                      0,                      0,                      0,                      0,                      0,                   1506,                      0,              0.0018099,              0.0018099,              0.0018099
                     50,                0.73585,                 6.6215,                 0.4671,                 0.5137,                0.92888,                0.66667,                      1,                0.82833,                0.71281,                      0,                      0,                      0,                      0,                      0,                      0,                      0,                   4924,                      0,               0.001806,               0.001806,               0.001806
                     51,                0.64613,                 6.2422,                0.50258,                0.50991,                0.88905,                0.66667,                      1,                0.82833,                0.71281,                      0,                      0,                      0,                      0,                      0,                      0,                      0,                   9816,                      0,               0.001802,               0.001802,               0.001802
                     52,                0.79389,                  6.806,                 0.4767,                0.62858,                0.99113,                0.66667,                      1,                0.82833,                0.71281,                      0,                      0,                      0,                      0,                0.26462,                     12,                 178.55,                  16848,                 15.881,               0.001798,               0.001798,               0.001798
                     53,                0.75031,                 5.8108,                  0.451,                0.56115,                0.96327,                0.66667,                      1,                0.82833,                0.71281,                      0,                      0,                      0,                      0,                0.26462,                     12,                 178.55,                  16848,                 15.881,              0.0017941,              0.0017941,              0.0017941
                     54,                0.71051,                 5.9864,                0.47547,                0.55686,                0.90003,                0.66667,                      1,                0.82833,                0.71281,                      0,                      0,                      0,                      0,                      0,                     12,                 115.46,                  11512,                  1e-05,              0.0017901,              0.0017901,              0.0017901
                     55,                0.79249,                 6.7121,                0.49481,                0.59955,                0.94881,                0.66667,                      1,                0.82833,                0.71281,                      0,                      0,                      0,                      0,                      0,                      0,                      0,                   9208,                      0,              0.0017862,              0.0017862,              0.0017862
                     56,                 0.7457,                 6.3759,                0.53602,                0.58556,                0.94436,                0.66667,                      1,                0.82833,                0.71281,                      0,                      0,                      0,                      0,                      0,                      0,                      0,                   6248,                      0,              0.0017822,              0.0017822,              0.0017822
                     57,                0.72458,                 5.9886,                0.47933,                0.58878,                0.96001,                0.66667,                      1,                0.82833,                0.71281,                      0,                      0,                      0,                      0,                      0,                      0,                      0,                   6248,                      0,              0.0017782,              0.0017782,              0.0017782
                     58,                0.60661,                 5.7673,                0.50787,                0.51892,                0.89447,                0.66667,                      1,                0.82833,                0.71281,                      0,                      0,                      0,                      0,                      0,                      0,                      0,                   1992,                      0,              0.0017743,              0.0017743,              0.0017743
                     59,                0.67736,                  5.866,                0.51397,                0.55019,                0.89541,                0.66667,                      1,                0.82833,                0.71281,                      0,                      0,                      0,                      0,                      0,                      0,                      0,                 185.75,                      0,              0.0017703,              0.0017703,              0.0017703
                     60,                0.68196,                 6.1572,                0.51176,                0.54452,                0.95263,                0.66667,                      1,                0.82833,                0.71281,                      0,                      0,                      0,                      0,                      0,                      0,                      0,                    448,                      0,              0.0017664,              0.0017664,              0.0017664
                     61,                0.66232,                 5.5521,                0.48109,                0.47636,                0.92756,                0.66667,                      1,                0.82833,                0.71281,                      0,                      0,                      0,                      0,                      0,                      0,                      0,                    448,                      0,              0.0017624,              0.0017624,              0.0017624
                     62,                0.76964,                  5.669,                0.48808,                0.55216,                  1.029,                0.04904,                    0.5,                0.03069,                0.01117,                      0,                      0,                      0,                      0,                 3.0117,                 8.2147,                0.29953,                 10.427,                 3.2158,              0.0017584,              0.0017584,              0.0017584
                     63,                0.69385,                 5.9363,                0.50727,                0.52719,                0.98834,                0.06157,                    0.5,                0.03719,                0.01244,                0.01605,                    0.5,                0.01951,                0.00585,                 3.2158,                 7.3762,                0.19266,                 7.8073,                 2.5231,              0.0017545,              0.0017545,              0.0017545
                     64,                0.73999,                 6.2738,                0.52448,                 0.5563,                0.93791,                0.93714,                      1,                  0.995,                 0.8955,                 0.4599,                    0.5,                0.24906,                0.04981,                0.59965,                  4.725,                0.19357,                 2.0772,                0.92771,              0.0017505,              0.0017505,              0.0017505
                     65,                0.64987,                 5.2096,                0.52282,                0.49699,                 0.9479,                0.93714,                      1,                  0.995,                 0.8955,                 0.4599,                    0.5,                0.24906,                0.04981,                0.59965,                  4.725,                0.19357,                 2.0772,                0.92771,              0.0017466,              0.0017466,              0.0017466
                     66,                0.69562,                 5.0552,                0.46715,                0.49798,                0.90866,                0.93372,                      1,                  0.995,                 0.8955,                      0,                      0,                      0,                      0,                0.64466,                  5.648,                0.19206,                 3.6696,                0.92238,              0.0017426,              0.0017426,              0.0017426
                     67,                0.64035,                 5.2922,                0.48732,                0.49337,                0.90824,                0.95536,                      1,                  0.995,                0.94505,                      0,                      0,                      0,                      0,                0.55551,                 6.6121,                0.18687,                 2.8522,                0.82954,              0.0017386,              0.0017386,              0.0017386
                     68,                0.63828,                 6.0775,                0.50652,                 0.5333,                 0.8991,                0.97333,                      1,                  0.995,                 0.8955,                0.97333,                      1,                  0.995,                0.24862,                0.58612,                 3.7684,                0.20863,                 1.0305,                0.79913,              0.0017347,              0.0017347,              0.0017347
                     69,                0.71282,                 5.7084,                0.49719,                0.55589,                0.96375,                0.97333,                      1,                  0.995,                 0.8955,                0.97333,                      1,                  0.995,                0.24862,                0.58612,                 3.7684,                0.20863,                 1.0305,                0.79913,              0.0017307,              0.0017307,              0.0017307
                     70,                0.70648,                 5.2152,                0.47153,                0.51695,                0.93283,                 0.9553,                      1,                  0.995,                0.84566,                 0.9553,                      1,                  0.995,                0.24882,                0.86107,                 4.8013,                0.23204,                 1.5078,                0.88902,              0.0017268,              0.0017268,              0.0017268
                     71,                0.70528,                 5.7144,                0.48632,                0.51224,                0.89977,                0.02798,                      1,                0.03109,                0.01024,                      0,                      0,                      0,                      0,                 2.6292,                 7.8758,                0.24747,                 5.0983,                 1.5899,              0.0017228,              0.0017228,              0.0017228
                     72,                0.66994,                 5.8812,                0.50619,                0.49962,                0.90464,                0.01386,                      1,                0.01715,                0.00343,                      0,                      0,                      0,                      0,                 3.1779,                 8.0472,                0.25348,                 5.3377,                 2.1434,              0.0017188,              0.0017188,              0.0017188
                     73,                0.69939,                 5.4309,                0.46655,                0.50852,                0.93668,                0.01386,                      1,                0.01715,                0.00343,                      0,                      0,                      0,                      0,                 3.1779,                 8.0472,                0.25348,                 5.3377,                 2.1434,              0.0017149,              0.0017149,              0.0017149
                     74,                 0.6912,                 5.6055,                0.50141,                 0.5031,                0.92101,                0.80995,                    0.5,                  0.695,                 0.3475,                0.80995,                    0.5,                 0.4965,                 0.0993,                  2.056,                 6.1066,                0.24553,                 2.5304,                 1.3752,              0.0017109,              0.0017109,              0.0017109
                     75,                 0.7036,                 5.2732,                0.50043,                0.52276,                0.95081,                0.95108,                      1,                  0.995,                  0.796,                0.95108,                      1,                  0.995,                 0.0995,                 1.0143,                  4.212,                0.22793,                 1.2044,                0.89003,               0.001707,               0.001707,               0.001707
                     76,                0.72568,                 4.7947,                0.50065,                0.48335,                0.93456,                0.96316,                      1,                  0.995,                 0.8955,                0.47844,                    0.5,                0.24792,                0.12396,                0.60509,                 4.1175,                0.20371,                  6.404,                0.80566,               0.001703,               0.001703,               0.001703
                     77,                0.63973,                 5.3437,                0.48737,                0.46509,                0.90924,                0.96316,                      1,                  0.995,                 0.8955,                0.47844,                    0.5,                0.24792,                0.12396,                0.60509,                 4.1175,                0.20371,                  6.404,                0.80566,               0.001699,               0.001699,               0.001699
                     78,                0.71841,                 5.4917,                0.50091,                0.48905,                0.93556,                0.97241,                      1,                  0.995,                0.82079,                0.48563,                    0.5,                0.24792,                0.04958,                0.64125,                 4.7661,                0.19805,                0.93768,                0.90155,              0.0016951,              0.0016951,              0.0016951
                     79,                0.74007,                 4.9472,                0.47319,                0.48826,                0.93035,                0.97433,                      1,                  0.995,                 0.8955,                0.97433,                      1,                  0.995,                 0.2734,                 0.6775,                 3.0882,                 0.2079,                0.70119,                0.92189,              0.0016911,              0.0016911,              0.0016911
                     80,                0.55754,                 4.8575,                 0.4731,                0.44366,                0.87798,                0.94939,                      1,                  0.995,                 0.8955,                0.47417,                    0.5,                  0.256,                 0.0768,                0.60506,                   4.11,                0.20203,                0.63981,                0.83611,              0.0016872,              0.0016872,              0.0016872
                     81,                0.69743,                   5.18,                0.46566,                0.48735,                0.89388,                0.94939,                      1,                  0.995,                 0.8955,                0.47417,                    0.5,                  0.256,                 0.0768,                0.60506,                   4.11,                0.20203,                0.63981,                0.83611,              0.0016832,              0.0016832,              0.0016832
                     82,                0.71276,                 5.3562,                0.48967,                0.50787,                0.93971,                 0.8948,                      1,                  0.995,                 0.8955,                0.44128,                    0.5,                0.25523,                0.02552,                0.59905,                 4.1875,                0.20106,                0.79872,                0.84808,              0.0016792,              0.0016792,              0.0016792
                     83,                0.70917,                 5.1422,                0.48312,                0.48814,                0.96693,                0.88696,                      1,                  0.995,                 0.8955,                0.88696,                      1,                  0.995,                 0.2244,                0.58131,                 3.7354,                0.20465,                 0.6828,                0.83891,              0.0016753,              0.0016753,              0.0016753
                     84,                0.63338,                 4.7514,                0.47403,                 0.5066,                0.94225,                0.90637,                      1,                  0.995,                0.82082,                0.90637,                      1,                  0.995,                0.44686,                0.70883,                 3.1703,                 0.2185,                 1.1135,                0.92529,              0.0016713,              0.0016713,              0.0016713
                     85,                0.67162,                 5.8007,                0.53187,                0.47354,                0.93352,                0.90637,                      1,                  0.995,                0.82082,                0.90637,                      1,                  0.995,                0.44686,                0.70883,                 3.1703,                 0.2185,                 1.1135,                0.92529,              0.0016674,              0.0016674,              0.0016674
                     86,                0.72613,                 4.8111,                0.49023,                0.51845,                0.96427,                0.90926,                      1,                  0.995,                 0.8955,                0.90926,                      1,                  0.995,                0.29859,                0.64637,                 3.3918,                0.21406,                 1.3254,                0.86963,              0.0016634,              0.0016634,              0.0016634
                     87,                0.52717,                 4.7682,                0.49334,                 0.4441,                0.91101,                0.96005,                      1,                  0.995,                 0.8955,                0.47661,                    0.5,                0.25343,                0.07603,                0.51167,                 4.9876,                0.20181,                0.78941,                0.77672,              0.0016594,              0.0016594,              0.0016594
                     88,                0.64799,                 4.5287,                0.46616,                0.45892,                0.92873,                0.97821,                      1,                  0.995,                 0.8955,                0.97821,                      1,                  0.995,                0.14938,                 0.5791,                 3.9119,                0.22202,                0.95626,                0.83238,              0.0016555,              0.0016555,              0.0016555
                     89,                 0.7152,                  5.064,                0.51522,                0.52199,                0.92818,                0.97821,                      1,                  0.995,                 0.8955,                0.97821,                      1,                  0.995,                0.14938,                 0.5791,                 3.9119,                0.22202,                0.95626,                0.83238,              0.0016515,              0.0016515,              0.0016515
                     90,                0.66833,                 4.3611,                0.44659,                0.45638,                0.93011,                0.97872,                      1,                  0.995,                0.82098,                0.48752,                    0.5,                0.24978,                0.04996,                0.52337,                 4.0575,                 0.2195,                0.63173,                0.81487,              0.0016476,              0.0016476,              0.0016476
                     91,                0.66929,                  4.777,                0.48212,                0.45555,                0.94472,                0.99959,                      1,                  0.995,                0.82104,                      0,                      0,                      0,                      0,                0.84517,                 4.9071,                0.23737,                0.75993,                0.87171,              0.0016436,              0.0016436,              0.0016436
                     92,                0.69123,                 5.0541,                0.44501,                0.50821,                0.96696,                0.96341,                      1,                  0.995,                 0.8955,                0.96341,                      1,                  0.995,                0.14958,                0.78011,                 3.9593,                0.24733,                0.75487,                0.88554,              0.0016396,              0.0016396,              0.0016396
                     93,                0.58065,                 4.6457,                0.53443,                0.41974,                0.91329,                0.96341,                      1,                  0.995,                 0.8955,                0.96341,                      1,                  0.995,                0.14958,                0.78011,                 3.9593,                0.24733,                0.75487,                0.88554,              0.0016357,              0.0016357,              0.0016357
                     94,                 0.6088,                 5.3296,                0.48171,                0.44518,                0.91745,                0.97904,                      1,                  0.995,                 0.8955,                0.49536,                    0.5,                 0.4969,                0.24845,                0.51139,                 3.3118,                0.22563,                0.39295,                0.78163,              0.0016317,              0.0016317,              0.0016317
                     95,                0.53635,                 5.4462,                0.52519,                0.42964,                0.93671,                0.97263,                      1,                  0.995,                 0.8955,                0.49111,                    0.5,                0.49875,                0.09975,                0.52055,                 3.8138,                0.21774,                0.56036,                0.78496,              0.0016278,              0.0016278,              0.0016278
                     96,                0.62031,                 5.1329,                 0.4956,                0.47509,                0.95033,                0.98111,                      1,                  0.995,                 0.8955,                      0,                      0,                      0,                      0,                0.56534,                 5.1393,                0.20406,                0.48257,                 0.8073,              0.0016238,              0.0016238,              0.0016238
                     97,                0.67837,                 5.2352,                0.46392,                0.46557,                0.93346,                0.98111,                      1,                  0.995,                 0.8955,                      0,                      0,                      0,                      0,                0.56534,                 5.1393,                0.20406,                0.48257,                 0.8073,              0.0016198,              0.0016198,              0.0016198
                     98,                0.57884,                  4.785,                 0.4887,                0.43211,                0.88273,                0.98126,                      1,                  0.995,                 0.8955,                      0,                      0,                      0,                      0,                0.58814,                 6.2926,                0.19402,                0.39296,                0.83765,              0.0016159,              0.0016159,              0.0016159
                     99,                0.59757,                 4.5435,                0.48137,                0.47001,                0.88829,                0.98015,                      1,                  0.995,                 0.8955,                0.49047,                    0.5,                0.49597,                0.24798,                 0.6397,                  3.719,                 0.2148,                0.44269,                0.90211,              0.0016119,              0.0016119,              0.0016119
                    100,                0.75592,                 4.6627,                0.48272,                0.49025,                0.99514,                0.97851,                      1,                  0.995,                0.84601,                0.97851,                      1,                  0.995,                0.44905,                0.67729,                 2.8883,                0.22779,                0.45037,                0.89637,               0.001608,               0.001608,               0.001608
                    101,                0.64853,                 4.5705,                0.49597,                0.43652,                0.93709,                0.97851,                      1,                  0.995,                0.84601,                0.97851,                      1,                  0.995,                0.44905,                0.67729,                 2.8883,                0.22779,                0.45037,                0.89637,               0.001604,               0.001604,               0.001604
                    102,                0.68574,                 4.4822,                0.48101,                 0.4641,                0.91596,                0.96928,                      1,                  0.995,                 0.8955,                0.96928,                      1,                  0.995,                0.50379,                0.51954,                   2.31,                0.22875,                 0.4028,                0.79682,                 0.0016,                 0.0016,                 0.0016
                    103,                0.56373,                  3.893,                0.45693,                0.43719,                0.87513,                0.98105,                      1,                  0.995,                 0.8955,                0.98105,                      1,                  0.995,                0.39955,                  0.508,                 2.5318,                  0.224,                0.37589,                0.79203,              0.0015961,              0.0015961,              0.0015961
                    104,                0.67167,                 4.4775,                0.46874,                 0.4616,                0.91203,                0.98165,                      1,                  0.995,                 0.8955,                0.98165,                      1,                  0.995,                0.30264,                0.50294,                 2.5775,                0.21192,                0.36232,                0.77728,              0.0015921,              0.0015921,              0.0015921
                    105,                 0.5929,                 4.2848,                0.48289,                0.44596,                0.90385,                0.98165,                      1,                  0.995,                 0.8955,                0.98165,                      1,                  0.995,                0.30264,                0.50294,                 2.5775,                0.21192,                0.36232,                0.77728,              0.0015882,              0.0015882,              0.0015882
                    106,                0.71617,                 4.4833,                0.45765,                0.47675,                0.93865,                0.97251,                      1,                  0.995,                 0.8955,                0.97251,                      1,                  0.995,                0.35228,                0.48491,                 2.7186,                0.20944,                0.40247,                0.76216,              0.0015842,              0.0015842,              0.0015842
                    107,                0.60788,                 4.1126,                0.48965,                0.44212,                0.92815,                 0.9337,                      1,                  0.995,                 0.8955,                 0.9337,                      1,                  0.995,                0.39962,                0.48474,                 3.0457,                0.21308,                0.65858,                0.77236,              0.0015802,              0.0015802,              0.0015802
                    108,                 0.6276,                 4.3773,                0.44064,                0.44423,                0.89461,                0.97705,                      1,                  0.995,                 0.8955,                0.49355,                    0.5,                    0.5,                   0.25,                0.54647,                  3.169,                0.22075,                0.49682,                0.83896,              0.0015763,              0.0015763,              0.0015763
                    109,                0.69582,                 4.7439,                0.50791,                0.48155,                0.93829,                0.97705,                      1,                  0.995,                 0.8955,                0.49355,                    0.5,                    0.5,                   0.25,                0.54647,                  3.169,                0.22075,                0.49682,                0.83896,              0.0015723,              0.0015723,              0.0015723
                    110,                0.68278,                 4.9847,                0.49108,                0.48076,                0.92934,                0.97605,                      1,                  0.995,                 0.8955,                0.97605,                      1,                  0.995,                0.45035,                0.55175,                 2.4137,                0.21949,                0.42238,                0.82417,              0.0015684,              0.0015684,              0.0015684
                    111,                 0.6684,                  4.307,                0.48267,                0.47296,                0.89132,                0.97558,                      1,                  0.995,                0.94552,                0.97558,                      1,                  0.995,                0.29904,                0.51239,                 2.6861,                0.22251,                0.39745,                0.79676,              0.0015644,              0.0015644,              0.0015644
                    112,                0.68341,                 4.3975,                0.48272,                0.48379,                0.96367,                0.97477,                      1,                  0.995,                0.94528,                0.97477,                      1,                  0.995,                0.34833,                0.47246,                  2.433,                0.22401,                0.35647,                0.77646,              0.0015604,              0.0015604,              0.0015604
                    113,                0.69006,                 4.7884,                 0.4264,                0.46276,                0.93414,                0.97477,                      1,                  0.995,                0.94528,                0.97477,                      1,                  0.995,                0.34833,                0.47246,                  2.433,                0.22401,                0.35647,                0.77646,              0.0015565,              0.0015565,              0.0015565
                    114,                0.66557,                 3.8836,                0.45734,                0.44768,                0.94056,                0.96795,                      1,                  0.995,                0.94537,                0.96795,                      1,                  0.995,                0.44862,                0.47092,                 2.2525,                0.22053,                0.46768,                0.76533,              0.0015525,              0.0015525,              0.0015525
                    115,                0.65337,                 4.5137,                0.48223,                0.45642,                0.92912,                0.95035,                      1,                  0.995,                 0.8955,                0.95035,                      1,                  0.995,                0.55046,                0.52867,                 2.1587,                0.22672,                 0.5539,                0.79533,              0.0015486,              0.0015486,              0.0015486
                    116,                0.62563,                 4.6029,                0.48451,                0.46371,                 0.9087,                0.93216,                      1,                  0.995,                0.94598,                0.93216,                      1,                  0.995,                  0.398,                0.46911,                 2.8546,                0.24238,                0.68575,                0.79209,              0.0015446,              0.0015446,              0.0015446
                    117,                0.58608,                 4.2663,                0.47401,                0.46384,                0.93289,                0.93216,                      1,                  0.995,                0.94598,                0.93216,                      1,                  0.995,                  0.398,                0.46911,                 2.8546,                0.24238,                0.68575,                0.79209,              0.0015406,              0.0015406,              0.0015406
                    118,                0.57813,                 4.5513,                0.46354,                0.46342,                0.88228,                0.91925,                      1,                  0.995,                  0.995,                0.91925,                      1,                  0.995,                 0.0995,                0.44045,                 3.4109,                0.23943,                0.74963,                0.76932,              0.0015367,              0.0015367,              0.0015367
                    119,                0.63013,                 4.2744,                0.45105,                0.42929,                0.91638,                0.93286,                      1,                  0.995,                0.94696,                0.93286,                      1,                  0.995,                0.15096,                0.46258,                  2.951,                0.22512,                 0.6447,                0.78224,              0.0015327,              0.0015327,              0.0015327
                    120,                0.62221,                 4.5334,                0.49106,                0.46331,                0.89931,                0.96476,                      1,                  0.995,                 0.8955,                0.96476,                      1,                  0.995,                0.30264,                0.55545,                 2.7013,                0.22463,                0.53811,                0.84075,              0.0015288,              0.0015288,              0.0015288
                    121,                0.59939,                 4.1468,                0.50191,                0.43926,                0.90461,                0.96476,                      1,                  0.995,                 0.8955,                0.96476,                      1,                  0.995,                0.30264,                0.55545,                 2.7013,                0.22463,                0.53811,                0.84075,              0.0015248,              0.0015248,              0.0015248
                    122,                0.58091,                  4.753,                0.53098,                0.48724,                0.91226,                 0.9572,                      1,                  0.995,                 0.8955,                 0.9572,                      1,                  0.995,                0.45246,                0.57404,                 2.5811,                0.22625,                0.56503,                0.85217,              0.0015208,              0.0015208,              0.0015208
                    123,                0.64365,                 4.1085,                0.46819,                0.45777,                 0.9187,                0.94542,                      1,                  0.995,                 0.8955,                0.94542,                      1,                  0.995,                0.50875,                0.51868,                 2.2714,                0.21663,                 0.5368,                0.81832,              0.0015169,              0.0015169,              0.0015169
                    124,                0.67618,                 4.3085,                0.48097,                0.47496,                 0.9516,                0.93354,                      1,                  0.995,                 0.8955,                0.93354,                      1,                  0.995,                  0.454,                 0.5061,                 2.5085,                0.20128,                0.57037,                0.81118,              0.0015129,              0.0015129,              0.0015129
                    125,                0.57786,                 4.2795,                0.49028,                 0.4318,                0.91563,                0.93354,                      1,                  0.995,                 0.8955,                0.93354,                      1,                  0.995,                  0.454,                 0.5061,                 2.5085,                0.20128,                0.57037,                0.81118,               0.001509,               0.001509,               0.001509
                    126,                0.59006,                 4.4021,                0.47643,                0.44792,                0.92101,                0.94263,                      1,                  0.995,                 0.8955,                0.94263,                      1,                  0.995,                0.45631,                0.53822,                 2.7326,                0.19652,                0.56061,                0.84677,               0.001505,               0.001505,               0.001505
                    127,                0.59604,                 4.3069,                0.50654,                0.47317,                0.91677,                0.92577,                      1,                  0.995,                0.84709,                0.92577,                      1,                  0.995,                0.50556,                0.58115,                 2.6704,                0.20049,                0.65739,                0.89182,               0.001501,               0.001501,               0.001501
                    128,                0.62359,                 3.3086,                0.43654,                0.42804,                0.93736,                0.89805,                      1,                  0.995,                0.84692,                0.89805,                      1,                  0.995,                0.50217,                0.59871,                 2.5682,                0.19807,                0.69646,                0.90286,              0.0014971,              0.0014971,              0.0014971
                    129,                0.57847,                 4.1345,                0.50652,                0.45699,                  0.888,                0.89805,                      1,                  0.995,                0.84692,                0.89805,                      1,                  0.995,                0.50217,                0.59871,                 2.5682,                0.19807,                0.69646,                0.90286,              0.0014931,              0.0014931,              0.0014931
                    130,                0.56656,                 3.9606,                0.48986,                0.43586,                 0.9124,                0.88262,                      1,                  0.995,                0.84684,                0.88262,                      1,                  0.995,                0.55271,                0.55623,                 2.4167,                0.19738,                0.68913,                0.86487,              0.0014892,              0.0014892,              0.0014892
                    131,                0.59239,                 3.6238,                0.44123,                0.43916,                0.92181,                0.88806,                      1,                  0.995,                 0.8955,                0.88806,                      1,                  0.995,                0.35338,                0.51485,                  2.568,                0.19548,                0.65464,                0.81106,              0.0014852,              0.0014852,              0.0014852
                    132,                0.56089,                  3.733,                0.48055,                0.40977,                0.91643,                0.92647,                      1,                  0.995,                 0.8955,                0.92647,                      1,                  0.995,                0.40175,                0.54986,                 2.3436,                0.19739,                0.51813,                0.81824,              0.0014812,              0.0014812,              0.0014812
                    133,                0.58177,                 3.7417,                0.45654,                0.40221,                 0.8592,                0.92647,                      1,                  0.995,                 0.8955,                0.92647,                      1,                  0.995,                0.40175,                0.54986,                 2.3436,                0.19739,                0.51813,                0.81824,              0.0014773,              0.0014773,              0.0014773
                    134,                 0.6504,                 3.8972,                0.46605,                0.44736,                0.91057,                0.95113,                      1,                  0.995,                 0.8955,                0.95113,                      1,                  0.995,                  0.199,                0.56798,                 3.0375,                0.18643,                0.42414,                0.83322,              0.0014733,              0.0014733,              0.0014733
                    135,                0.56377,                 3.8388,                0.45921,                 0.4187,                0.89487,                0.96421,                      1,                  0.995,                 0.8955,                0.96421,                      1,                  0.995,                 0.4038,                0.58949,                   2.78,                0.18639,                0.42583,                0.82733,              0.0014694,              0.0014694,              0.0014694
                    136,                0.53361,                  3.677,                0.46015,                0.40899,                  0.871,                0.96744,                      1,                  0.995,                0.84746,                0.96744,                      1,                  0.995,                0.34996,                0.60284,                 3.0432,                0.18177,                0.40271,                0.82687,              0.0014654,              0.0014654,              0.0014654
                    137,                0.56896,                 3.5008,                0.48508,                0.42426,                0.90263,                0.96744,                      1,                  0.995,                0.84746,                0.96744,                      1,                  0.995,                0.34996,                0.60284,                 3.0432,                0.18177,                0.40271,                0.82687,              0.0014614,              0.0014614,              0.0014614
                    138,                0.53887,                 3.8146,                0.47451,                0.39513,                0.88646,                0.95494,                      1,                  0.995,                 0.8955,                0.47701,                    0.5,                 0.2625,                 0.0525,                 0.5619,                 3.6144,                0.17838,                 0.3967,                0.81607,              0.0014575,              0.0014575,              0.0014575
                    139,                0.52055,                 3.8327,                0.46787,                 0.4069,                0.87629,                0.94087,                      1,                  0.995,                 0.8955,                0.94087,                      1,                  0.995,                0.30004,                0.52529,                 3.0132,                0.18141,                0.47497,                0.79602,              0.0014535,              0.0014535,              0.0014535
                    140,                0.54139,                 3.9649,                 0.4721,                0.40885,                0.93414,                0.94487,                      1,                  0.995,                 0.8955,                0.94487,                      1,                  0.995,                0.42529,                0.50007,                 2.1642,                0.19377,                0.49706,                0.78313,              0.0014496,              0.0014496,              0.0014496
                    141,                0.52273,                 3.7927,                0.53044,                0.38878,                0.89516,                0.94487,                      1,                  0.995,                 0.8955,                0.94487,                      1,                  0.995,                0.42529,                0.50007,                 2.1642,                0.19377,                0.49706,                0.78313,              0.0014456,              0.0014456,              0.0014456
                    142,                0.53597,                 3.9315,                0.48169,                0.38816,                0.89315,                  0.973,                      1,                  0.995,                 0.8955,                  0.973,                      1,                  0.995,                0.42697,                0.51618,                 2.1988,                0.19906,                0.33051,                0.78008,              0.0014416,              0.0014416,              0.0014416
                    143,                0.54373,                 4.1375,                0.46839,                 0.4167,                0.88661,                0.98182,                      1,                  0.995,                 0.8955,                0.98182,                      1,                  0.995,                 0.5715,                0.51267,                 2.3711,                0.18576,                0.34035,                0.78237,              0.0014377,              0.0014377,              0.0014377
                    144,                0.56077,                 3.3061,                0.45687,                0.42098,                0.89953,                0.96665,                      1,                  0.995,                 0.8955,                0.96665,                      1,                  0.995,                0.34861,                0.48568,                  3.253,                0.18107,                0.58405,                0.78865,              0.0014337,              0.0014337,              0.0014337
                    145,                0.56548,                 3.5372,                 0.4393,                0.40284,                 0.8731,                0.96665,                      1,                  0.995,                 0.8955,                0.96665,                      1,                  0.995,                0.34861,                0.48568,                  3.253,                0.18107,                0.58405,                0.78865,              0.0014298,              0.0014298,              0.0014298
                    146,                0.56801,                 3.3811,                0.45616,                0.39712,                0.87611,                0.96839,                      1,                  0.995,                 0.8955,                0.73867,                    0.5,                0.49734,                0.24867,                0.56347,                  3.478,                0.20462,                0.98145,                0.82922,              0.0014258,              0.0014258,              0.0014258
                    147,                0.63046,                 4.0175,                0.51077,                0.44037,                 0.9215,                0.97077,                      1,                  0.995,                0.94536,                0.97077,                      1,                  0.995,                0.44786,                0.38662,                 2.9259,                0.22172,                0.83556,                0.81143,              0.0014218,              0.0014218,              0.0014218
                    148,                0.57162,                 3.9174,                 0.4969,                0.43864,                0.90881,                0.97562,                      1,                  0.995,                0.84942,                0.97562,                      1,                  0.995,                0.40535,                 0.5724,                 2.1615,                0.21073,                0.36671,                0.82316,              0.0014179,              0.0014179,              0.0014179
                    149,                0.67923,                 3.9386,                0.47851,                 0.4698,                0.93977,                0.97562,                      1,                  0.995,                0.84942,                0.97562,                      1,                  0.995,                0.40535,                 0.5724,                 2.1615,                0.21073,                0.36671,                0.82316,              0.0014139,              0.0014139,              0.0014139
                    150,                0.57755,                 4.0564,                0.49298,                0.42523,                0.90689,                0.98141,                      1,                  0.995,                0.85825,                0.98141,                      1,                  0.995,                  0.423,                0.56341,                 2.2256,                0.19558,                0.28101,                0.83137,                0.00141,                0.00141,                0.00141
                    151,                0.57821,                 3.8102,                0.49038,                0.41102,                0.86402,                0.98176,                      1,                  0.995,                  0.854,                0.98176,                      1,                  0.995,                 0.4145,                0.58077,                 2.2521,                0.19631,                 0.2878,                0.85731,               0.001406,               0.001406,               0.001406
                    152,                0.63886,                 3.8245,                0.49857,                 0.4345,                0.92153,                0.98094,                      1,                  0.995,                0.85188,                0.98094,                      1,                  0.995,                0.36663,                0.66018,                 2.1589,                0.20005,                0.33258,                0.89444,               0.001402,               0.001402,               0.001402
                    153,                0.56594,                 3.5392,                0.49013,                0.40658,                0.91012,                0.98094,                      1,                  0.995,                0.85188,                0.98094,                      1,                  0.995,                0.36663,                0.66018,                 2.1589,                0.20005,                0.33258,                0.89444,              0.0013981,              0.0013981,              0.0013981
                    154,                0.57465,                 3.3524,                0.48644,                0.38754,                0.87464,                0.98175,                      1,                  0.995,                0.85014,                0.98175,                      1,                  0.995,                0.36141,                0.63469,                 2.2359,                0.19484,                0.26683,                 0.8674,              0.0013941,              0.0013941,              0.0013941
                    155,                0.55567,                 3.7625,                0.48069,                0.41626,                 0.8418,                0.98146,                      1,                  0.995,                0.82585,                0.98146,                      1,                  0.995,                 0.3781,                0.59724,                 2.1392,                0.19466,                0.24885,                 0.8489,              0.0013902,              0.0013902,              0.0013902
                    156,                0.53406,                 3.1692,                0.43533,                0.41043,                0.89069,                0.98184,                      1,                  0.995,                 0.8955,                0.98184,                      1,                  0.995,                0.41687,                0.56964,                 2.1829,                0.20059,                0.25218,                0.83027,              0.0013862,              0.0013862,              0.0013862
                    157,                0.52822,                 3.5756,                 0.5149,                0.41339,                0.86866,                0.98184,                      1,                  0.995,                 0.8955,                0.98184,                      1,                  0.995,                0.41687,                0.56964,                 2.1829,                0.20059,                0.25218,                0.83027,              0.0013822,              0.0013822,              0.0013822
                    158,                0.60593,                 3.7095,                0.46671,                 0.4399,                0.90981,                0.98164,                      1,                  0.995,                 0.8955,                0.98164,                      1,                  0.995,                 0.3985,                0.56026,                 2.6106,                0.20153,                0.24449,                0.80423,              0.0013783,              0.0013783,              0.0013783
                    159,                0.55683,                 3.1768,                0.45135,                0.41752,                0.88106,                0.98092,                      1,                  0.995,                 0.8955,                0.98092,                      1,                  0.995,                0.40795,                0.56067,                 2.6738,                0.19056,                0.25315,                 0.7758,              0.0013743,              0.0013743,              0.0013743
                    160,                0.50995,                 3.4248,                0.45397,                0.37073,                0.87942,                0.98087,                      1,                  0.995,                0.82712,                0.98087,                      1,                  0.995,                0.41687,                0.56972,                 2.5106,                0.18873,                0.27973,                0.77304,              0.0013704,              0.0013704,              0.0013704
                    161,                0.52004,                  3.682,                0.49953,                0.39486,                0.84228,                0.98087,                      1,                  0.995,                0.82712,                0.98087,                      1,                  0.995,                0.41687,                0.56972,                 2.5106,                0.18873,                0.27973,                0.77304,              0.0013664,              0.0013664,              0.0013664
                    162,                0.49903,                 3.2082,                 0.4754,                0.39241,                0.84959,                      1,                      1,                  0.995,                 0.8955,                      1,                      1,                  0.995,                  0.486,                0.57434,                 2.1433,                0.20095,                0.26539,                0.78033,              0.0013624,              0.0013624,              0.0013624
                    163,                0.55348,                 3.6315,                0.47503,                0.41031,                0.88156,                      1,                      1,                  0.995,                 0.8955,                      1,                      1,                  0.995,                 0.4485,                0.57653,                 2.1566,                0.20094,                0.26911,                0.77583,              0.0013585,              0.0013585,              0.0013585
                    164,                0.55996,                 3.4165,                0.46134,                0.42123,                0.89797,                0.98203,                      1,                  0.995,                 0.8955,                0.98203,                      1,                  0.995,                 0.3235,                0.57893,                 2.6265,                0.18864,                0.30605,                0.77336,              0.0013545,              0.0013545,              0.0013545
                    165,                0.60056,                 3.3374,                0.44064,                0.41866,                0.90054,                0.98203,                      1,                  0.995,                 0.8955,                0.98203,                      1,                  0.995,                 0.3235,                0.57893,                 2.6265,                0.18864,                0.30605,                0.77336,              0.0013506,              0.0013506,              0.0013506
                    166,                0.58917,                 3.8142,                0.47006,                0.43171,                0.87139,                0.98202,                      1,                  0.995,                 0.8955,                0.98202,                      1,                  0.995,                 0.3235,                0.60998,                 2.6155,                0.18985,                0.33663,                0.79902,              0.0013466,              0.0013466,              0.0013466
                    167,                0.53728,                 3.0864,                0.44648,                0.39095,                0.84678,                0.98224,                      1,                  0.995,                0.82394,                0.98224,                      1,                  0.995,                0.43819,                 0.6603,                  2.288,                0.20335,                 0.3135,                0.86851,              0.0013426,              0.0013426,              0.0013426
                    168,                0.67614,                 3.6867,                0.46498,                0.47048,                0.92669,                0.98198,                      1,                  0.995,                0.84975,                0.98198,                      1,                  0.995,                0.36025,                 0.6754,                 2.4054,                0.21196,                 0.2909,                0.89284,              0.0013387,              0.0013387,              0.0013387
                    169,                0.60748,                 3.6762,                0.47526,                0.42552,                0.92853,                0.98198,                      1,                  0.995,                0.84975,                0.98198,                      1,                  0.995,                0.36025,                 0.6754,                 2.4054,                0.21196,                 0.2909,                0.89284,              0.0013347,              0.0013347,              0.0013347
                    170,                0.55597,                  3.215,                0.48758,                0.42009,                0.91206,                0.98181,                      1,                  0.995,                0.85117,                0.98181,                      1,                  0.995,                 0.3645,                0.63895,                 2.2569,                0.20981,                 0.3071,                 0.8536,              0.0013308,              0.0013308,              0.0013308
                    171,                0.58589,                 3.4563,                0.43948,                0.40163,                0.84678,                0.98195,                      1,                  0.995,                 0.8955,                0.98195,                      1,                  0.995,                0.34825,                0.61409,                 2.2583,                0.20453,                0.27987,                0.83313,              0.0013268,              0.0013268,              0.0013268
                    172,                0.65776,                 3.3726,                0.49021,                0.42171,                0.89114,                  0.982,                      1,                  0.995,                 0.8557,                  0.982,                      1,                  0.995,                0.34825,                0.62225,                 2.3373,                0.20814,                0.31228,                0.85426,              0.0013228,              0.0013228,              0.0013228
                    173,                0.50218,                 3.5314,                0.46862,                0.39497,                  0.865,                  0.982,                      1,                  0.995,                 0.8557,                  0.982,                      1,                  0.995,                0.34825,                0.62225,                 2.3373,                0.20814,                0.31228,                0.85426,              0.0013189,              0.0013189,              0.0013189
                    174,                 0.5837,                  3.901,                0.47069,                0.42307,                0.89256,                0.98206,                      1,                  0.995,                 0.8557,                0.98206,                      1,                  0.995,                 0.3781,                0.60982,                 2.1677,                0.21312,                0.31648,                0.86763,              0.0013149,              0.0013149,              0.0013149
                    175,                  0.594,                 2.9771,                0.44527,                0.39283,                0.89915,                0.98198,                      1,                  0.995,                0.82712,                0.98198,                      1,                  0.995,                0.41687,                0.59129,                 2.0033,                0.21544,                0.29609,                0.87348,               0.001311,               0.001311,               0.001311
                    176,                0.64711,                 3.2644,                0.47674,                0.45804,                0.94001,                0.98144,                      1,                  0.995,                 0.8955,                0.98144,                      1,                  0.995,                0.63375,                0.58491,                 1.9826,                0.21508,                0.28593,                0.84659,               0.001307,               0.001307,               0.001307
                    177,                0.52477,                 3.9405,                0.50233,                0.39879,                0.87896,                0.98144,                      1,                  0.995,                 0.8955,                0.98144,                      1,                  0.995,                0.63375,                0.58491,                 1.9826,                0.21508,                0.28593,                0.84659,               0.001303,               0.001303,               0.001303
                    178,                 0.5601,                 3.4389,                0.48006,                 0.3987,                0.90716,                0.98175,                      1,                  0.995,                0.85188,                0.98175,                      1,                  0.995,                0.53425,                 0.5974,                 1.9807,                0.22202,                0.27289,                0.84818,              0.0012991,              0.0012991,              0.0012991
                    179,                0.54149,                 3.3976,                0.46055,                0.37493,                0.86762,                0.98188,                      1,                  0.995,                0.90775,                0.98188,                      1,                  0.995,                0.63375,                 0.5932,                 1.8294,                 0.2277,                0.30277,                0.85648,              0.0012951,              0.0012951,              0.0012951
                    180,                 0.5644,                   2.76,                0.44234,                0.39275,                0.91726,                0.98169,                      1,                  0.995,                0.90775,                0.98169,                      1,                  0.995,                0.63375,                0.57359,                 1.7677,                0.22126,                0.33482,                0.83293,              0.0012912,              0.0012912,              0.0012912
                    181,                0.51732,                 3.8495,                0.49928,                0.39643,                0.88551,                0.98169,                      1,                  0.995,                0.90775,                0.98169,                      1,                  0.995,                0.63375,                0.57359,                 1.7677,                0.22126,                0.33482,                0.83293,              0.0012872,              0.0012872,              0.0012872
                    182,                0.48036,                 3.3477,                0.52908,                0.38525,                0.87403,                      1,                      1,                  0.995,                 0.8955,                      1,                      1,                  0.995,                0.70925,                0.53542,                 1.7859,                0.22251,                0.30959,                0.80812,              0.0012832,              0.0012832,              0.0012832
                    183,                0.44863,                 3.7567,                0.50365,                0.34775,                0.86552,                      1,                      1,                  0.995,                 0.8955,                      1,                      1,                  0.995,                  0.647,                0.55014,                 1.7718,                0.23065,                0.29057,                0.80062,              0.0012793,              0.0012793,              0.0012793
                    184,                0.54128,                 3.1775,                0.47654,                0.39089,                0.89322,                      1,                      1,                  0.995,                  0.933,                      1,                      1,                  0.995,                0.60975,                 0.4911,                 1.7851,                0.23113,                0.34504,                0.76894,              0.0012753,              0.0012753,              0.0012753
                    185,                0.57525,                 3.0905,                0.45418,                0.39424,                0.89927,                      1,                      1,                  0.995,                  0.933,                      1,                      1,                  0.995,                0.60975,                 0.4911,                 1.7851,                0.23113,                0.34504,                0.76894,              0.0012714,              0.0012714,              0.0012714
                    186,                0.57683,                 2.7286,                0.43232,                0.40269,                0.94769,                0.98112,                      1,                  0.995,                0.92662,                0.98112,                      1,                  0.995,                0.63375,                0.44088,                 1.8991,                0.22003,                0.32034,                 0.7635,              0.0012674,              0.0012674,              0.0012674
                    187,                0.55709,                 3.7434,                0.43573,                0.41301,                0.88087,                0.98089,                      1,                  0.995,                 0.8955,                0.98089,                      1,                  0.995,                  0.621,                0.49015,                 2.0715,                0.21034,                0.31235,                0.77667,              0.0012634,              0.0012634,              0.0012634
                    188,                0.49226,                 3.9819,                0.51646,                0.38939,                0.88263,                      1,                      1,                  0.995,                 0.9205,                      1,                      1,                  0.995,                 0.5725,                0.56193,                 2.1113,                0.21046,                0.27886,                0.81324,              0.0012595,              0.0012595,              0.0012595
                    189,                0.54579,                 2.9081,                0.44462,                0.36962,                0.88761,                      1,                      1,                  0.995,                 0.9205,                      1,                      1,                  0.995,                 0.5725,                0.56193,                 2.1113,                0.21046,                0.27886,                0.81324,              0.0012555,              0.0012555,              0.0012555
                    190,                0.51678,                 3.7996,                0.47782,                0.36876,                0.89571,                0.98145,                      1,                  0.995,                0.90775,                0.98145,                      1,                  0.995,                0.57788,                0.56734,                 1.9865,                0.21128,                0.23944,                0.81469,              0.0012516,              0.0012516,              0.0012516
                    191,                0.50089,                  3.523,                0.52232,                0.37781,                0.87076,                      1,                      1,                  0.995,                  0.933,                      1,                      1,                  0.995,                 0.5235,                0.55136,                 2.0592,                0.20919,                 0.2453,                0.78923,              0.0012476,              0.0012476,              0.0012476
                    192,                0.52477,                 3.3167,                0.41709,                0.39834,                0.87318,                      1,                      1,                  0.995,                 0.8955,                      1,                      1,                  0.995,                 0.3865,                 0.5316,                 2.4708,                0.20366,                0.25751,                0.78284,              0.0012436,              0.0012436,              0.0012436
                    193,                0.48703,                 3.1144,                0.46807,                0.34378,                0.87417,                      1,                      1,                  0.995,                 0.8955,                      1,                      1,                  0.995,                 0.3865,                 0.5316,                 2.4708,                0.20366,                0.25751,                0.78284,              0.0012397,              0.0012397,              0.0012397
                    194,                0.56434,                 3.4384,                0.45333,                0.36934,                 0.8865,                      1,                      1,                  0.995,                  0.933,                      1,                      1,                  0.995,                 0.3865,                0.51714,                 2.2269,                0.20859,                0.25521,                0.78795,              0.0012357,              0.0012357,              0.0012357
                    195,                0.55294,                 3.0991,                0.47923,                0.36288,                0.89211,                0.98185,                      1,                  0.995,                0.92875,                0.98185,                      1,                  0.995,                  0.498,                0.45484,                 1.8871,                0.20666,                0.26882,                0.76894,              0.0012318,              0.0012318,              0.0012318
                    196,                 0.5433,                 3.1119,                0.44571,                0.38224,                0.87284,                0.98117,                      1,                  0.995,                0.94925,                0.98117,                      1,                  0.995,                  0.621,                0.48202,                 1.8435,                0.20416,                0.26516,                0.76751,              0.0012278,              0.0012278,              0.0012278
                    197,                0.57594,                 3.2618,                0.47992,                0.43348,                0.88478,                0.98117,                      1,                  0.995,                0.94925,                0.98117,                      1,                  0.995,                  0.621,                0.48202,                 1.8435,                0.20416,                0.26516,                0.76751,              0.0012238,              0.0012238,              0.0012238
                    198,                0.57912,                 3.2324,                0.45435,                0.40958,                0.91223,                0.97262,                      1,                  0.995,                0.94925,                0.97262,                      1,                  0.995,                  0.621,                0.52843,                 1.8403,                 0.2081,                0.29531,                0.78912,              0.0012199,              0.0012199,              0.0012199
                    199,                0.61288,                 3.1924,                0.45235,                0.41858,                0.92572,                0.96344,                      1,                  0.995,                0.92308,                0.96344,                      1,                  0.995,                0.43642,                0.57284,                 2.1538,                0.19899,                 0.3328,                0.82364,              0.0012159,              0.0012159,              0.0012159
                    200,                0.52566,                 2.8298,                0.44038,                0.40787,                0.87954,                0.95965,                      1,                  0.995,                0.94864,                0.95965,                      1,                  0.995,                0.51786,                0.58041,                 2.1726,                 0.1978,                0.33584,                0.82926,               0.001212,               0.001212,               0.001212
                    201,                0.53548,                 3.1551,                0.45504,                0.39163,                0.92313,                0.95965,                      1,                  0.995,                0.94864,                0.95965,                      1,                  0.995,                0.51786,                0.58041,                 2.1726,                 0.1978,                0.33584,                0.82926,               0.001208,               0.001208,               0.001208
                    202,                0.53828,                 3.6485,                0.45858,                0.37451,                0.86954,                0.97897,                      1,                  0.995,                 0.8955,                0.97897,                      1,                  0.995,                0.44775,                0.56039,                 1.7885,                0.20435,                0.26619,                 0.7976,               0.001204,               0.001204,               0.001204
                    203,                 0.5073,                 3.3299,                0.48902,                0.38774,                0.87362,                0.98181,                      1,                  0.995,                 0.8955,                0.98181,                      1,                  0.995,                0.45413,                0.59944,                  2.088,                0.20997,                0.31569,                0.83154,              0.0012001,              0.0012001,              0.0012001
                    204,                0.48734,                 2.7442,                0.43415,                 0.3399,                0.87131,                      1,                      1,                  0.995,                 0.8335,                      1,                      1,                  0.995,                 0.5235,                 0.6236,                 1.8241,                0.21074,                0.32104,                0.84974,              0.0011961,              0.0011961,              0.0011961
                    205,                0.58242,                 3.4372,                0.48008,                0.40271,                0.90231,                      1,                      1,                  0.995,                 0.8335,                      1,                      1,                  0.995,                 0.5235,                 0.6236,                 1.8241,                0.21074,                0.32104,                0.84974,              0.0011922,              0.0011922,              0.0011922
                    206,                0.57155,                 2.3537,                0.42806,                0.37522,                0.90086,                      1,                      1,                  0.995,                 0.8335,                      1,                      1,                  0.995,                 0.5235,                0.57878,                 1.6803,                0.21181,                0.29857,                 0.8057,              0.0011882,              0.0011882,              0.0011882
                    207,                0.53331,                 3.3047,                0.47478,                0.35933,                0.90389,                      1,                      1,                  0.995,                 0.8955,                      1,                      1,                  0.995,                  0.486,                0.52426,                 1.9317,                0.21045,                0.27787,                0.77781,              0.0011842,              0.0011842,              0.0011842
                    208,                0.54711,                 3.5283,                0.45854,                0.38566,                0.89329,                      1,                      1,                  0.995,                  0.933,                      1,                      1,                  0.995,                 0.5235,                 0.5522,                 1.7654,                0.21136,                0.26505,                0.79487,              0.0011803,              0.0011803,              0.0011803
                    209,                0.55404,                 2.8723,                0.43543,                0.38188,                0.87461,                      1,                      1,                  0.995,                  0.933,                      1,                      1,                  0.995,                 0.5235,                 0.5522,                 1.7654,                0.21136,                0.26505,                0.79487,              0.0011763,              0.0011763,              0.0011763
                    210,                0.51653,                 2.5434,                0.45581,                0.36833,                0.91085,                 0.9802,                      1,                  0.995,                 0.8955,                 0.9802,                      1,                  0.995,                 0.5345,                0.65834,                 1.5476,                0.21566,                0.29784,                0.86421,              0.0011724,              0.0011724,              0.0011724
                    211,                0.49029,                 2.9116,                0.43628,                0.36933,                0.86461,                0.97992,                      1,                  0.995,                0.82271,                0.97992,                      1,                  0.995,                0.50485,                0.68737,                 1.7599,                0.21428,                0.35961,                0.91039,              0.0011684,              0.0011684,              0.0011684
                    212,                0.52692,                 3.0435,                0.45658,                0.39884,                0.89913,                0.97042,                      1,                  0.995,                0.82196,                0.97042,                      1,                  0.995,                0.50186,                0.65547,                 1.7386,                0.21119,                 0.3097,                0.87346,              0.0011644,              0.0011644,              0.0011644
                    213,                0.49049,                 2.9126,                0.43414,                0.37094,                0.85649,                0.97042,                      1,                  0.995,                0.82196,                0.97042,                      1,                  0.995,                0.50186,                0.65547,                 1.7386,                0.21119,                 0.3097,                0.87346,              0.0011605,              0.0011605,              0.0011605
                    214,                0.51118,                 2.6595,                0.44738,                0.35124,                0.86256,                0.98081,                      1,                  0.995,                 0.8955,                0.98081,                      1,                  0.995,                0.52729,                0.61124,                 1.5872,                0.21141,                0.29211,                0.82999,              0.0011565,              0.0011565,              0.0011565
                    215,                0.58818,                 3.4923,                0.49048,                0.43623,                0.89393,                0.98087,                      1,                  0.995,                0.94783,                0.98087,                      1,                  0.995,                0.42558,                0.44202,                 2.1416,                0.22134,                 0.3779,                0.76405,              0.0011526,              0.0011526,              0.0011526
                    216,                0.54709,                 3.1281,                0.43403,                0.36865,                0.90754,                      1,                      1,                  0.995,                  0.933,                      1,                      1,                  0.995,                 0.5475,                0.38739,                 1.8669,                0.21771,                0.31245,                0.74608,              0.0011486,              0.0011486,              0.0011486
                    217,                0.57474,                 3.2893,                0.49119,                0.44119,                0.91302,                      1,                      1,                  0.995,                  0.933,                      1,                      1,                  0.995,                 0.5475,                0.38739,                 1.8669,                0.21771,                0.31245,                0.74608,              0.0011446,              0.0011446,              0.0011446
                    218,                0.55245,                 3.3852,                0.48601,                 0.4162,                0.88149,                      1,                      1,                  0.995,                 0.8955,                      1,                      1,                  0.995,                0.60975,                0.39275,                  1.725,                0.21125,                0.29306,                0.74486,              0.0011407,              0.0011407,              0.0011407
                    219,                0.49008,                 2.6029,                0.44778,                0.34751,                0.86186,                      1,                      1,                  0.995,                0.95775,                      1,                      1,                  0.995,                 0.5475,                 0.4224,                 1.8218,                0.20716,                0.27515,                0.75777,              0.0011367,              0.0011367,              0.0011367
                    220,                0.54825,                 2.7834,                0.44583,                0.38179,                0.87012,                      1,                      1,                  0.995,                0.95775,                      1,                      1,                  0.995,                0.60975,                0.45646,                 1.7644,                 0.2076,                0.26287,                0.77422,              0.0011328,              0.0011328,              0.0011328
                    221,                0.54728,                 2.9398,                0.44115,                0.38987,                0.89295,                      1,                      1,                  0.995,                0.95775,                      1,                      1,                  0.995,                0.60975,                0.45646,                 1.7644,                 0.2076,                0.26287,                0.77422,              0.0011288,              0.0011288,              0.0011288
                    222,                 0.4775,                 3.3499,                0.43698,                0.37408,                 0.8441,                      1,                      1,                  0.995,                 0.8955,                      1,                      1,                  0.995,                  0.561,                0.47829,                 1.4444,                0.20329,                0.24076,                0.78425,              0.0011248,              0.0011248,              0.0011248
                    223,                 0.5787,                 3.1301,                0.46203,                0.39648,                0.90236,                  0.981,                      1,                  0.995,                 0.8955,                  0.981,                      1,                  0.995,                0.58475,                0.47233,                 1.3449,                0.20371,                 0.2172,                0.77877,              0.0011209,              0.0011209,              0.0011209
                    224,                0.63875,                 2.7986,                0.41526,                0.38511,                 0.9305,                0.98085,                      1,                  0.995,                0.95137,                0.98085,                      1,                  0.995,                0.67738,                 0.4629,                 1.3685,                0.20129,                0.20284,                0.77522,              0.0011169,              0.0011169,              0.0011169
                    225,                0.60725,                  3.107,                0.44709,                0.39641,                0.92194,                0.98085,                      1,                  0.995,                0.95137,                0.98085,                      1,                  0.995,                0.67738,                 0.4629,                 1.3685,                0.20129,                0.20284,                0.77522,               0.001113,               0.001113,               0.001113
                    226,                0.51239,                 2.5645,                0.42212,                0.36102,                 0.8702,                0.97895,                      1,                  0.995,                0.84914,                0.97895,                      1,                  0.995,                0.53086,                0.48472,                 1.4606,                0.19341,                0.21375,                0.77425,               0.001109,               0.001109,               0.001109
                    227,                0.53554,                 3.1178,                0.45398,                 0.4025,                0.87335,                0.97806,                      1,                  0.995,                0.84772,                0.97806,                      1,                  0.995,                0.52729,                0.61537,                 1.4793,                0.19217,                0.31509,                0.77675,               0.001105,               0.001105,               0.001105
                    228,                0.50762,                 3.1687,                0.44799,                0.42074,                0.86338,                0.97997,                      1,                  0.995,                0.84726,                0.97997,                      1,                  0.995,                0.52615,                0.65543,                 1.6975,                 0.1881,                0.35041,                0.77793,              0.0011011,              0.0011011,              0.0011011
                    229,                 0.4546,                 2.4819,                0.44338,                 0.3694,                0.87601,                0.97997,                      1,                  0.995,                0.84726,                0.97997,                      1,                  0.995,                0.52615,                0.65543,                 1.6975,                 0.1881,                0.35041,                0.77793,              0.0010971,              0.0010971,              0.0010971
                    230,                0.51048,                 3.1888,                0.46664,                0.39115,                0.88283,                0.98072,                      1,                  0.995,                0.84726,                0.98072,                      1,                  0.995,                0.52615,                 0.6283,                 1.6909,                0.18836,                0.32844,                0.78072,              0.0010932,              0.0010932,              0.0010932
                    231,                 0.4565,                  2.724,                0.43989,                0.35091,                0.84329,                      1,                      1,                  0.995,                  0.871,                      1,                      1,                  0.995,                 0.5235,                0.60508,                 1.7921,                0.19055,                 0.2829,                0.80189,              0.0010892,              0.0010892,              0.0010892
                    232,                0.56896,                 2.8507,                0.42479,                 0.4153,                0.90551,                0.98087,                      1,                  0.995,                0.85014,                0.98087,                      1,                  0.995,                0.53334,                0.55268,                 1.7373,                0.20101,                0.30417,                0.79541,              0.0010852,              0.0010852,              0.0010852
                    233,                0.48884,                 2.7724,                0.45142,                0.34708,                0.87816,                0.98087,                      1,                  0.995,                0.85014,                0.98087,                      1,                  0.995,                0.53334,                0.55268,                 1.7373,                0.20101,                0.30417,                0.79541,              0.0010813,              0.0010813,              0.0010813
                    234,                0.46986,                 2.6267,                0.43943,                  0.345,                0.84182,                0.97741,                      1,                  0.995,                0.84623,                0.97741,                      1,                  0.995,                0.57284,                0.51599,                 1.7171,                0.20758,                0.32504,                0.78399,              0.0010773,              0.0010773,              0.0010773
                    235,                 0.4852,                 2.5219,                0.43173,                 0.3441,                0.84087,                0.97926,                      1,                  0.995,                0.84793,                0.97926,                      1,                  0.995,                0.67489,                0.51386,                 1.4158,                 0.1989,                0.31955,                0.77933,              0.0010734,              0.0010734,              0.0010734
                    236,                0.54045,                 2.7627,                 0.4518,                0.40556,                0.88234,                0.98107,                      1,                  0.995,                0.84833,                0.98107,                      1,                  0.995,                0.70683,                0.56892,                 1.4205,                0.20063,                  0.331,                0.79309,              0.0010694,              0.0010694,              0.0010694
                    237,                0.53479,                 2.6684,                0.42286,                0.36074,                0.89368,                0.98107,                      1,                  0.995,                0.84833,                0.98107,                      1,                  0.995,                0.70683,                0.56892,                 1.4205,                0.20063,                  0.331,                0.79309,              0.0010654,              0.0010654,              0.0010654
                    238,                0.47952,                  2.819,                0.42564,                0.33285,                 0.8118,                0.98142,                      1,                  0.995,                0.90138,                0.98142,                      1,                  0.995,                0.70825,                0.60634,                 1.4022,                 0.2052,                0.29979,                0.81969,              0.0010615,              0.0010615,              0.0010615
                    239,                0.47544,                 2.6554,                0.45088,                0.35663,                0.84111,                0.98173,                      1,                  0.995,                0.90229,                0.98173,                      1,                  0.995,                0.61057,                0.58172,                 1.6026,                0.20775,                0.24544,                0.82994,              0.0010575,              0.0010575,              0.0010575
                    240,                 0.5416,                 3.0108,                 0.4901,                0.36077,                0.89685,                0.98161,                      1,                  0.995,                 0.8955,                0.98161,                      1,                  0.995,                0.75506,                0.56013,                 1.5414,                0.21555,                0.24897,                 0.8212,              0.0010536,              0.0010536,              0.0010536
                    241,                0.51732,                 2.8152,                0.47389,                0.33988,                0.86315,                0.98161,                      1,                  0.995,                 0.8955,                0.98161,                      1,                  0.995,                0.75506,                0.56013,                 1.5414,                0.21555,                0.24897,                 0.8212,              0.0010496,              0.0010496,              0.0010496
                    242,                 0.5743,                 3.0738,                 0.4209,                0.39198,                  0.938,                0.98139,                      1,                  0.995,                 0.8955,                0.98139,                      1,                  0.995,                0.65288,                0.52449,                 1.4624,                 0.2246,                0.25624,                0.80774,              0.0010456,              0.0010456,              0.0010456
                    243,                0.54032,                  2.738,                0.43274,                0.37729,                0.88277,                0.98154,                      1,                  0.995,                 0.9245,                0.98154,                      1,                  0.995,                 0.5265,                0.51018,                 1.5976,                 0.2266,                 0.2524,                0.81021,              0.0010417,              0.0010417,              0.0010417
                    244,                0.52119,                 2.9441,                0.43703,                0.36788,                0.89561,                0.98162,                      1,                  0.995,                0.92344,                0.98162,                      1,                  0.995,                0.62494,                0.52462,                  1.302,                0.21601,                0.27864,                0.80421,              0.0010377,              0.0010377,              0.0010377
                    245,                0.51108,                 2.7278,                0.44503,                0.35824,                0.90415,                0.98162,                      1,                  0.995,                0.92344,                0.98162,                      1,                  0.995,                0.62494,                0.52462,                  1.302,                0.21601,                0.27864,                0.80421,              0.0010338,              0.0010338,              0.0010338
                    246,                0.46891,                 2.5263,                 0.4219,                0.35305,                0.84623,                0.98115,                      1,                  0.995,                 0.8955,                0.98115,                      1,                  0.995,                0.65114,                0.51165,                  1.226,                0.21502,                0.28992,                0.78919,              0.0010298,              0.0010298,              0.0010298
                    247,                0.53702,                 3.5277,                0.48076,                0.39465,                0.85984,                0.97924,                      1,                  0.995,                 0.8955,                0.97924,                      1,                  0.995,                  0.749,                0.51708,                 1.2299,                 0.2202,                 0.2965,                0.77598,              0.0010258,              0.0010258,              0.0010258
                    248,                0.53703,                 3.3885,                0.45595,                 0.4004,                0.89111,                0.97962,                      1,                  0.995,                 0.8955,                0.97962,                      1,                  0.995,                0.67408,                0.59413,                 1.2863,                0.22754,                0.35747,                0.80344,              0.0010219,              0.0010219,              0.0010219
                    249,                0.49149,                 2.4856,                0.43556,                0.33129,                0.90539,                0.97962,                      1,                  0.995,                 0.8955,                0.97962,                      1,                  0.995,                0.67408,                0.59413,                 1.2863,                0.22754,                0.35747,                0.80344,              0.0010179,              0.0010179,              0.0010179
                    250,                0.56039,                 2.3729,                0.41281,                 0.3877,                0.87695,                 0.9707,                      1,                  0.995,                 0.8955,                 0.9707,                      1,                  0.995,                0.64872,                0.67349,                 1.3861,                0.23273,                0.44624,                0.83851,               0.001014,               0.001014,               0.001014
                    251,                0.55217,                 3.0312,                0.45068,                0.39541,                0.89642,                0.96736,                      1,                  0.995,                 0.8955,                0.96736,                      1,                  0.995,                0.55164,                0.63359,                 1.5602,                0.23472,                0.37382,                0.84253,                0.00101,                0.00101,                0.00101
                    252,                0.49276,                    2.8,                0.47246,                0.35766,                 0.8731,                  0.941,                      1,                  0.995,                 0.8955,                  0.941,                      1,                  0.995,                0.58268,                0.56058,                 1.5831,                0.23354,                0.43374,                 0.8155,               0.001006,               0.001006,               0.001006
                    253,                0.45484,                 2.5087,                0.43183,                0.36364,                0.84986,                  0.941,                      1,                  0.995,                 0.8955,                  0.941,                      1,                  0.995,                0.58268,                0.56058,                 1.5831,                0.23354,                0.43374,                 0.8155,              0.0010021,              0.0010021,              0.0010021
                    254,                0.54741,                 2.4783,                0.45923,                0.37123,                0.87691,                0.95996,                      1,                  0.995,                0.92389,                0.95996,                      1,                  0.995,                0.68218,                 0.5247,                 1.2815,                0.22144,                0.37902,                 0.7976,             0.00099812,             0.00099812,             0.00099812
                    255,                0.55903,                 2.8017,                0.45474,                0.38448,                0.85372,                0.97872,                      1,                  0.995,                0.92389,                0.97872,                      1,                  0.995,                0.68218,                0.55195,                 1.0973,                0.20862,                 0.3052,                0.79892,             0.00099416,             0.00099416,             0.00099416
                    256,                0.49641,                 2.2868,                0.43893,                0.36582,                0.87538,                0.97835,                      1,                  0.995,                0.85825,                0.97835,                      1,                  0.995,                  0.622,                0.57438,                  1.259,                0.19644,                0.32517,                0.81294,              0.0009902,              0.0009902,              0.0009902
                    257,                0.56055,                 2.7168,                0.44602,                0.39855,                0.88649,                0.97835,                      1,                  0.995,                0.85825,                0.97835,                      1,                  0.995,                  0.622,                0.57438,                  1.259,                0.19644,                0.32517,                0.81294,             0.00098624,             0.00098624,             0.00098624
                    258,                0.49072,                 2.6094,                0.45549,                0.36357,                0.87833,                0.97821,                      1,                  0.995,                0.78605,                0.97821,                      1,                  0.995,                 0.6567,                0.57042,                 1.2642,                0.20349,                0.38629,                0.81415,             0.00098228,             0.00098228,             0.00098228
                    259,                 0.4668,                 2.3037,                0.42577,                0.34896,                0.85431,                 0.9799,                      1,                  0.995,                0.78605,                 0.9799,                      1,                  0.995,                 0.6567,                0.62899,                 1.3224,                0.20663,                0.34994,                0.82335,             0.00097832,             0.00097832,             0.00097832
                    260,                0.49222,                 2.1888,                0.42745,                0.34181,                0.88522,                0.98141,                      1,                  0.995,                 0.8557,                0.98141,                      1,                  0.995,                 0.5572,                0.56717,                 1.3614,                0.20137,                0.32807,                 0.8127,             0.00097436,             0.00097436,             0.00097436
                    261,                0.52205,                 2.1475,                0.42769,                0.33976,                0.85549,                0.98141,                      1,                  0.995,                 0.8557,                0.98141,                      1,                  0.995,                 0.5572,                0.56717,                 1.3614,                0.20137,                0.32807,                 0.8127,              0.0009704,              0.0009704,              0.0009704
                    262,                0.49534,                 2.8859,                0.43887,                 0.3722,                 0.8859,                0.98155,                      1,                  0.995,                 0.8625,                0.98155,                      1,                  0.995,                  0.564,                0.58107,                 1.4172,                0.20128,                0.32186,                 0.8282,             0.00096644,             0.00096644,             0.00096644
                    263,                0.52614,                 2.0661,                0.42219,                 0.3607,                0.90496,                      1,                      1,                  0.995,                 0.8335,                      1,                      1,                  0.995,                  0.672,                0.60748,                 1.3151,                0.21259,                 0.2994,                0.82898,             0.00096248,             0.00096248,             0.00096248
                    264,                0.55529,                 2.2277,                0.42496,                0.36268,                0.87019,                      1,                      1,                  0.995,                 0.8955,                      1,                      1,                  0.995,                 0.7215,                0.57175,                  1.341,                 0.2139,                0.25666,                0.80629,             0.00095852,             0.00095852,             0.00095852
                    265,                0.53985,                 2.1167,                0.41653,                0.35366,                0.88499,                      1,                      1,                  0.995,                 0.8955,                      1,                      1,                  0.995,                 0.7215,                0.57175,                  1.341,                 0.2139,                0.25666,                0.80629,             0.00095456,             0.00095456,             0.00095456
                    266,                0.53599,                 2.4383,                0.44028,                0.39902,                0.90106,                0.98176,                      1,                  0.995,                 0.8955,                0.98176,                      1,                  0.995,                0.66513,                0.52372,                 1.4451,                  0.204,                0.24161,                0.78108,              0.0009506,              0.0009506,              0.0009506
                    267,                0.47949,                 2.4806,                0.47407,                0.33235,                0.87035,                0.98156,                      1,                  0.995,                0.90775,                0.98156,                      1,                  0.995,                0.66513,                0.51888,                 1.5117,                0.19861,                0.25316,                0.77521,             0.00094664,             0.00094664,             0.00094664
                    268,                0.56064,                 2.6357,                0.43794,                  0.364,                0.89373,                0.98137,                      1,                  0.995,                0.85825,                0.98137,                      1,                  0.995,                  0.622,                0.52233,                 1.2704,                 0.2021,                0.26772,                0.78225,             0.00094268,             0.00094268,             0.00094268
                    269,                  0.504,                 2.5731,                0.40486,                0.36509,                0.88907,                0.98137,                      1,                  0.995,                0.85825,                0.98137,                      1,                  0.995,                  0.622,                0.52233,                 1.2704,                 0.2021,                0.26772,                0.78225,             0.00093872,             0.00093872,             0.00093872
                    270,                0.46793,                  2.129,                0.44442,                0.32965,                0.88312,                0.98105,                      1,                  0.995,                0.92662,                0.98105,                      1,                  0.995,                0.69037,                0.54449,                 1.1716,                0.20018,                0.24353,                0.78777,             0.00093476,             0.00093476,             0.00093476
                    271,                0.52799,                  2.952,                0.48319,                0.39117,                0.88394,                0.98079,                      1,                  0.995,                0.92662,                0.98079,                      1,                  0.995,                 0.7215,                0.55185,                0.96808,                 0.2124,                0.27935,                0.78304,              0.0009308,              0.0009308,              0.0009308
                    272,                0.49998,                 2.5348,                0.40784,                0.34396,                0.87034,                0.98104,                      1,                  0.995,                0.92535,                0.98104,                      1,                  0.995,                 0.7562,                0.58066,                0.96701,                0.20954,                0.25806,                0.77965,             0.00092684,             0.00092684,             0.00092684
                    273,                0.51845,                  2.491,                0.42765,                0.36759,                0.85944,                0.98104,                      1,                  0.995,                0.92535,                0.98104,                      1,                  0.995,                 0.7562,                0.58066,                0.96701,                0.20954,                0.25806,                0.77965,             0.00092288,             0.00092288,             0.00092288
                    274,                0.45201,                  2.605,                0.45842,                0.36389,                0.85813,                 0.9815,                      1,                  0.995,                0.82585,                 0.9815,                      1,                  0.995,                 0.6567,                0.64882,                 1.2626,                0.20206,                0.29139,                0.79009,             0.00091892,             0.00091892,             0.00091892
                    275,                0.49307,                 2.4765,                0.44746,                0.38974,                 0.8937,                0.98165,                      1,                  0.995,                0.82585,                0.98165,                      1,                  0.995,                0.68655,                0.60853,                 1.2818,                0.20048,                0.26928,                0.78738,             0.00091496,             0.00091496,             0.00091496
                    276,                0.47852,                 2.5544,                0.44305,                0.34431,                0.85565,                0.98207,                      1,                  0.995,                0.85279,                0.98207,                      1,                  0.995,                0.68218,                0.53214,                 1.0099,                0.20626,                0.27431,                0.79308,               0.000911,               0.000911,               0.000911
                    277,                 0.4918,                 2.3463,                0.44511,                0.35478,                0.86793,                0.98207,                      1,                  0.995,                0.85279,                0.98207,                      1,                  0.995,                0.68218,                0.53214,                 1.0099,                0.20626,                0.27431,                0.79308,             0.00090704,             0.00090704,             0.00090704
                    278,                0.54357,                 2.2581,                0.43537,                0.39044,                0.88299,                0.98187,                      1,                  0.995,                0.92389,                0.98187,                      1,                  0.995,                0.68218,                0.55142,                0.91208,                 0.2165,                 0.3132,                0.80715,             0.00090308,             0.00090308,             0.00090308
                    279,                0.55601,                 2.9602,                0.43518,                   0.41,                0.92603,                0.98191,                      1,                  0.995,                0.85279,                0.98191,                      1,                  0.995,                0.78168,                 0.5757,                0.84363,                 0.2243,                0.32289,                0.81317,             0.00089912,             0.00089912,             0.00089912
                    280,                0.49005,                 2.4785,                0.44298,                0.37028,                0.87865,                0.98174,                      1,                  0.995,                 0.8557,                0.98174,                      1,                  0.995,                 0.7562,                0.60172,                0.95269,                 0.2254,                0.29801,                0.80438,             0.00089516,             0.00089516,             0.00089516
                    281,                0.54443,                 2.3526,                0.42625,                0.35678,                0.90386,                0.98174,                      1,                  0.995,                 0.8557,                0.98174,                      1,                  0.995,                 0.7562,                0.60172,                0.95269,                 0.2254,                0.29801,                0.80438,              0.0008912,              0.0008912,              0.0008912
                    282,                0.49127,                 2.4234,                0.41695,                 0.3393,                0.84508,                 0.9819,                      1,                  0.995,                  0.854,                 0.9819,                      1,                  0.995,                  0.684,                0.63265,                 1.1067,                0.21345,                0.28609,                0.80354,             0.00088724,             0.00088724,             0.00088724
                    283,                0.51671,                 2.0896,                0.39438,                0.34881,                0.85253,                0.98154,                      1,                  0.995,                 0.8557,                0.98154,                      1,                  0.995,                 0.6169,                0.60967,                 1.1789,                0.21011,                0.31132,                0.79824,             0.00088328,             0.00088328,             0.00088328
                    284,                0.60519,                 2.6177,                0.41461,                0.39305,                0.92593,                0.98152,                      1,                  0.995,                 0.8625,                0.98152,                      1,                  0.995,                 0.6635,                0.54174,                 1.0451,                0.22081,                0.30931,                0.78503,             0.00087932,             0.00087932,             0.00087932
                    285,                0.47831,                 2.0885,                0.37747,                0.34104,                0.85954,                0.98152,                      1,                  0.995,                 0.8625,                0.98152,                      1,                  0.995,                 0.6635,                0.54174,                 1.0451,                0.22081,                0.30931,                0.78503,             0.00087536,             0.00087536,             0.00087536
                    286,                0.54729,                  2.704,                0.45092,                0.37897,                0.86356,                0.98139,                      1,                  0.995,                0.92875,                0.98139,                      1,                  0.995,                  0.763,                0.48467,                0.88836,                0.22208,                0.26785,                0.76474,              0.0008714,              0.0008714,              0.0008714
                    287,                0.50825,                 2.0071,                0.40468,                0.36243,                0.86472,                0.98149,                      1,                  0.995,                 0.8557,                0.98149,                      1,                  0.995,                 0.7562,                0.49849,                 0.8561,                0.21568,                0.27086,                0.76808,             0.00086744,             0.00086744,             0.00086744
                    288,                0.45171,                 2.4295,                0.43479,                0.35505,                 0.8658,                0.98152,                      1,                  0.995,                  0.854,                0.98152,                      1,                  0.995,                 0.7255,                0.50357,                0.95332,                0.20894,                0.25285,                0.76743,             0.00086348,             0.00086348,             0.00086348
                    289,                0.50322,                 2.1025,                0.42498,                0.32913,                0.86567,                0.98152,                      1,                  0.995,                  0.854,                0.98152,                      1,                  0.995,                 0.7255,                0.50357,                0.95332,                0.20894,                0.25285,                0.76743,             0.00085952,             0.00085952,             0.00085952
                    290,                0.50486,                 2.2482,                0.40579,                 0.3472,                0.87892,                0.98147,                      1,                  0.995,                0.85279,                0.98147,                      1,                  0.995,                0.72489,                0.50702,                 1.0235,                0.21838,                0.25884,                0.77213,             0.00085556,             0.00085556,             0.00085556
                    291,                0.48684,                 2.5012,                0.43903,                0.34214,                0.87189,                 0.9821,                      1,                  0.995,                0.92389,                 0.9821,                      1,                  0.995,                0.72489,                0.50799,                 1.1683,                0.22813,                0.28175,                0.78212,              0.0008516,              0.0008516,              0.0008516
                    292,                0.42783,                 2.3041,                0.42204,                0.33223,                0.86279,                0.98193,                      1,                  0.995,                 0.8955,                0.98193,                      1,                  0.995,                0.65288,                0.53507,                 1.0973,                0.22117,                0.30254,                0.81348,             0.00084764,             0.00084764,             0.00084764
                    293,                0.50821,                 2.2315,                0.41047,                0.35632,                0.88642,                0.98193,                      1,                  0.995,                 0.8955,                0.98193,                      1,                  0.995,                0.65288,                0.53507,                 1.0973,                0.22117,                0.30254,                0.81348,             0.00084368,             0.00084368,             0.00084368
                    294,                0.49672,                 2.5896,                0.42643,                0.35696,                 0.8614,                0.98207,                      1,                  0.995,                 0.8955,                0.98207,                      1,                  0.995,                0.75329,                0.55935,                 1.0617,                 0.2101,                0.31182,                0.83877,             0.00083972,             0.00083972,             0.00083972
                    295,                0.51042,                 1.8606,                0.40748,                0.34113,                 0.8556,                0.98179,                      1,                  0.995,                 0.8955,                0.98179,                      1,                  0.995,                 0.7545,                 0.5332,                  1.053,                0.20304,                0.27156,                0.82082,             0.00083576,             0.00083576,             0.00083576
                    296,                0.47303,                 2.2579,                0.37917,                0.37004,                0.86682,                 0.9812,                      1,                  0.995,                 0.8955,                 0.9812,                      1,                  0.995,                 0.7562,                0.50983,                0.97617,                0.20079,                0.27456,                0.80773,              0.0008318,              0.0008318,              0.0008318
                    297,                0.48371,                 1.6725,                0.38654,                 0.3523,                0.83563,                 0.9812,                      1,                  0.995,                 0.8955,                 0.9812,                      1,                  0.995,                 0.7562,                0.50983,                0.97617,                0.20079,                0.27456,                0.80773,             0.00082784,             0.00082784,             0.00082784
                    298,                0.49143,                   2.37,                0.40911,                0.37692,                0.85885,                0.97649,                      1,                  0.995,                 0.8955,                0.97649,                      1,                  0.995,                0.75064,                0.47312,                0.89119,                0.19894,                 0.2973,                0.78588,             0.00082388,             0.00082388,             0.00082388
                    299,                0.46643,                   2.28,                0.38666,                0.32755,                0.87361,                 0.9708,                      1,                  0.995,                0.92257,                 0.9708,                      1,                  0.995,                0.75064,                0.46172,                0.90694,                 0.2063,                0.30845,                0.77586,             0.00081992,             0.00081992,             0.00081992
                    300,                0.46817,                 1.8729,                0.41591,                0.33582,                0.88132,                0.97161,                      1,                  0.995,                0.92207,                0.97161,                      1,                  0.995,                0.74964,                0.47954,                 1.0642,                0.21303,                0.31896,                0.77751,             0.00081596,             0.00081596,             0.00081596
                    301,                0.44431,                 2.3321,                0.43479,                0.32881,                0.85086,                0.97161,                      1,                  0.995,                0.92207,                0.97161,                      1,                  0.995,                0.74964,                0.47954,                 1.0642,                0.21303,                0.31896,                0.77751,               0.000812,               0.000812,               0.000812
                    302,                0.47692,                  1.765,                0.39684,                0.32803,                0.83998,                0.97996,                      1,                  0.995,                0.82288,                0.97996,                      1,                  0.995,                 0.6965,                 0.5226,                 1.0771,                0.20029,                 0.2551,                0.80635,             0.00080804,             0.00080804,             0.00080804
                    303,                0.50406,                 2.3751,                0.41601,                0.32883,                0.86435,                0.98109,                      1,                  0.995,                0.82394,                0.98109,                      1,                  0.995,                0.65288,                0.58262,                 1.2983,                 0.1827,                0.27863,                0.85095,             0.00080408,             0.00080408,             0.00080408
                    304,                0.43327,                 2.1248,                0.38208,                0.33732,                0.87715,                0.98139,                      1,                  0.995,                 0.8506,                0.98139,                      1,                  0.995,                 0.7608,                0.59165,                 1.3097,                0.17762,                0.27401,                0.85449,             0.00080012,             0.00080012,             0.00080012
                    305,                0.45781,                 2.1771,                0.37928,                0.32237,                0.86129,                0.98139,                      1,                  0.995,                 0.8506,                0.98139,                      1,                  0.995,                 0.7608,                0.59165,                 1.3097,                0.17762,                0.27401,                0.85449,             0.00079616,             0.00079616,             0.00079616
                    306,                0.46037,                 2.1026,                0.40696,                0.32488,                0.83762,                0.98135,                      1,                  0.995,                  0.854,                0.98135,                      1,                  0.995,                  0.713,                0.55308,                 1.1981,                0.18229,                0.24851,                0.83839,              0.0007922,              0.0007922,              0.0007922
                    307,                0.51922,                 2.2652,                0.38006,                0.33353,                0.85129,                0.98094,                      1,                  0.995,                0.85188,                0.98094,                      1,                  0.995,                 0.6965,                0.53387,                 1.1284,                0.19374,                0.22499,                0.82553,             0.00078824,             0.00078824,             0.00078824
                    308,                0.51212,                 2.3662,                0.43536,                0.34494,                 0.8867,                0.98083,                      1,                  0.995,                 0.8955,                0.98083,                      1,                  0.995,                 0.6965,                0.51228,                 1.0332,                0.19769,                0.23242,                0.80053,             0.00078428,             0.00078428,             0.00078428
                    309,                0.54357,                 2.3889,                0.40237,                0.38609,                0.92272,                0.98083,                      1,                  0.995,                 0.8955,                0.98083,                      1,                  0.995,                 0.6965,                0.51228,                 1.0332,                0.19769,                0.23242,                0.80053,             0.00078032,             0.00078032,             0.00078032
                    310,                0.50396,                 2.0019,                0.40449,                0.36606,                0.85517,                0.98082,                      1,                  0.995,                 0.8955,                0.98082,                      1,                  0.995,                 0.7511,                0.48978,                0.89691,                0.19254,                0.22877,                0.77794,             0.00077636,             0.00077636,             0.00077636
                    311,                 0.5163,                 2.3234,                0.39435,                0.34494,                0.86962,                 0.9809,                      1,                  0.995,                 0.9501,                 0.9809,                      1,                  0.995,                 0.8057,                0.47261,                0.86088,                0.18695,                0.23447,                0.77141,              0.0007724,              0.0007724,              0.0007724
                    312,                0.46989,                 2.2528,                0.41923,                0.30723,                0.85655,                0.98131,                      1,                  0.995,                  0.854,                0.98131,                      1,                  0.995,                 0.8125,                0.56295,                0.83942,                0.19271,                0.26236,                0.79164,             0.00076844,             0.00076844,             0.00076844
                    313,                0.48207,                 2.3482,                0.41569,                0.32354,                0.87405,                0.98131,                      1,                  0.995,                  0.854,                0.98131,                      1,                  0.995,                 0.8125,                0.56295,                0.83942,                0.19271,                0.26236,                0.79164,             0.00076448,             0.00076448,             0.00076448
                    314,                0.48203,                 2.1328,                0.39615,                 0.3459,                0.85421,                0.98165,                      1,                  0.995,                  0.912,                0.98165,                      1,                  0.995,                 0.8705,                0.62428,                0.79064,                0.19378,                0.29919,                0.82094,             0.00076052,             0.00076052,             0.00076052
                    315,                0.54806,                 1.9415,                0.37721,                0.35308,                0.89621,                0.98148,                      1,                  0.995,                  0.912,                0.98148,                      1,                  0.995,                 0.8705,                0.60358,                0.77067,                0.18523,                0.29134,                0.82893,             0.00075656,             0.00075656,             0.00075656
                    316,                0.48712,                 1.6462,                0.38495,                0.33741,                0.85733,                0.98137,                      1,                  0.995,                  0.912,                0.98137,                      1,                  0.995,                 0.8705,                0.51663,                 0.8765,                0.17745,                 0.2613,                0.80049,              0.0007526,              0.0007526,              0.0007526
                    317,                0.47134,                 2.7211,                0.44502,                0.34461,                0.90074,                0.98137,                      1,                  0.995,                  0.912,                0.98137,                      1,                  0.995,                 0.8705,                0.51663,                 0.8765,                0.17745,                 0.2613,                0.80049,             0.00074864,             0.00074864,             0.00074864
                    318,                0.44703,                 2.2712,                0.39132,                0.32313,                0.83793,                0.98123,                      1,                  0.995,                 0.9535,                0.98123,                      1,                  0.995,                 0.8125,                  0.466,                0.82053,                0.17984,                0.23708,                0.77682,             0.00074468,             0.00074468,             0.00074468
                    319,                0.46745,                  2.102,                0.44758,                0.33811,                0.86565,                0.98106,                      1,                  0.995,                 0.9501,                0.98106,                      1,                  0.995,                 0.8057,                0.44316,                 0.8669,                 0.1812,                0.23344,                0.75835,             0.00074072,             0.00074072,             0.00074072
                    320,                 0.4299,                 1.8295,                0.37268,                0.31525,                0.85721,                0.98105,                      1,                  0.995,                 0.9501,                0.98105,                      1,                  0.995,                 0.6965,                0.43997,                 1.1367,                0.18688,                0.25621,                0.74813,             0.00073676,             0.00073676,             0.00073676
                    321,                0.47032,                  2.331,                0.41158,                0.32472,                0.86929,                0.98105,                      1,                  0.995,                 0.9501,                0.98105,                      1,                  0.995,                 0.6965,                0.43997,                 1.1367,                0.18688,                0.25621,                0.74813,              0.0007328,              0.0007328,              0.0007328
                    322,                0.48021,                 2.4007,                0.43423,                0.33342,                0.88734,                0.98083,                      1,                  0.995,                0.94864,                0.98083,                      1,                  0.995,                  0.597,                 0.4456,                  1.248,                0.18253,                0.26385,                0.74946,             0.00072884,             0.00072884,             0.00072884
                    323,                0.43473,                 1.9697,                0.42901,                0.32389,                0.83723,                0.98099,                      1,                  0.995,                0.94864,                0.98099,                      1,                  0.995,                 0.6965,                0.46378,                 1.1348,                0.18027,                0.28419,                0.75789,             0.00072488,             0.00072488,             0.00072488
                    324,                0.46697,                 1.6529,                0.39525,                 0.3197,                0.85505,                0.98131,                      1,                  0.995,                0.95137,                0.98131,                      1,                  0.995,                0.80825,                0.49029,                 0.9548,                0.17526,                0.31813,                0.78159,             0.00072092,             0.00072092,             0.00072092
                    325,                0.44139,                 2.3289,                 0.4041,                 0.3214,                0.87703,                0.98131,                      1,                  0.995,                0.95137,                0.98131,                      1,                  0.995,                0.80825,                0.49029,                 0.9548,                0.17526,                0.31813,                0.78159,             0.00071696,             0.00071696,             0.00071696
                    326,                0.43374,                 2.1437,                0.43421,                0.32666,                0.85935,                0.98167,                      1,                  0.995,                0.95137,                0.98167,                      1,                  0.995,                0.80825,                0.52002,                0.91639,                0.17757,                0.32559,                0.80604,               0.000713,               0.000713,               0.000713
                    327,                0.48566,                  2.219,                0.46929,                0.36203,                0.86919,                0.98166,                      1,                  0.995,                0.90229,                0.98166,                      1,                  0.995,                0.84914,                0.53742,                0.92513,                0.18559,                0.27708,                0.79956,             0.00070904,             0.00070904,             0.00070904
                    328,                0.46449,                 2.1133,                0.41658,                0.31629,                0.85836,                0.98177,                      1,                  0.995,                 0.8955,                0.98177,                      1,                  0.995,                0.80825,                0.56322,                0.91467,                0.18153,                 0.2719,                0.80001,             0.00070508,             0.00070508,             0.00070508
                    329,                0.53814,                 2.3098,                0.39636,                 0.3576,                0.89313,                0.98177,                      1,                  0.995,                 0.8955,                0.98177,                      1,                  0.995,                0.80825,                0.56322,                0.91467,                0.18153,                 0.2719,                0.80001,             0.00070112,             0.00070112,             0.00070112
                    330,                 0.4477,                 2.3496,                0.36501,                0.33996,                0.87348,                0.98184,                      1,                  0.995,                 0.8506,                0.98184,                      1,                  0.995,                 0.8057,                0.59602,                0.89747,                0.18002,                0.26182,                0.81698,             0.00069716,             0.00069716,             0.00069716
                    331,                0.44833,                 2.1688,                0.39693,                0.32921,                0.83376,                0.98136,                      1,                  0.995,                0.85188,                0.98136,                      1,                  0.995,                0.75238,                0.62189,                 1.0064,                 0.1831,                0.25195,                0.85412,              0.0006932,              0.0006932,              0.0006932
                    332,                0.45527,                 2.2079,                0.37744,                0.33451,                0.83846,                0.98133,                      1,                  0.995,                 0.8506,                0.98133,                      1,                  0.995,                 0.7062,                0.70272,                 1.1256,                0.18911,                0.29369,                0.88732,             0.00068924,             0.00068924,             0.00068924
                    333,                0.47145,                 2.6609,                0.41949,                0.33613,                0.84364,                0.98133,                      1,                  0.995,                 0.8506,                0.98133,                      1,                  0.995,                 0.7062,                0.70272,                 1.1256,                0.18911,                0.29369,                0.88732,             0.00068528,             0.00068528,             0.00068528
                    334,                0.48197,                 2.0912,                 0.4383,                0.35071,                0.87225,                0.98168,                      1,                  0.995,                0.85117,                0.98168,                      1,                  0.995,                0.75167,                0.57006,                0.91904,                0.19403,                0.23628,                0.83024,             0.00068132,             0.00068132,             0.00068132
                    335,                0.44163,                 1.8049,                0.38997,                 0.3419,                0.86244,                0.98198,                      1,                  0.995,                0.92875,                0.98198,                      1,                  0.995,                  0.763,                0.46564,                 1.0493,                0.19892,                0.20509,                0.77681,             0.00067736,             0.00067736,             0.00067736
                    336,                0.44727,                 1.9739,                0.41915,                0.33879,                0.85473,                      1,                      1,                  0.995,                  0.933,                      1,                      1,                  0.995,                 0.7715,                0.44799,                 1.1654,                0.20745,                0.19637,                0.76805,              0.0006734,              0.0006734,              0.0006734
                    337,                0.44295,                 2.1644,                0.38129,                 0.3229,                0.85247,                      1,                      1,                  0.995,                  0.933,                      1,                      1,                  0.995,                 0.7715,                0.44799,                 1.1654,                0.20745,                0.19637,                0.76805,             0.00066944,             0.00066944,             0.00066944
                    338,                0.48447,                 2.3871,                 0.4133,                0.35769,                0.87493,                      1,                      1,                  0.995,                  0.933,                      1,                      1,                  0.995,                 0.7715,                0.45946,                 1.1284,                0.21269,                0.20284,                0.77667,             0.00066548,             0.00066548,             0.00066548
                    339,                 0.4329,                 2.5372,                0.40851,                0.33668,                0.85607,                      1,                      1,                  0.995,                  0.933,                      1,                      1,                  0.995,                 0.7715,                0.48558,                0.93173,                0.20914,                0.20956,                0.80043,             0.00066152,             0.00066152,             0.00066152
                    340,                0.45838,                 2.3249,                0.40954,                0.33904,                0.86109,                      1,                      1,                  0.995,                  0.871,                      1,                      1,                  0.995,                 0.7715,                0.47711,                0.77814,                0.19815,                0.20104,                0.79632,             0.00065756,             0.00065756,             0.00065756
                    341,                0.41937,                 1.9739,                 0.3909,                0.30492,                0.85074,                      1,                      1,                  0.995,                  0.871,                      1,                      1,                  0.995,                 0.7715,                0.47711,                0.77814,                0.19815,                0.20104,                0.79632,              0.0006536,              0.0006536,              0.0006536
                    342,                0.46107,                 2.1402,                0.44222,                0.35196,                0.88733,                      1,                      1,                  0.995,                  0.871,                      1,                      1,                  0.995,                 0.8335,                0.46455,                0.80006,                0.18951,                0.20508,                0.77658,             0.00064964,             0.00064964,             0.00064964
                    343,                0.41752,                 1.9449,                0.41717,                 0.2999,                0.87786,                      1,                      1,                  0.995,                  0.871,                      1,                      1,                  0.995,                  0.734,                0.47535,                0.88596,                0.18809,                0.22284,                0.76328,             0.00064568,             0.00064568,             0.00064568
                    344,                0.42762,                  2.082,                 0.4062,                0.31449,                0.85929,                      1,                      1,                  0.995,                  0.871,                      1,                      1,                  0.995,                  0.734,                0.47459,                0.89708,                 0.1853,                0.23042,                0.76033,             0.00064172,             0.00064172,             0.00064172
                    345,                 0.4915,                 1.9606,                0.38627,                0.32133,                0.87624,                      1,                      1,                  0.995,                  0.871,                      1,                      1,                  0.995,                  0.734,                0.47459,                0.89708,                 0.1853,                0.23042,                0.76033,             0.00063776,             0.00063776,             0.00063776
                    346,                0.45064,                 1.9436,                0.37643,                0.30714,                0.86319,                      1,                      1,                  0.995,                  0.871,                      1,                      1,                  0.995,                 0.7715,                0.47045,                0.81569,                0.18585,                0.23402,                0.75852,              0.0006338,              0.0006338,              0.0006338
                    347,                0.44566,                 1.7319,                  0.393,                0.30408,                0.89199,                0.98198,                      1,                  0.995,                0.92875,                0.98198,                      1,                  0.995,                  0.763,                0.50721,                0.82348,                0.18423,                 0.2319,                0.76618,             0.00062984,             0.00062984,             0.00062984
                    348,                0.42242,                 1.8217,                0.41297,                0.29578,                0.85676,                0.98192,                      1,                  0.995,                0.92875,                0.98192,                      1,                  0.995,                  0.763,                0.53594,                0.83207,                0.18595,                0.23282,                 0.7623,             0.00062588,             0.00062588,             0.00062588
                    349,                 0.4058,                 2.2616,                0.39817,                0.29823,                 0.8589,                0.98192,                      1,                  0.995,                0.92875,                0.98192,                      1,                  0.995,                  0.763,                0.53594,                0.83207,                0.18595,                0.23282,                 0.7623,             0.00062192,             0.00062192,             0.00062192
                    350,                0.41337,                 1.9958,                0.43872,                0.29845,                0.84471,                0.98159,                      1,                  0.995,                 0.8955,                0.98159,                      1,                  0.995,                0.69675,                0.52654,                0.91943,                  0.188,                0.23842,                 0.7506,             0.00061796,             0.00061796,             0.00061796
                    351,                0.39577,                 2.1642,                0.40225,                 0.3148,                0.84167,                0.98209,                      1,                  0.995,                 0.8955,                0.98209,                      1,                  0.995,                  0.713,                0.49899,                 1.1055,                0.18917,                0.24281,                0.74356,               0.000614,               0.000614,               0.000614
                    352,                0.50544,                 2.3923,                0.40465,                0.34628,                0.86022,                0.98209,                      1,                  0.995,                 0.9535,                0.98209,                      1,                  0.995,                 0.7545,                0.47945,                  1.172,                0.18897,                0.24248,                0.74899,             0.00061004,             0.00061004,             0.00061004
                    353,                0.43389,                 1.7705,                0.33863,                0.33156,                0.87383,                0.98209,                      1,                  0.995,                 0.9535,                0.98209,                      1,                  0.995,                 0.7545,                0.47945,                  1.172,                0.18897,                0.24248,                0.74899,             0.00060608,             0.00060608,             0.00060608
                    354,                0.41221,                 2.0111,                0.38366,                0.30729,                 0.8746,                0.98206,                      1,                  0.995,                  0.912,                0.98206,                      1,                  0.995,                  0.713,                0.49244,                 1.2443,                0.18443,                0.25382,                0.76828,             0.00060212,             0.00060212,             0.00060212
                    355,                0.44417,                 1.8316,                 0.3742,                0.30853,                0.87261,                0.98207,                      1,                  0.995,                 0.9535,                0.98207,                      1,                  0.995,                  0.713,                0.49051,                 1.2762,                0.17977,                0.25919,                0.78735,             0.00059816,             0.00059816,             0.00059816
                    356,                 0.4342,                 1.5838,                0.39959,                0.33103,                0.85117,                      1,                      1,                  0.995,                 0.8955,                      1,                      1,                  0.995,                 0.7215,                0.47894,                 1.1951,                0.17574,                0.22711,                0.78083,              0.0005942,              0.0005942,              0.0005942
                    357,                0.44899,                 2.2147,                0.39822,                0.31347,                0.84432,                      1,                      1,                  0.995,                 0.8955,                      1,                      1,                  0.995,                 0.7215,                0.47894,                 1.1951,                0.17574,                0.22711,                0.78083,             0.00059024,             0.00059024,             0.00059024
                    358,                0.42999,                 1.8573,                0.39925,                0.30802,                0.84288,                      1,                      1,                  0.995,                 0.8955,                      1,                      1,                  0.995,                0.78375,                0.47682,                0.95352,                0.17914,                0.21573,                0.77031,             0.00058628,             0.00058628,             0.00058628
                    359,                 0.4228,                 1.5694,                0.38587,                0.28409,                0.83774,                      1,                      1,                  0.995,                 0.8955,                      1,                      1,                  0.995,                0.85825,                0.48227,                0.77711,                0.18771,                 0.2088,                0.77093,             0.00058232,             0.00058232,             0.00058232
                    360,                0.46032,                 1.3522,                0.35597,                0.29969,                 0.8522,                      1,                      1,                  0.995,                 0.8955,                      1,                      1,                  0.995,                0.85825,                 0.4966,                0.74231,                0.18986,                0.20553,                0.77803,             0.00057836,             0.00057836,             0.00057836
                    361,                0.47377,                 1.7743,                0.35407,                0.31249,                0.84791,                      1,                      1,                  0.995,                 0.8955,                      1,                      1,                  0.995,                0.85825,                 0.4966,                0.74231,                0.18986,                0.20553,                0.77803,              0.0005744,              0.0005744,              0.0005744
                    362,                0.42752,                 1.9158,                0.39288,                0.30882,                0.83257,                      1,                      1,                  0.995,                 0.8955,                      1,                      1,                  0.995,                 0.8335,                0.49666,                0.76665,                 0.1881,                0.20584,                0.77897,             0.00057044,             0.00057044,             0.00057044
                    363,                0.42053,                 2.2885,                0.43067,                 0.3392,                0.84525,                      1,                      1,                  0.995,                  0.871,                      1,                      1,                  0.995,                  0.734,                  0.482,                 0.9316,                0.19544,                 0.2049,                0.77661,             0.00056648,             0.00056648,             0.00056648
                    364,                0.45253,                 2.1105,                0.39642,                0.30425,                0.87966,                      1,                      1,                  0.995,                  0.933,                      1,                      1,                  0.995,                 0.6965,                0.45165,                 1.2346,                0.20742,                0.18702,                0.76774,             0.00056252,             0.00056252,             0.00056252
                    365,                0.41532,                 2.1312,                0.36717,                 0.3205,                0.86114,                      1,                      1,                  0.995,                  0.933,                      1,                      1,                  0.995,                 0.6965,                0.45165,                 1.2346,                0.20742,                0.18702,                0.76774,             0.00055856,             0.00055856,             0.00055856
                    366,                0.52284,                  2.097,                0.40446,                0.36401,                0.90242,                0.98215,                      1,                  0.995,                0.92875,                0.98215,                      1,                  0.995,                0.72975,                0.46082,                 1.1042,                0.20625,                0.19695,                0.76687,              0.0005546,              0.0005546,              0.0005546
                    367,                0.46907,                 2.0705,                0.43293,                0.32623,                0.84978,                0.98166,                      1,                  0.995,                0.92875,                0.98166,                      1,                  0.995,                  0.763,                0.48535,                0.93376,                0.20276,                0.22496,                0.77196,             0.00055064,             0.00055064,             0.00055064
                    368,                0.49283,                  2.437,                0.42319,                0.36931,                0.88682,                 0.9817,                      1,                  0.995,                0.92875,                 0.9817,                      1,                  0.995,                0.79625,                0.48775,                0.80125,                0.19936,                0.21491,                0.77454,             0.00054668,             0.00054668,             0.00054668
                    369,                0.48887,                 1.8597,                0.37755,                0.33904,                0.89523,                 0.9817,                      1,                  0.995,                0.92875,                 0.9817,                      1,                  0.995,                0.79625,                0.48775,                0.80125,                0.19936,                0.21491,                0.77454,             0.00054272,             0.00054272,             0.00054272
                    370,                0.43392,                 2.3058,                0.39285,                0.33748,                0.86411,                0.98177,                      1,                  0.995,                0.92875,                0.98177,                      1,                  0.995,                0.79625,                0.47808,                0.74946,                0.19827,                0.21123,                0.77023,             0.00053876,             0.00053876,             0.00053876
                    371,                0.40736,                 1.4105,                0.37085,                0.30393,                0.84451,                0.98176,                      1,                  0.995,                0.92875,                0.98176,                      1,                  0.995,                 0.8625,                 0.4616,                0.70715,                0.19138,                  0.229,                0.76131,              0.0005348,              0.0005348,              0.0005348
                    372,                0.44106,                 1.8563,                0.36938,                0.30006,                0.82218,                0.98147,                      1,                  0.995,                0.92875,                0.98147,                      1,                  0.995,                0.82925,                0.49746,                0.75694,                0.18283,                0.25064,                0.76154,             0.00053084,             0.00053084,             0.00053084
                    373,                0.40003,                 1.4361,                0.34969,                0.30139,                0.83242,                0.98147,                      1,                  0.995,                0.92875,                0.98147,                      1,                  0.995,                0.82925,                0.49746,                0.75694,                0.18283,                0.25064,                0.76154,             0.00052688,             0.00052688,             0.00052688
                    374,                0.47524,                  1.515,                0.35873,                 0.3292,                0.84548,                      1,                      1,                  0.995,                  0.933,                      1,                      1,                  0.995,                 0.7715,                0.50184,                 0.8602,                0.17799,                0.23074,                0.76775,             0.00052292,             0.00052292,             0.00052292
                    375,                0.37608,                 1.9052,                0.40925,                0.29184,                0.82232,                      1,                      1,                  0.995,                  0.933,                      1,                      1,                  0.995,                 0.7715,                0.48442,                0.90677,                0.17563,                0.21722,                0.77968,             0.00051896,             0.00051896,             0.00051896
                    376,                0.45858,                 2.3386,                0.42446,                0.31808,                 0.8821,                      1,                      1,                  0.995,                  0.933,                      1,                      1,                  0.995,                 0.7715,                0.50554,                0.86959,                0.17458,                0.22301,                0.78693,               0.000515,               0.000515,               0.000515
                    377,                0.40821,                 1.9138,                0.36882,                0.30587,                0.85725,                      1,                      1,                  0.995,                  0.933,                      1,                      1,                  0.995,                 0.7715,                0.50554,                0.86959,                0.17458,                0.22301,                0.78693,             0.00051104,             0.00051104,             0.00051104
                    378,                0.40927,                 2.0066,                0.39173,                0.29704,                0.87044,                      1,                      1,                  0.995,                  0.933,                      1,                      1,                  0.995,                 0.8335,                0.47877,                0.77192,                0.17952,                0.23888,                0.77297,             0.00050708,             0.00050708,             0.00050708
                    379,                0.45422,                 2.0038,                0.40914,                0.30524,                0.86819,                      1,                      1,                  0.995,                  0.933,                      1,                      1,                  0.995,                 0.8335,                0.45773,                0.76306,                0.18287,                0.23736,                 0.7632,             0.00050312,             0.00050312,             0.00050312
                    380,                0.41723,                 2.0539,                 0.4304,                0.30649,                0.87195,                      1,                      1,                  0.995,                  0.933,                      1,                      1,                  0.995,                 0.7715,                0.47446,                0.76061,                0.18376,                 0.2371,                0.76675,             0.00049916,             0.00049916,             0.00049916
                    381,                0.46103,                 1.8762,                0.36064,                0.31411,                0.84889,                      1,                      1,                  0.995,                  0.933,                      1,                      1,                  0.995,                 0.7715,                0.47446,                0.76061,                0.18376,                 0.2371,                0.76675,              0.0004952,              0.0004952,              0.0004952
                    382,                0.37052,                 1.5347,                 0.3886,                0.28532,                 0.8269,                      1,                      1,                  0.995,                  0.871,                      1,                      1,                  0.995,                 0.7715,                0.53283,                0.76256,                 0.1783,                0.26696,                0.79309,             0.00049124,             0.00049124,             0.00049124
                    383,                 0.4514,                 1.7427,                0.34414,                0.32239,                0.85752,                      1,                      1,                  0.995,                  0.871,                      1,                      1,                  0.995,                 0.7715,                0.53614,                 0.8144,                0.17278,                0.25786,                0.81444,             0.00048728,             0.00048728,             0.00048728
                    384,                0.48584,                 1.7129,                0.37138,                0.30358,                0.89652,                      1,                      1,                  0.995,                  0.871,                      1,                      1,                  0.995,                 0.8335,                0.54822,                0.76734,                0.17391,                0.26892,                0.82876,             0.00048332,             0.00048332,             0.00048332
                    385,                0.41198,                 2.0032,                0.41027,                0.28784,                0.85223,                      1,                      1,                  0.995,                  0.871,                      1,                      1,                  0.995,                 0.8335,                0.54822,                0.76734,                0.17391,                0.26892,                0.82876,             0.00047936,             0.00047936,             0.00047936
                    386,                 0.4537,                  1.683,                0.36141,                 0.3091,                0.87274,                      1,                      1,                  0.995,                  0.871,                      1,                      1,                  0.995,                 0.8335,                0.57561,                 0.7282,                0.17965,                0.26906,                0.83405,              0.0004754,              0.0004754,              0.0004754
                    387,                0.42656,                 1.8323,                0.36078,                0.29099,                0.83476,                      1,                      1,                  0.995,                  0.871,                      1,                      1,                  0.995,                 0.8335,                0.58088,                0.70856,                0.18204,                0.27216,                0.83982,             0.00047144,             0.00047144,             0.00047144
                    388,                 0.4509,                 1.8543,                0.37354,                0.34706,                0.86577,                      1,                      1,                  0.995,                  0.871,                      1,                      1,                  0.995,                 0.8335,                0.56969,                0.65498,                0.18229,                0.22921,                0.83198,             0.00046748,             0.00046748,             0.00046748
                    389,                 0.4479,                 2.0921,                0.37436,                0.31503,                0.85957,                      1,                      1,                  0.995,                  0.871,                      1,                      1,                  0.995,                 0.8335,                0.56969,                0.65498,                0.18229,                0.22921,                0.83198,             0.00046352,             0.00046352,             0.00046352
                    390,                0.38717,                 1.5816,                0.38591,                0.30013,                0.83283,                      1,                      1,                  0.995,                  0.871,                      1,                      1,                  0.995,                 0.8335,                 0.5517,                0.63495,                0.18127,                0.23478,                0.82333,             0.00045956,             0.00045956,             0.00045956
                    391,                0.44446,                 1.7153,                 0.3577,                0.30427,                0.84235,                      1,                      1,                  0.995,                  0.871,                      1,                      1,                  0.995,                 0.7715,                0.50635,                0.75607,                0.18185,                0.23431,                0.81326,              0.0004556,              0.0004556,              0.0004556
                    392,                0.42816,                 2.2669,                0.39949,                0.34071,                0.86422,                      1,                      1,                  0.995,                  0.871,                      1,                      1,                  0.995,                 0.7715,                0.47784,                 0.8306,                0.18182,                0.23672,                0.80049,             0.00045164,             0.00045164,             0.00045164
                    393,                0.40827,                 1.7504,                0.39178,                0.29404,                0.84078,                      1,                      1,                  0.995,                  0.871,                      1,                      1,                  0.995,                 0.7715,                0.47784,                 0.8306,                0.18182,                0.23672,                0.80049,             0.00044768,             0.00044768,             0.00044768
                    394,                0.39309,                 1.5268,                0.36468,                0.28155,                0.85944,                0.98187,                      1,                  0.995,                0.92875,                0.98187,                      1,                  0.995,                  0.763,                0.45895,                 0.7852,                 0.1819,                 0.2196,                0.79321,             0.00044372,             0.00044372,             0.00044372
                    395,                0.42797,                  2.411,                0.39402,                0.32327,                0.81667,                0.98187,                      1,                  0.995,                0.92875,                0.98187,                      1,                  0.995,                0.82925,                0.47909,                0.71877,                0.17949,                0.23757,                0.79701,             0.00043976,             0.00043976,             0.00043976
                    396,                0.43008,                  1.901,                0.39375,                0.32343,                0.85976,                0.98186,                      1,                  0.995,                0.92875,                0.98186,                      1,                  0.995,                0.82925,                 0.5017,                0.67331,                0.17476,                0.24972,                0.80232,              0.0004358,              0.0004358,              0.0004358
                    397,                0.46444,                 1.7383,                0.38921,                0.31528,                0.89073,                0.98186,                      1,                  0.995,                0.92875,                0.98186,                      1,                  0.995,                0.82925,                 0.5017,                0.67331,                0.17476,                0.24972,                0.80232,             0.00043184,             0.00043184,             0.00043184
                    398,                0.41589,                  1.196,                0.32295,                0.29704,                0.83801,                0.98204,                      1,                  0.995,                0.92875,                0.98204,                      1,                  0.995,                0.82925,                 0.5141,                0.64888,                0.17304,                0.25009,                0.80398,             0.00042788,             0.00042788,             0.00042788
                    399,                0.41237,                 1.6453,                0.36173,                0.32345,                0.84676,                      1,                      1,                  0.995,                  0.933,                      1,                      1,                  0.995,                 0.8335,                0.53555,                0.63531,                0.17495,                0.26195,                 0.8109,             0.00042392,             0.00042392,             0.00042392
                    400,                0.44259,                 2.1292,                0.39761,                0.31799,                0.85753,                      1,                      1,                  0.995,                  0.933,                      1,                      1,                  0.995,                 0.8335,                0.53782,                0.66583,                0.17575,                0.26352,                0.81403,             0.00041996,             0.00041996,             0.00041996
                    401,                0.39263,                 1.6702,                0.33492,                0.29808,                0.80673,                      1,                      1,                  0.995,                  0.933,                      1,                      1,                  0.995,                 0.8335,                0.53782,                0.66583,                0.17575,                0.26352,                0.81403,               0.000416,               0.000416,               0.000416
                    402,                0.41095,                 1.4993,                0.35655,                0.29808,                0.82707,                      1,                      1,                  0.995,                  0.933,                      1,                      1,                  0.995,                 0.8335,                0.50719,                0.67669,                0.17381,                0.27534,                0.80321,             0.00041204,             0.00041204,             0.00041204
                    403,                0.41963,                 1.8663,                0.34559,                0.28802,                 0.8357,                      1,                      1,                  0.995,                  0.933,                      1,                      1,                  0.995,                 0.8335,                0.47196,                0.65679,                 0.1742,                0.24845,                0.79237,             0.00040808,             0.00040808,             0.00040808
                    404,                0.43485,                 1.9308,                0.39077,                0.32266,                0.83335,                      1,                      1,                  0.995,                  0.933,                      1,                      1,                  0.995,                 0.8335,                0.46502,                0.62635,                0.17358,                0.25039,                0.79687,             0.00040412,             0.00040412,             0.00040412
                    405,                0.40803,                 1.6273,                0.37242,                0.30503,                0.89214,                      1,                      1,                  0.995,                  0.933,                      1,                      1,                  0.995,                 0.8335,                0.46502,                0.62635,                0.17358,                0.25039,                0.79687,             0.00040016,             0.00040016,             0.00040016
                    406,                0.40619,                 2.0096,                0.37938,                0.30468,                0.85608,                      1,                      1,                  0.995,                  0.933,                      1,                      1,                  0.995,                 0.8335,                 0.4683,                0.61758,                0.17617,                0.22838,                0.80328,              0.0003962,              0.0003962,              0.0003962
                    407,                 0.3629,                 1.9813,                0.39509,                0.28913,                0.80698,                      1,                      1,                  0.995,                  0.933,                      1,                      1,                  0.995,                 0.8335,                0.48013,                 0.6046,                0.17695,                0.23313,                0.80852,             0.00039224,             0.00039224,             0.00039224
                    408,                0.35626,                 1.5457,                0.33527,                0.26334,                0.81313,                      1,                      1,                  0.995,                  0.933,                      1,                      1,                  0.995,                 0.8335,                0.47906,                0.58656,                 0.1736,                0.22357,                 0.8057,             0.00038828,             0.00038828,             0.00038828
                    409,                0.43695,                 2.0466,                0.37162,                0.32502,                0.87017,                      1,                      1,                  0.995,                  0.933,                      1,                      1,                  0.995,                 0.8335,                0.47906,                0.58656,                 0.1736,                0.22357,                 0.8057,             0.00038432,             0.00038432,             0.00038432
                    410,                0.39502,                 2.1003,                0.37774,                0.28162,                0.86027,                      1,                      1,                  0.995,                  0.933,                      1,                      1,                  0.995,                 0.8335,                0.48934,                0.65415,                0.16495,                0.25531,                 0.8096,             0.00038036,             0.00038036,             0.00038036
                    411,                0.37907,                 1.9382,                0.41054,                0.28107,                 0.8267,                      1,                      1,                  0.995,                  0.933,                      1,                      1,                  0.995,                 0.8335,                0.49863,                0.77965,                 0.1612,                0.26211,                0.80949,              0.0003764,              0.0003764,              0.0003764
                    412,                0.37024,                 1.6643,                0.35611,                 0.2705,                0.81767,                      1,                      1,                  0.995,                  0.933,                      1,                      1,                  0.995,                 0.7715,                0.51045,                0.84534,                0.16093,                0.27547,                0.80579,             0.00037244,             0.00037244,             0.00037244
                    413,                0.43516,                 1.9785,                0.34425,                 0.3191,                0.85593,                      1,                      1,                  0.995,                  0.933,                      1,                      1,                  0.995,                 0.7715,                0.51045,                0.84534,                0.16093,                0.27547,                0.80579,             0.00036848,             0.00036848,             0.00036848
                    414,                0.44437,                 1.6653,                0.33603,                0.30614,                0.88916,                      1,                      1,                  0.995,                  0.933,                      1,                      1,                  0.995,                 0.7715,                0.52357,                0.74812,                0.16384,                0.30129,                0.79451,             0.00036452,             0.00036452,             0.00036452
                    415,                0.41698,                 1.6015,                0.36413,                 0.3049,                0.85522,                      1,                      1,                  0.995,                  0.933,                      1,                      1,                  0.995,                  0.871,                 0.5214,                0.62561,                0.16998,                0.30449,                0.78327,             0.00036056,             0.00036056,             0.00036056
                    416,                0.39812,                 1.9052,                0.40155,                 0.2887,                0.85527,                      1,                      1,                  0.995,                 0.8955,                      1,                      1,                  0.995,                  0.871,                0.54143,                0.61588,                0.17506,                0.27741,                  0.783,              0.0003566,              0.0003566,              0.0003566
                    417,                0.44079,                 2.0184,                0.37992,                0.33249,                0.89145,                      1,                      1,                  0.995,                 0.8955,                      1,                      1,                  0.995,                  0.871,                0.54143,                0.61588,                0.17506,                0.27741,                  0.783,             0.00035264,             0.00035264,             0.00035264
                    418,                0.41612,                 2.0703,                 0.3919,                0.30646,                0.84627,                 0.9819,                      1,                  0.995,                 0.8955,                 0.9819,                      1,                  0.995,                0.82925,                0.54607,                0.62631,                0.17812,                0.30958,                0.78964,             0.00034868,             0.00034868,             0.00034868
                    419,                0.48278,                 2.0506,                0.39743,                0.32466,                0.87424,                0.98187,                      1,                  0.995,                 0.8955,                0.98187,                      1,                  0.995,                0.82712,                0.56568,                0.63808,                0.17682,                0.32215,                0.80996,             0.00034472,             0.00034472,             0.00034472
                    420,                0.43953,                 1.8685,                0.39481,                 0.3004,                 0.8618,                0.98171,                      1,                  0.995,                 0.8955,                0.98171,                      1,                  0.995,                0.82925,                0.57218,                0.61636,                0.17774,                0.32934,                 0.8306,             0.00034076,             0.00034076,             0.00034076
                    421,                0.36643,                 1.5273,                0.34024,                0.27648,                0.86242,                0.98171,                      1,                  0.995,                 0.8955,                0.98171,                      1,                  0.995,                0.82925,                0.57218,                0.61636,                0.17774,                0.32934,                 0.8306,              0.0003368,              0.0003368,              0.0003368
                    422,                0.41835,                 1.4031,                0.36751,                0.29201,                0.90334,                 0.9817,                      1,                  0.995,                 0.8955,                 0.9817,                      1,                  0.995,                0.82925,                0.55963,                0.56735,                0.17833,                0.29597,                0.82762,             0.00033284,             0.00033284,             0.00033284
                    423,                0.38123,                  1.371,                0.34919,                0.26616,                0.84841,                0.98153,                      1,                  0.995,                 0.8955,                0.98153,                      1,                  0.995,                0.82925,                0.53875,                0.54456,                0.18119,                0.27116,                0.81542,             0.00032888,             0.00032888,             0.00032888
                    424,                0.37406,                 1.9454,                0.37438,                0.29534,                0.85213,                0.98167,                      1,                  0.995,                0.92875,                0.98167,                      1,                  0.995,                 0.8955,                0.53614,                0.56235,                0.18533,                0.27539,                0.81093,             0.00032492,             0.00032492,             0.00032492
                    425,                0.34853,                 1.6514,                0.42545,                0.28296,                0.85119,                0.98167,                      1,                  0.995,                0.92875,                0.98167,                      1,                  0.995,                 0.8955,                0.53614,                0.56235,                0.18533,                0.27539,                0.81093,             0.00032096,             0.00032096,             0.00032096
                    426,                0.40858,                 1.2341,                0.33001,                0.27825,                0.84306,                0.98169,                      1,                  0.995,                0.92535,                0.98169,                      1,                  0.995,                 0.8955,                0.53737,                0.53335,                0.18644,                0.27975,                0.80662,               0.000317,               0.000317,               0.000317
                    427,                 0.3639,                  1.789,                 0.3744,                0.28217,                0.83048,                      1,                      1,                  0.995,                  0.933,                      1,                      1,                  0.995,                 0.8955,                0.52246,                0.47013,                0.18227,                0.26593,                 0.7977,             0.00031304,             0.00031304,             0.00031304
                    428,                 0.3995,                 1.3143,                0.36311,                 0.2934,                0.82853,                      1,                      1,                  0.995,                0.95775,                      1,                      1,                  0.995,                 0.8955,                0.49883,                0.47998,                0.17786,                0.24505,                0.78704,             0.00030908,             0.00030908,             0.00030908
                    429,                0.40071,                 1.4728,                0.36341,                 0.3071,                0.84783,                      1,                      1,                  0.995,                0.95775,                      1,                      1,                  0.995,                 0.8955,                0.49883,                0.47998,                0.17786,                0.24505,                0.78704,             0.00030512,             0.00030512,             0.00030512
                    430,                0.37352,                 1.4547,                0.34231,                0.27807,                0.80964,                0.98195,                      1,                  0.995,                 0.9535,                0.98195,                      1,                  0.995,                 0.8955,                0.49121,                0.49888,                  0.174,                0.22993,                0.78388,             0.00030116,             0.00030116,             0.00030116
                    431,                0.38192,                 1.5913,                 0.3849,                0.28242,                0.82959,                0.98195,                      1,                  0.995,                 0.9535,                0.98195,                      1,                  0.995,                 0.8955,                0.50053,                0.53303,                0.17035,                0.23455,                0.78486,              0.0002972,              0.0002972,              0.0002972
                    432,                0.41766,                 1.8121,                  0.348,                0.30797,                0.81588,                      1,                      1,                  0.995,                0.95775,                      1,                      1,                  0.995,                 0.8955,                0.51186,                0.53758,                0.16844,                0.20905,                0.78894,             0.00029324,             0.00029324,             0.00029324
                    433,                 0.3797,                 1.7494,                 0.3512,                0.28131,                0.83711,                      1,                      1,                  0.995,                0.95775,                      1,                      1,                  0.995,                 0.8955,                0.51186,                0.53758,                0.16844,                0.20905,                0.78894,             0.00028928,             0.00028928,             0.00028928
                    434,                0.37981,                 1.3865,                0.34664,                0.27345,                0.88997,                      1,                      1,                  0.995,                0.95775,                      1,                      1,                  0.995,                0.85825,                0.51869,                0.58659,                 0.1651,                0.20351,                0.79383,             0.00028532,             0.00028532,             0.00028532
                    435,                0.36878,                 1.6851,                 0.3834,                0.26116,                0.82044,                      1,                      1,                  0.995,                0.95775,                      1,                      1,                  0.995,                0.85825,                0.51533,                0.58358,                0.16405,                0.19657,                0.79936,             0.00028136,             0.00028136,             0.00028136
                    436,                0.37166,                 1.5106,                 0.3574,                0.27895,                0.82386,                      1,                      1,                  0.995,                0.95775,                      1,                      1,                  0.995,                 0.8955,                0.50571,                0.53648,                0.16625,                0.19487,                0.80867,              0.0002774,              0.0002774,              0.0002774
                    437,                0.38912,                 1.2775,                0.32461,                0.27472,                0.82595,                      1,                      1,                  0.995,                0.95775,                      1,                      1,                  0.995,                 0.8955,                0.50571,                0.53648,                0.16625,                0.19487,                0.80867,             0.00027344,             0.00027344,             0.00027344
                    438,                0.37154,                 1.6209,                0.39631,                0.27731,                0.80593,                      1,                      1,                  0.995,                0.95775,                      1,                      1,                  0.995,                 0.8955,                0.51985,                0.51167,                0.17226,                0.22673,                0.81907,             0.00026948,             0.00026948,             0.00026948
                    439,                0.40119,                 1.6623,                0.38839,                0.28654,                0.84966,                      1,                      1,                  0.995,                0.95775,                      1,                      1,                  0.995,                 0.8955,                0.50968,                0.56265,                0.17816,                0.20508,                0.81534,             0.00026552,             0.00026552,             0.00026552
                    440,                0.34923,                 1.4376,                 0.3448,                 0.2708,                0.83027,                      1,                      1,                  0.995,                0.95775,                      1,                      1,                  0.995,                 0.8955,                0.50098,                0.57719,                0.17977,                0.20632,                0.81016,             0.00026156,             0.00026156,             0.00026156
                    441,                0.41117,                 1.6564,                 0.3503,                0.29317,                0.86462,                      1,                      1,                  0.995,                0.95775,                      1,                      1,                  0.995,                 0.8955,                0.50098,                0.57719,                0.17977,                0.20632,                0.81016,              0.0002576,              0.0002576,              0.0002576
                    442,                0.36678,                 1.4088,                0.37381,                0.27551,                0.86736,                      1,                      1,                  0.995,                0.95775,                      1,                      1,                  0.995,                 0.8955,                 0.4804,                0.56902,                0.17781,                0.19448,                0.79144,             0.00025364,             0.00025364,             0.00025364
                    443,                0.46296,                 1.8845,                0.38804,                0.31005,                0.83658,                      1,                      1,                  0.995,                0.95775,                      1,                      1,                  0.995,                 0.8955,                0.47032,                0.56807,                0.17431,                0.18927,                0.77925,             0.00024968,             0.00024968,             0.00024968
                    444,                0.41508,                 1.4493,                0.32385,                0.28837,                0.82547,                      1,                      1,                  0.995,                0.95775,                      1,                      1,                  0.995,                0.85825,                0.47191,                0.59025,                0.16965,                0.20316,                0.77744,             0.00024572,             0.00024572,             0.00024572
                    445,                0.34802,                 1.7065,                0.41318,                0.27003,                0.82928,                      1,                      1,                  0.995,                0.95775,                      1,                      1,                  0.995,                0.85825,                0.47191,                0.59025,                0.16965,                0.20316,                0.77744,             0.00024176,             0.00024176,             0.00024176
                    446,                0.38003,                  1.192,                0.34325,                0.27839,                0.85005,                      1,                      1,                  0.995,                0.95775,                      1,                      1,                  0.995,                0.85825,                0.48048,                0.60159,                0.16702,                0.19748,                0.78202,              0.0002378,              0.0002378,              0.0002378
                    447,                0.36555,                 1.3748,                0.34814,                0.27059,                0.82012,                      1,                      1,                  0.995,                0.95775,                      1,                      1,                  0.995,                0.85825,                0.49296,                0.56153,                0.16695,                0.21556,                0.78737,             0.00023384,             0.00023384,             0.00023384
                    448,                0.35543,                 1.5474,                0.34161,                0.27446,                 0.8543,                      1,                      1,                  0.995,                0.95775,                      1,                      1,                  0.995,                 0.8955,                0.51433,                0.52875,                0.16697,                0.23701,                0.79456,             0.00022988,             0.00022988,             0.00022988
                    449,                0.43086,                 1.3732,                 0.3198,                0.28058,                0.84589,                      1,                      1,                  0.995,                0.95775,                      1,                      1,                  0.995,                 0.8955,                0.51433,                0.52875,                0.16697,                0.23701,                0.79456,             0.00022592,             0.00022592,             0.00022592
                    450,                0.40108,                 1.8308,                 0.3601,                0.30037,                0.85808,                      1,                      1,                  0.995,                 0.9205,                      1,                      1,                  0.995,                 0.8955,                0.53022,                0.52184,                0.16851,                0.24858,                0.80145,             0.00022196,             0.00022196,             0.00022196
                    451,                0.33369,                 1.4588,                0.37373,                 0.2553,                 0.8191,                      1,                      1,                  0.995,                0.95775,                      1,                      1,                  0.995,                 0.8955,                0.53999,                0.54189,                0.17041,                0.26141,                0.80749,               0.000218,               0.000218,               0.000218
                    452,                0.34982,                 1.2241,                0.38625,                0.27472,                0.87094,                      1,                      1,                  0.995,                0.95775,                      1,                      1,                  0.995,                 0.8955,                0.54171,                0.58956,                0.17248,                0.27012,                0.80859,             0.00021404,             0.00021404,             0.00021404
                    453,                0.36785,                  1.141,                0.34495,                0.26809,                0.86351,                      1,                      1,                  0.995,                0.95775,                      1,                      1,                  0.995,                 0.8955,                0.54171,                0.58956,                0.17248,                0.27012,                0.80859,             0.00021008,             0.00021008,             0.00021008
                    454,                0.40248,                  1.682,                   0.39,                0.30019,                0.84627,                      1,                      1,                  0.995,                  0.933,                      1,                      1,                  0.995,                 0.8955,                0.53964,                0.62304,                0.17249,                0.27658,                0.80232,             0.00020612,             0.00020612,             0.00020612
                    455,                0.41107,                 1.5136,                0.37478,                0.29038,                0.86236,                      1,                      1,                  0.995,                  0.933,                      1,                      1,                  0.995,                 0.8955,                0.52051,                0.62239,                0.17207,                0.27445,                0.79698,             0.00020216,             0.00020216,             0.00020216
                    456,                 0.4137,                 1.2457,                0.32631,                 0.2706,                0.84448,                      1,                      1,                  0.995,                  0.933,                      1,                      1,                  0.995,                 0.8955,                0.50251,                0.60687,                0.17302,                0.26444,                0.79261,              0.0001982,              0.0001982,              0.0001982
                    457,                0.44022,                 1.5269,                0.40856,                0.28033,                0.90395,                      1,                      1,                  0.995,                  0.933,                      1,                      1,                  0.995,                 0.8955,                0.50251,                0.60687,                0.17302,                0.26444,                0.79261,             0.00019424,             0.00019424,             0.00019424
                    458,                 0.3991,                 1.6645,                0.35416,                0.27914,                0.84037,                      1,                      1,                  0.995,                  0.933,                      1,                      1,                  0.995,                 0.8955,                 0.4912,                0.58633,                0.17449,                0.26264,                0.79242,             0.00019028,             0.00019028,             0.00019028
                    459,                 0.3564,                 1.3967,                0.36553,                0.27763,                0.81514,                      1,                      1,                  0.995,                  0.933,                      1,                      1,                  0.995,                 0.8955,                0.48188,                0.56663,                0.17406,                0.26535,                0.79188,             0.00018632,             0.00018632,             0.00018632
                    460,                0.34952,                 1.2799,                0.36108,                0.25899,                0.82985,                      1,                      1,                  0.995,                  0.933,                      1,                      1,                  0.995,                 0.8955,                0.47089,                0.53097,                0.17162,                0.25305,                0.79002,             0.00018236,             0.00018236,             0.00018236
                    461,                0.34327,                 1.2125,                0.33005,                0.25321,                0.85158,                      1,                      1,                  0.995,                  0.933,                      1,                      1,                  0.995,                 0.8955,                0.47089,                0.53097,                0.17162,                0.25305,                0.79002,              0.0001784,              0.0001784,              0.0001784
                    462,                0.40965,                 1.4734,                  0.409,                0.28615,                0.85691,                      1,                      1,                  0.995,                  0.933,                      1,                      1,                  0.995,                  0.933,                0.46001,                0.51054,                0.16922,                 0.2523,                0.78958,             0.00017444,             0.00017444,             0.00017444
                    463,                0.32246,                 1.2599,                 0.3579,                0.25373,                0.84908,                      1,                      1,                  0.995,                  0.933,                      1,                      1,                  0.995,                  0.933,                0.45269,                0.49769,                0.16783,                0.24967,                0.78801,             0.00017048,             0.00017048,             0.00017048
                    464,                0.39208,                 1.7347,                0.36577,                0.29148,                0.83532,                      1,                      1,                  0.995,                  0.933,                      1,                      1,                  0.995,                  0.933,                0.45248,                0.49148,                0.16675,                0.24267,                0.78806,             0.00016652,             0.00016652,             0.00016652
                    465,                0.40646,                 1.5531,                0.37173,                0.27669,                0.84877,                      1,                      1,                  0.995,                  0.933,                      1,                      1,                  0.995,                  0.933,                0.45248,                0.49148,                0.16675,                0.24267,                0.78806,             0.00016256,             0.00016256,             0.00016256
                    466,                0.35743,                 1.1997,                0.30799,                 0.2603,                0.83807,                      1,                      1,                  0.995,                  0.933,                      1,                      1,                  0.995,                  0.933,                0.46114,                 0.4882,                0.16604,                0.22578,                0.79301,              0.0001586,              0.0001586,              0.0001586
                    467,                0.39395,                  1.555,                0.36078,                0.28303,                0.85069,                      1,                      1,                  0.995,                  0.933,                      1,                      1,                  0.995,                  0.933,                0.47927,                 0.4778,                0.16671,                0.23093,                 0.7988,             0.00015464,             0.00015464,             0.00015464
                    468,                0.37873,                 1.6946,                0.37488,                 0.2689,                 0.8258,                      1,                      1,                  0.995,                  0.933,                      1,                      1,                  0.995,                  0.933,                0.49275,                0.47131,                0.16859,                0.24096,                 0.8051,             0.00015068,             0.00015068,             0.00015068
                    469,                0.40944,                 1.6791,                0.34749,                0.29108,                0.82426,                      1,                      1,                  0.995,                  0.933,                      1,                      1,                  0.995,                  0.933,                0.49275,                0.47131,                0.16859,                0.24096,                 0.8051,             0.00014672,             0.00014672,             0.00014672
                    470,                 0.3514,                 1.5496,                0.34805,                 0.2686,                 0.8402,                      1,                      1,                  0.995,                  0.933,                      1,                      1,                  0.995,                  0.933,                0.50574,                0.47408,                0.17072,                0.24148,                0.81057,             0.00014276,             0.00014276,             0.00014276
                    471,                0.31974,                 1.3667,                0.39329,                0.25635,                0.83605,                      1,                      1,                  0.995,                  0.933,                      1,                      1,                  0.995,                  0.933,                0.51085,                 0.4976,                0.17272,                0.23928,                0.81404,              0.0001388,              0.0001388,              0.0001388
                    472,                0.30953,                 1.2883,                0.33942,                0.25323,                0.82095,                      1,                      1,                  0.995,                  0.933,                      1,                      1,                  0.995,                  0.933,                 0.5082,                0.53813,                0.17435,                0.25473,                 0.8085,             0.00013484,             0.00013484,             0.00013484
                    473,                0.40515,                 1.4676,                0.35572,                0.24735,                0.84462,                      1,                      1,                  0.995,                  0.933,                      1,                      1,                  0.995,                  0.933,                 0.5082,                0.53813,                0.17435,                0.25473,                 0.8085,             0.00013088,             0.00013088,             0.00013088
                    474,                0.39212,                 1.5007,                0.35589,                0.26958,                0.86297,                      1,                      1,                  0.995,                  0.933,                      1,                      1,                  0.995,                 0.8335,                0.49618,                0.59525,                 0.1764,                0.26277,                0.80112,             0.00012692,             0.00012692,             0.00012692
                    475,                0.40328,                 1.3802,                0.38256,                0.26405,                 0.8636,                      1,                      1,                  0.995,                  0.933,                      1,                      1,                  0.995,                 0.8335,                0.46876,                0.63598,                0.17749,                 0.2538,                0.79104,             0.00012296,             0.00012296,             0.00012296
                    476,                0.34726,                 1.0358,                0.34414,                0.25627,                0.83282,                      1,                      1,                  0.995,                  0.933,                      1,                      1,                  0.995,                 0.8335,                0.44417,                0.63471,                0.17799,                0.24846,                0.78425,               0.000119,               0.000119,               0.000119
                    477,                0.39828,                  1.491,                0.38919,                0.28983,                0.88301,                      1,                      1,                  0.995,                  0.933,                      1,                      1,                  0.995,                 0.8335,                0.44417,                0.63471,                0.17799,                0.24846,                0.78425,             0.00011504,             0.00011504,             0.00011504
                    478,                0.42797,                  1.809,                0.39549,                0.28593,                0.84438,                      1,                      1,                  0.995,                  0.933,                      1,                      1,                  0.995,                 0.8955,                0.42885,                0.60251,                0.17695,                0.24783,                0.78305,             0.00011108,             0.00011108,             0.00011108
                    479,                 0.3777,                 1.8281,                0.34529,                0.27401,                0.84012,                      1,                      1,                  0.995,                  0.933,                      1,                      1,                  0.995,                 0.8955,                0.41618,                0.55154,                 0.1745,                0.24276,                0.78036,             0.00010712,             0.00010712,             0.00010712
                    480,                0.33489,                 1.2907,                0.31854,                0.24914,                0.82606,                      1,                      1,                  0.995,                  0.933,                      1,                      1,                  0.995,                 0.8955,                0.42649,                0.50066,                 0.1714,                0.24107,                 0.7827,             0.00010316,             0.00010316,             0.00010316
                    481,                0.34582,                 1.3443,                0.39416,                0.26563,                0.83991,                      1,                      1,                  0.995,                  0.933,                      1,                      1,                  0.995,                 0.8955,                0.42649,                0.50066,                 0.1714,                0.24107,                 0.7827,               9.92e-05,               9.92e-05,               9.92e-05
                    482,                0.36457,                 1.0937,                0.37298,                0.26093,                0.79456,                      1,                      1,                  0.995,                  0.933,                      1,                      1,                  0.995,                 0.8955,                0.44307,                0.46285,                 0.1672,                0.24575,                0.78765,              9.524e-05,              9.524e-05,              9.524e-05
                    483,                0.39093,                 1.3482,                0.37341,                0.26646,                0.84242,                      1,                      1,                  0.995,                  0.933,                      1,                      1,                  0.995,                 0.8955,                0.47664,                0.44579,                0.16331,                0.26475,                0.79307,              9.128e-05,              9.128e-05,              9.128e-05
                    484,                0.34529,                 1.7691,                0.38401,                0.24361,                0.82486,                      1,                      1,                  0.995,                  0.933,                      1,                      1,                  0.995,                 0.8955,                0.50026,                0.45573,                0.16015,                0.26608,                0.79771,              8.732e-05,              8.732e-05,              8.732e-05
                    485,                0.42365,                 1.0561,                0.37228,                0.26426,                0.88952,                      1,                      1,                  0.995,                  0.933,                      1,                      1,                  0.995,                 0.8955,                0.50026,                0.45573,                0.16015,                0.26608,                0.79771,              8.336e-05,              8.336e-05,              8.336e-05
                    486,                0.33755,                 1.3784,                0.34495,                0.27901,                0.83968,                      1,                      1,                  0.995,                  0.933,                      1,                      1,                  0.995,                 0.8955,                0.51296,                0.46863,                0.15814,                0.27824,                0.79663,               7.94e-05,               7.94e-05,               7.94e-05
                    487,                0.40784,                 1.1054,                0.32751,                0.26341,                0.83495,                      1,                      1,                  0.995,                  0.933,                      1,                      1,                  0.995,                 0.8955,                0.51956,                0.47298,                0.15749,                 0.2872,                0.79442,              7.544e-05,              7.544e-05,              7.544e-05
                    488,                0.40831,                 1.5179,                0.35007,                0.28332,                0.83874,                      1,                      1,                  0.995,                  0.933,                      1,                      1,                  0.995,                 0.8955,                 0.5157,                0.47812,                0.15722,                0.29014,                0.79024,              7.148e-05,              7.148e-05,              7.148e-05
                    489,                0.34732,                 1.3326,                0.35022,                 0.2628,                0.83026,                      1,                      1,                  0.995,                  0.933,                      1,                      1,                  0.995,                 0.8955,                 0.5157,                0.47812,                0.15722,                0.29014,                0.79024,              6.752e-05,              6.752e-05,              6.752e-05
                    490,                0.38422,                 1.3975,                0.35801,                0.26832,                0.85183,                      1,                      1,                  0.995,                  0.933,                      1,                      1,                  0.995,                 0.8955,                0.50649,                0.47841,                0.15782,                 0.2709,                0.78644,              6.356e-05,              6.356e-05,              6.356e-05
                    491,                0.32966,                0.74365,                0.28562,                0.22367,                0.85223,                      1,                      1,                  0.995,                  0.933,                      1,                      1,                  0.995,                 0.8955,                  0.491,                0.45879,                0.15947,                0.25609,                0.78402,               5.96e-05,               5.96e-05,               5.96e-05
                    492,                0.35326,                0.79442,                0.29578,                0.22968,                0.84487,                      1,                      1,                  0.995,                  0.933,                      1,                      1,                  0.995,                 0.8955,                0.47371,                0.45254,                0.16147,                0.24218,                 0.7808,              5.564e-05,              5.564e-05,              5.564e-05
                    493,                0.32109,                0.69075,                0.27596,                0.22955,                0.83867,                      1,                      1,                  0.995,                  0.933,                      1,                      1,                  0.995,                 0.8955,                0.47371,                0.45254,                0.16147,                0.24218,                 0.7808,              5.168e-05,              5.168e-05,              5.168e-05
                    494,                0.32591,                 0.6838,                0.27777,                0.21249,                0.78383,                      1,                      1,                  0.995,                  0.933,                      1,                      1,                  0.995,                 0.8955,                0.45527,                0.45396,                0.16337,                0.24553,                0.77905,              4.772e-05,              4.772e-05,              4.772e-05
                    495,                0.33898,                0.65954,                0.27978,                0.21821,                0.82797,                      1,                      1,                  0.995,                  0.933,                      1,                      1,                  0.995,                 0.8955,                0.44679,                 0.4662,                0.16541,                0.24173,                0.77695,              4.376e-05,              4.376e-05,              4.376e-05
                    496,                0.31581,                0.74895,                0.27193,                0.21965,                0.81342,                      1,                      1,                  0.995,                  0.933,                      1,                      1,                  0.995,                 0.8955,                 0.4433,                0.48379,                0.16655,                0.23584,                 0.7751,               3.98e-05,               3.98e-05,               3.98e-05
                    497,                0.30979,                  0.751,                0.28489,                0.21726,                0.81985,                      1,                      1,                  0.995,                  0.933,                      1,                      1,                  0.995,                 0.8955,                 0.4433,                0.48379,                0.16655,                0.23584,                 0.7751,              3.584e-05,              3.584e-05,              3.584e-05
                    498,                0.30849,                0.77535,                 0.2672,                 0.2187,                 0.8357,                      1,                      1,                  0.995,                  0.933,                      1,                      1,                  0.995,                 0.8955,                0.44259,                0.48993,                0.16667,                0.23369,                0.77495,              3.188e-05,              3.188e-05,              3.188e-05
                    499,                0.32558,                0.72732,                 0.2767,                0.22077,                0.78197,                      1,                      1,                  0.995,                  0.933,                      1,                      1,                  0.995,                 0.8955,                0.44221,                0.49925,                0.16663,                0.22835,                0.77481,              2.792e-05,              2.792e-05,              2.792e-05
                    500,                0.32862,                0.68594,                0.28093,                0.22838,                0.79504,                      1,                      1,                  0.995,                  0.933,                      1,                      1,                  0.995,                 0.8955,                0.44396,                0.49011,                0.16574,                0.22939,                0.77594,              2.396e-05,              2.396e-05,              2.396e-05
