                  epoch,         train/box_loss,        train/pose_loss,        train/kobj_loss,         train/cls_loss,         train/dfl_loss,   metrics/precision(B),      metrics/recall(B),       metrics/mAP50(B),    metrics/mAP50-95(B),   metrics/precision(P),      metrics/recall(P),       metrics/mAP50(P),    metrics/mAP50-95(P),           val/box_loss,          val/pose_loss,          val/kobj_loss,           val/cls_loss,           val/dfl_loss,                 lr/pg0,                 lr/pg1,                 lr/pg2
                      1,                 1.6017,                 11.583,                0.77339,                 4.5478,                 1.6733,                0.34418,                   0.25,                0.29816,                0.23853,                      0,                      0,                      0,                      0,                   1.47,                 11.688,                0.81737,                   3.71,                 1.4812,                  8e-05,                  8e-05,                  8e-05
                      2,                  1.637,                 11.455,                0.77793,                 4.5948,                 1.6804,                0.50295,                   0.75,                0.53263,                0.32799,                      0,                      0,                      0,                      0,                0.91297,                 11.447,                0.73592,                 4.1003,                 0.8799,             0.00017964,             0.00017964,             0.00017964
                      3,                 1.2717,                 11.154,                0.75718,                 1.7795,                 1.1762,                0.50295,                   0.75,                0.53263,                0.32799,                      0,                      0,                      0,                      0,                  3.539,                 11.457,                 0.6361,                  6.888,                  2.902,             0.00027889,             0.00027889,             0.00027889
                      4,                0.89445,                 10.821,                  0.729,                 1.7208,                  0.947,                0.50295,                   0.75,                0.53263,                0.32799,                      0,                      0,                      0,                      0,                0.08873,                 11.944,                0.81149,                0.32666,                0.07837,             0.00037774,             0.00037774,             0.00037774
                      5,                0.91001,                 10.527,                0.69617,                0.85051,                0.97451,                0.50295,                   0.75,                0.53263,                0.32799,                      0,                      0,                      0,                      0,                      0,                      0,                      0,                    639,                      0,              0.0004762,              0.0004762,              0.0004762
                      6,                0.86925,                 10.308,                0.67046,                 0.7399,                0.94716,                0.50295,                   0.75,                0.53263,                0.32799,                      0,                      0,                      0,                      0,                      0,                      0,                      0,                    739,                      0,             0.00057426,             0.00057426,             0.00057426
                      7,                0.90649,                 9.6584,                0.66031,                0.74875,                0.99035,                0.50295,                   0.75,                0.53263,                0.32799,                      0,                      0,                      0,                      0,                      0,                      0,                      0,                      0,                      0,             0.00067192,             0.00067192,             0.00067192
                      8,                0.78513,                 9.5004,                0.64463,                0.76877,                0.92479,                0.50295,                   0.75,                0.53263,                0.32799,                      0,                      0,                      0,                      0,                    nan,                    nan,                    nan,                    nan,                    nan,             0.00076919,             0.00076919,             0.00076919
                      9,                0.86567,                 8.8324,                0.64841,                 1.1609,                 1.0059,                0.00083,                   0.25,                0.00052,                  5e-05,                      0,                      0,                      0,                      0,                    nan,                    nan,                    nan,                    nan,                    nan,             0.00086606,             0.00086606,             0.00086606
                     10,                0.93694,                 9.0962,                 0.6269,                0.95854,                 1.0252,                0.00083,                   0.25,                0.00052,                  5e-05,                      0,                      0,                      0,                      0,                      0,                      0,                      0,                    nan,                      0,             0.00096254,             0.00096254,             0.00096254
                     11,                 1.0553,                 8.8998,                0.61846,                0.89425,                 1.0088,                0.00083,                   0.25,                0.00052,                  5e-05,                      0,                      0,                      0,                      0,                    nan,                     12,                   1416,                    nan,                    nan,              0.0010586,              0.0010586,              0.0010586
                     12,                 1.0458,                  8.194,                0.61833,                0.97167,                 1.0356,                0.00083,                   0.25,                0.00052,                  5e-05,                      0,                      0,                      0,                      0,                      0,                      0,                      0,                    nan,                      0,              0.0011543,              0.0011543,              0.0011543
                     13,                 1.0381,                 9.0081,                 0.6132,                0.86377,                 1.0332,                0.00083,                   0.25,                0.00052,                  5e-05,                      0,                      0,                      0,                      0,                    nan,                    nan,                    nan,                    nan,                    nan,              0.0012496,              0.0012496,              0.0012496
                     14,                0.95299,                 8.6932,                0.60503,                  1.066,                 1.0407,                0.00083,                   0.25,                0.00052,                  5e-05,                      0,                      0,                      0,                      0,                    nan,                     12,                 1116.8,                    nan,                    nan,              0.0013445,              0.0013445,              0.0013445
                     15,                0.99952,                 8.7603,                0.62743,                 1.0716,                 1.0449,                0.00083,                   0.25,                0.00052,                  5e-05,                      0,                      0,                      0,                      0,                      0,                      0,                      0,                    nan,                      0,               0.001439,               0.001439,               0.001439
                     16,                0.90667,                 8.0197,                0.57778,                0.83895,                 1.0324,                0.00083,                   0.25,                0.00052,                  5e-05,                      0,                      0,                      0,                      0,                    nan,                    nan,                    nan,                    nan,                    nan,              0.0015331,              0.0015331,              0.0015331
                     17,                 1.1204,                  7.764,                 0.5745,                0.79577,                 1.0217,                0.00083,                   0.25,                0.00052,                  5e-05,                      0,                      0,                      0,                      0,                    nan,                    nan,                    nan,                    nan,                    nan,              0.0016268,              0.0016268,              0.0016268
                     18,                 1.0152,                 7.8551,                0.58084,                0.81207,                 1.0216,                0.00083,                   0.25,                0.00052,                  5e-05,                      0,                      0,                      0,                      0,                    nan,                    nan,                    nan,                    nan,                    nan,              0.0017201,              0.0017201,              0.0017201
                     19,                 1.0292,                 7.7398,                0.59529,                0.76191,                 1.0457,                0.00083,                   0.25,                0.00052,                  5e-05,                      0,                      0,                      0,                      0,                    nan,                    nan,                    nan,                    nan,                    nan,               0.001813,               0.001813,               0.001813
                     20,                 1.0669,                 7.3737,                0.57521,                0.83508,                 1.0934,                0.00083,                   0.25,                0.00052,                  5e-05,                      0,                      0,                      0,                      0,                    nan,                    nan,                    nan,                    nan,                    nan,              0.0019055,              0.0019055,              0.0019055
                     21,                 1.0948,                 7.8174,                0.58208,                0.81705,                 1.0982,                0.00083,                   0.25,                0.00052,                  5e-05,                      0,                      0,                      0,                      0,                      0,                      0,                      0,                   8336,                      0,              0.0019208,              0.0019208,              0.0019208
                     22,                 1.0448,                 7.0279,                0.54082,                0.96622,                  1.078,                0.00083,                   0.25,                0.00052,                  5e-05,                      0,                      0,                      0,                      0,                      0,                      0,                      0,                  10080,                      0,              0.0019208,              0.0019208,              0.0019208
                     23,                 1.0559,                 6.9784,                0.56748,                0.87514,                 1.0697,                0.00083,                   0.25,                0.00052,                  5e-05,                      0,                      0,                      0,                      0,                      0,                      0,                      0,                    inf,                      0,              0.0019168,              0.0019168,              0.0019168
                     24,                 0.9486,                 6.7109,                0.57904,                0.79169,                 1.0449,                0.00083,                   0.25,                0.00052,                  5e-05,                      0,                      0,                      0,                      0,                      0,                      0,                      0,                   7956,                      0,              0.0019129,              0.0019129,              0.0019129
                     25,                0.89324,                 6.6791,                0.58192,                0.80446,                 0.9984,                0.00676,                   0.25,                0.00584,                0.00292,                      0,                      0,                      0,                      0,                 2.9606,                 11.921,                  4.119,                 4772.8,                 31.974,              0.0019089,              0.0019089,              0.0019089
                     26,                0.89019,                 6.9913,                0.58441,                0.73218,                 1.0212,                 0.0106,                   0.75,                0.04556,                0.01035,                      0,                      0,                      0,                      0,                 2.9615,                     12,                 8.3114,                  20176,                  37.69,               0.001905,               0.001905,               0.001905
                     27,                0.83308,                 7.0558,                0.56959,                0.71632,                0.98735,                0.00362,                   0.25,                 0.0042,                 0.0021,                      0,                      0,                      0,                      0,                 5.2664,                     12,                 3.1122,                  13415,                 30.217,               0.001901,               0.001901,               0.001901
                     28,                 1.0586,                  6.567,                 0.5685,                0.81832,                 1.0696,                0.00546,                   0.25,                 0.0049,                0.00098,                      0,                      0,                      0,                      0,                 4.3253,                  11.75,                0.83072,                 3063.2,                 7.0802,               0.001897,               0.001897,               0.001897
                     29,                 1.0127,                 6.2749,                 0.6109,                 0.8133,                 1.0463,                0.01235,                   0.25,                0.01057,                0.00211,                      0,                      0,                      0,                      0,                 4.7291,                 11.589,                0.73023,                 529.99,                 5.6687,              0.0018931,              0.0018931,              0.0018931
                     30,                0.86779,                 5.6807,                0.55239,                0.66556,                 1.0129,                0.00979,                   0.25,                0.00702,                 0.0014,                      0,                      0,                      0,                      0,                 4.3434,                 10.832,                0.74775,                  254.3,                 4.9982,              0.0018891,              0.0018891,              0.0018891
                     31,                0.86406,                 5.9995,                0.54685,                0.66922,                 1.0009,                0.01923,                   0.25,                0.01061,                0.00318,                      0,                      0,                      0,                      0,                 3.3143,                 8.7898,                  0.724,                 434.51,                 4.8806,              0.0018852,              0.0018852,              0.0018852
                     32,                0.91508,                 6.1709,                 0.5477,                0.81598,                 1.0201,                0.06667,                   0.25,                0.08394,                0.01679,                      0,                      0,                      0,                      0,                 2.2855,                 11.941,                0.75837,                  518.5,                  2.948,              0.0018812,              0.0018812,              0.0018812
                     33,                0.81654,                 6.4436,                  0.572,                0.71143,                0.99999,                0.04777,                   0.25,                0.01527,                0.00305,                      0,                      0,                      0,                      0,                      0,                      0,                      0,                 71.938,                      0,              0.0018772,              0.0018772,              0.0018772
                     34,                0.86163,                 5.9102,                0.55351,                0.67087,                 1.0154,                0.00637,                   0.25,                0.00487,                0.00049,                      0,                      0,                      0,                      0,                      0,                      0,                      0,                  6.918,                      0,              0.0018733,              0.0018733,              0.0018733
                     35,                0.76278,                  5.859,                0.57614,                0.62202,                0.94843,                0.00704,                   0.25,                0.00452,                0.00045,                      0,                      0,                      0,                      0,                 1.8183,                     12,                0.66626,                 9.7266,                  2.742,              0.0018693,              0.0018693,              0.0018693
                     36,                0.88655,                 5.7742,                0.57062,                0.70595,                 1.0102,                0.00637,                   0.25,                0.00637,                0.00064,                      0,                      0,                      0,                      0,                 4.0503,                 11.071,                0.68423,                 6.6274,                 3.8899,              0.0018654,              0.0018654,              0.0018654
                     37,                 0.7457,                 5.7101,                0.55427,                0.63874,                0.94189,                0.01282,                    0.5,                0.01971,                0.00854,                      0,                      0,                      0,                      0,                  3.401,                 10.686,                0.61645,                 5.4075,                 2.7145,              0.0018614,              0.0018614,              0.0018614
                     38,                0.82302,                 5.8953,                0.56383,                0.70675,                0.97591,                0.16819,                   0.25,                0.12207,                0.07479,                      0,                      0,                      0,                      0,                 1.5394,                 9.1216,                0.61423,                 2.6011,                 1.2857,              0.0018574,              0.0018574,              0.0018574
                     39,                 0.7785,                 5.4255,                0.55452,                0.61317,                0.94904,                0.08494,                   0.25,                0.03686,                0.01435,                      0,                      0,                      0,                      0,                 2.2378,                 9.1653,                0.60672,                  4.268,                 1.5939,              0.0018535,              0.0018535,              0.0018535
                     40,                 0.7562,                 5.9471,                0.56441,                0.63474,                0.96396,                0.28049,                   0.75,                0.53518,                0.30254,                0.07941,                   0.25,                0.04059,                0.00406,                 1.7902,                 7.4639,                0.60334,                 3.7889,                 1.6166,              0.0018495,              0.0018495,              0.0018495
                     41,                0.79572,                 5.7838,                0.56476,                0.66133,                0.96131,                0.92213,                      1,                  0.995,                 0.7209,                 0.0326,                   0.25,                0.03193,                0.00639,                 1.1957,                 6.4295,                0.60457,                 1.9035,                  1.184,              0.0018456,              0.0018456,              0.0018456
                     42,                0.77445,                 5.9326,                0.56886,                0.62425,                0.94232,                0.97179,                      1,                  0.995,                0.86662,                0.24879,                   0.25,                0.12474,                0.02495,                0.63505,                 6.1379,                0.60249,                 1.0785,                0.82188,              0.0018416,              0.0018416,              0.0018416
                     43,                0.74097,                 5.3491,                 0.5412,                0.62572,                 0.9576,                0.97218,                      1,                  0.995,                0.84559,                0.48581,                    0.5,                0.37398,                 0.0622,                0.72912,                 5.9686,                 0.6018,                0.95534,                0.82647,              0.0018376,              0.0018376,              0.0018376
                     44,                0.74042,                 5.6763,                0.54861,                0.62345,                0.93415,                0.98594,                      1,                  0.995,                0.83347,                0.74178,                   0.75,                0.74861,                0.14181,                0.66721,                 5.0468,                0.60384,                0.56399,                 0.7968,              0.0018337,              0.0018337,              0.0018337
                     45,                0.75313,                 5.9466,                 0.5797,                0.62642,                0.97391,                0.98303,                      1,                  0.995,                 0.8955,                0.74171,                   0.75,                0.74828,                0.27444,                0.59144,                 4.3954,                0.59708,                0.52709,                 0.7555,              0.0018297,              0.0018297,              0.0018297
                     46,                0.64298,                 4.8909,                0.52732,                  0.557,                0.93309,                0.98121,                      1,                  0.995,                0.88969,                0.73907,                   0.75,                  0.748,                0.29075,                0.62063,                  4.291,                0.59423,                0.53467,                0.75441,              0.0018258,              0.0018258,              0.0018258
                     47,                0.65571,                 5.4855,                0.56277,                0.55647,                0.92675,                0.98847,                      1,                  0.995,                0.93722,                0.74135,                   0.75,                0.68669,                0.16264,                0.53219,                 4.6956,                0.59575,                0.46826,                0.76097,              0.0018218,              0.0018218,              0.0018218
                     48,                0.76616,                  5.293,                0.54912,                0.57164,                0.94981,                0.98707,                      1,                  0.995,                0.87058,                      0,                      0,                      0,                      0,                0.75483,                 6.3936,                0.59366,                0.81091,                 0.9538,              0.0018178,              0.0018178,              0.0018178
                     49,                0.76242,                 5.0749,                0.56314,                0.60103,                0.95372,                0.98701,                      1,                  0.995,                0.94525,                  0.628,                    0.5,                0.41417,                0.04977,                0.52771,                 5.3103,                0.58407,                0.50665,                0.81519,              0.0018139,              0.0018139,              0.0018139
                     50,                 0.7132,                 5.1899,                0.54978,                0.56876,                0.95852,                0.98916,                      1,                  0.995,                 0.8955,                 0.6345,                    0.5,                0.33068,                0.07435,                0.58146,                 4.5358,                0.57699,                0.81507,                0.76698,              0.0018099,              0.0018099,              0.0018099
                     51,                0.67921,                 5.0847,                 0.5825,                0.55312,                0.92418,                0.98528,                      1,                  0.995,                 0.8955,                0.61472,                    0.5,                0.33051,                0.09915,                0.54011,                 4.5138,                0.57569,                 1.2476,                0.76992,               0.001806,               0.001806,               0.001806
                     52,                0.71845,                 4.8676,                0.54307,                0.57674,                0.95185,                0.97065,                      1,                  0.995,                0.86453,                0.51417,                    0.5,                0.33367,                0.08361,                0.61685,                 4.1409,                0.57309,                0.71049,                0.77641,               0.001802,               0.001802,               0.001802
                     53,                0.71881,                 5.0171,                0.55273,                0.57463,                0.94436,                0.95052,                      1,                  0.995,                 0.7213,                0.46913,                    0.5,                0.25148,                 0.0503,                0.89483,                 5.0387,                0.57838,                  1.261,                0.80196,               0.001798,               0.001798,               0.001798
                     54,                0.72937,                 5.0483,                0.55977,                0.57489,                0.93597,                0.95604,                   0.75,                0.76826,                0.45682,                0.00658,                   0.25,                 0.0082,                0.00082,                 1.7824,                 5.9997,                0.58338,                 1.5538,                 1.1348,              0.0017941,              0.0017941,              0.0017941
                     55,                0.69263,                 4.7423,                0.56802,                0.56913,                0.92727,                0.94613,                   0.25,                0.40214,                0.24069,                 0.1247,                   0.25,                0.05288,                0.02115,                 2.0248,                 5.7349,                0.58727,                  1.853,                 1.3512,              0.0017901,              0.0017901,              0.0017901
                     56,                0.71067,                 5.0289,                0.55677,                0.59357,                0.95759,                      1,                 0.4798,                0.71722,                0.53401,                      0,                      0,                      0,                      0,                 1.0993,                  7.961,                 0.5831,                 1.3799,                0.99944,              0.0017862,              0.0017862,              0.0017862
                     57,                0.70016,                 4.7185,                 0.5437,                0.59181,                0.95171,                0.73819,                0.71458,                0.82536,                0.60388,                      0,                      0,                      0,                      0,                0.89729,                 6.6673,                0.58229,                 1.0933,                0.88126,              0.0017822,              0.0017822,              0.0017822
                     58,                0.72002,                 4.9336,                0.56152,                0.58057,                0.98426,                0.97938,                      1,                  0.995,                0.73973,                0.46288,                   0.25,                 0.1301,                0.03903,                 0.9231,                 4.7734,                0.57853,                0.60985,                0.88113,              0.0017782,              0.0017782,              0.0017782
                     59,                0.70283,                 4.7513,                0.52759,                0.53522,                0.91821,                0.98639,                      1,                  0.995,                0.80217,                0.44417,                   0.25,                0.13306,                0.05322,                0.95464,                 5.0861,                0.58052,                0.68608,                0.91258,              0.0017743,              0.0017743,              0.0017743
                     60,                0.80834,                 5.0465,                0.57226,                0.58854,                0.93766,                0.98833,                      1,                  0.995,                0.81816,                0.49558,                    0.5,                0.43384,                0.08266,                0.65798,                 4.5931,                0.58313,                0.65447,                0.77833,              0.0017703,              0.0017703,              0.0017703
                     61,                0.73708,                 4.3418,                0.53983,                0.56079,                0.89931,                 0.9886,                      1,                  0.995,                0.91155,                0.49589,                    0.5,                  0.546,                 0.1638,                0.49591,                 4.0694,                0.58183,                0.42439,                0.75352,              0.0017664,              0.0017664,              0.0017664
                     62,                0.77625,                 4.8295,                0.56629,                0.65002,                0.97485,                 0.9883,                      1,                  0.995,                0.83705,                 0.9883,                      1,                  0.995,                0.39411,                0.77659,                 3.0324,                0.58367,                 0.5693,                0.80995,              0.0017624,              0.0017624,              0.0017624
                     63,                  0.754,                 4.7819,                0.56979,                0.62935,                0.92205,                0.98785,                      1,                  0.995,                0.82905,                0.98785,                      1,                  0.995,                0.33187,                0.83189,                 3.1254,                0.58568,                0.51854,                0.81527,              0.0017584,              0.0017584,              0.0017584
                     64,                0.74147,                 4.7872,                0.53625,                0.55879,                0.92676,                 0.9884,                      1,                  0.995,                0.90403,                 0.9884,                      1,                  0.995,                0.24134,                0.62216,                 3.3959,                0.58799,                0.47271,                0.78783,              0.0017545,              0.0017545,              0.0017545
                     65,                0.69451,                 5.1788,                0.57204,                0.55912,                0.93632,                 0.9849,                      1,                  0.995,                0.94559,                 0.9849,                      1,                  0.995,                0.29502,                 0.4859,                  3.028,                0.58534,                0.37218,                0.74942,              0.0017505,              0.0017505,              0.0017505
                     66,                0.66267,                 4.7402,                 0.5544,                0.53865,                0.91602,                0.98876,                      1,                  0.995,                0.90759,                0.98876,                      1,                  0.995,                0.42595,                0.51576,                 2.7787,                0.58549,                0.39153,                0.75806,              0.0017466,              0.0017466,              0.0017466
                     67,                 0.6163,                 4.1107,                0.52709,                0.51207,                0.90181,                 0.9889,                      1,                  0.995,                 0.8892,                 0.9889,                      1,                  0.995,                0.45163,                0.59417,                 2.7057,                0.58534,                0.35337,                0.78027,              0.0017426,              0.0017426,              0.0017426
                     68,                0.64615,                 4.6572,                 0.5581,                0.51152,                0.94575,                 0.9852,                      1,                  0.995,                 0.8955,                 0.9852,                      1,                  0.995,                0.38638,                0.46337,                 2.6636,                0.58391,                0.41179,                0.74427,              0.0017386,              0.0017386,              0.0017386
                     69,                0.64696,                 4.4327,                0.54664,                0.53303,                0.89997,                0.98251,                      1,                  0.995,                0.90196,                0.98251,                      1,                  0.995,                0.36812,                0.46178,                 2.9675,                0.58507,                0.38123,                0.73904,              0.0017347,              0.0017347,              0.0017347
                     70,                0.66396,                 4.7674,                0.55779,                0.52998,                0.92569,                0.98201,                      1,                  0.995,                0.92064,                0.98201,                      1,                  0.995,                0.30534,                0.48757,                 2.8657,                0.58075,                0.46117,                0.72358,              0.0017307,              0.0017307,              0.0017307
                     71,                0.61804,                 4.7808,                0.52744,                0.51263,                0.91117,                 0.9853,                      1,                  0.995,                0.90802,                 0.7385,                   0.75,                0.56148,                 0.2913,                0.51267,                 2.9015,                0.57952,                0.47136,                0.72765,              0.0017268,              0.0017268,              0.0017268
                     72,                0.68175,                 4.5259,                0.54722,                0.51814,                0.92514,                0.98331,                      1,                  0.995,                0.90799,                0.73695,                   0.75,                0.66986,                0.16484,                0.52975,                 3.2422,                0.56955,                0.62342,                0.76976,              0.0017228,              0.0017228,              0.0017228
                     73,                 0.6617,                 4.2213,                0.53547,                0.50418,                0.92689,                0.96386,                      1,                  0.995,                0.90189,                0.96386,                      1,                  0.995,                0.22042,                0.46375,                 3.3655,                 0.5678,                0.56402,                0.73656,              0.0017188,              0.0017188,              0.0017188
                     74,                0.60213,                 4.3014,                0.53737,                 0.5014,                0.90097,                0.98045,                      1,                  0.995,                0.90191,                0.73534,                   0.75,                0.68543,                0.21845,                0.33966,                 3.1797,                0.56658,                0.42322,                0.70053,              0.0017149,              0.0017149,              0.0017149
                     75,                0.59891,                 3.6371,                0.53614,                0.49373,                0.89794,                0.98815,                      1,                  0.995,                0.93299,                0.98815,                      1,                  0.995,                0.20622,                0.30362,                 3.1149,                0.56543,                0.28242,                0.69818,              0.0017109,              0.0017109,              0.0017109
                     76,                0.61378,                 3.8918,                0.53272,                0.49638,                0.91457,                0.98532,                      1,                  0.995,                0.93723,                0.98532,                      1,                  0.995,                0.29056,                0.37628,                 3.2903,                0.56271,                0.36273,                0.74168,               0.001707,               0.001707,               0.001707
                     77,                0.56676,                 3.4273,                0.51476,                  0.466,                0.88392,                 0.9879,                      1,                  0.995,                0.85243,                 0.9879,                      1,                  0.995,                0.26822,                0.46686,                  3.084,                0.56128,                0.33209,                 0.7523,               0.001703,               0.001703,               0.001703
                     78,                0.62117,                 3.9473,                0.56495,                0.49808,                0.91614,                0.98879,                      1,                  0.995,                0.93801,                0.98879,                      1,                  0.995,                0.33853,                0.37536,                 3.0293,                0.55816,                0.32143,                0.71387,               0.001699,               0.001699,               0.001699
                     79,                0.61614,                 4.3811,                0.55811,                0.45792,                0.92489,                0.98865,                      1,                  0.995,                0.95229,                0.98865,                      1,                  0.995,                0.29621,                0.34387,                 3.2463,                0.55828,                0.31908,                0.70315,              0.0016951,              0.0016951,              0.0016951
                     80,                0.61523,                 4.8209,                0.58483,                0.46806,                0.91665,                0.98876,                      1,                  0.995,                0.92875,                0.98876,                      1,                  0.995,                0.35217,                0.43941,                 2.7119,                 0.5544,                0.36262,                0.72183,              0.0016911,              0.0016911,              0.0016911
                     81,                0.58875,                 4.3998,                0.54078,                0.44388,                  0.902,                0.98856,                      1,                  0.995,                 0.8955,                0.98856,                      1,                  0.995,                0.27333,                0.52684,                 2.9066,                0.55373,                0.33676,                0.72244,              0.0016872,              0.0016872,              0.0016872
                     82,                0.58054,                 4.4971,                0.53311,                0.45322,                0.86837,                0.98866,                      1,                  0.995,                0.85396,                0.42857,                   0.75,                0.41036,                0.10026,                0.54737,                 3.6491,                0.55614,                0.41324,                0.75835,              0.0016832,              0.0016832,              0.0016832
                     83,                0.61116,                 4.6232,                0.54297,                0.45275,                0.88287,                0.98877,                      1,                  0.995,                0.85237,                   0.25,                    0.5,                0.21685,                0.06043,                0.48523,                 3.6103,                0.55411,                0.40756,                 0.7422,              0.0016792,              0.0016792,              0.0016792
                     84,                0.59534,                 4.6159,                 0.5648,                0.46954,                0.88918,                0.98874,                      1,                  0.995,                0.92592,                0.98874,                      1,                  0.995,                0.33272,                0.35801,                 2.7166,                0.55247,                0.28523,                0.70867,              0.0016753,              0.0016753,              0.0016753
                     85,                0.57238,                 4.1591,                0.57789,                0.45179,                0.92026,                 0.9887,                      1,                  0.995,                 0.9245,                 0.9887,                      1,                  0.995,                0.31233,                0.41036,                 2.7993,                0.55435,                0.28662,                0.71576,              0.0016713,              0.0016713,              0.0016713
                     86,                0.56273,                 3.9524,                0.53454,                0.47028,                0.86405,                0.98865,                      1,                  0.995,                0.95492,                0.98865,                      1,                  0.995,                0.36495,                0.34264,                 2.6787,                0.55367,                0.25008,                0.71173,              0.0016674,              0.0016674,              0.0016674
                     87,                0.57886,                 3.9861,                 0.5456,                0.47939,                0.92264,                0.98871,                      1,                  0.995,                 0.9614,                0.98871,                      1,                  0.995,                0.50033,                0.31126,                 2.3186,                  0.554,                0.26276,                0.69535,              0.0016634,              0.0016634,              0.0016634
                     88,                0.61208,                 3.7597,                0.52741,                0.47747,                0.87215,                0.98863,                      1,                  0.995,                0.90192,                0.98863,                      1,                  0.995,                0.39818,                0.35716,                 2.5433,                0.55174,                0.29772,                0.69427,              0.0016594,              0.0016594,              0.0016594
                     89,                0.53846,                 4.0129,                0.53409,                0.43152,                0.84563,                0.98852,                      1,                  0.995,                0.88678,                0.98852,                      1,                  0.995,                0.36306,                0.42258,                 2.6005,                 0.5518,                0.32165,                0.69691,              0.0016555,              0.0016555,              0.0016555
                     90,                0.56403,                 4.0781,                0.51863,                0.45046,                0.88427,                 0.9883,                      1,                  0.995,                  0.922,                 0.9883,                      1,                  0.995,                0.44793,                  0.418,                 2.3275,                0.55317,                0.31614,                0.71227,              0.0016515,              0.0016515,              0.0016515
                     91,                0.55313,                 3.8088,                0.53892,                0.44878,                0.87319,                0.98857,                      1,                  0.995,                 0.8955,                0.98857,                      1,                  0.995,                0.44655,                0.41278,                 2.4964,                0.55528,                  0.298,                0.70247,              0.0016476,              0.0016476,              0.0016476
                     92,                 0.6125,                 4.0818,                0.53362,                0.48138,                0.86773,                0.98797,                      1,                  0.995,                 0.8955,                0.98797,                      1,                  0.995,                0.39998,                0.39622,                 3.0146,                0.54827,                0.31524,                0.69876,              0.0016436,              0.0016436,              0.0016436
                     93,                0.60832,                 4.1292,                0.55331,                0.48802,                 0.8862,                0.98616,                      1,                  0.995,                0.90848,                0.98616,                      1,                  0.995,                0.38348,                0.41859,                 2.7876,                0.54629,                0.34748,                0.71267,              0.0016396,              0.0016396,              0.0016396
                     94,                0.56183,                 3.9363,                0.54733,                0.45792,                0.87899,                0.98106,                      1,                  0.995,                0.94593,                0.98106,                      1,                  0.995,                  0.355,                0.35934,                 2.8063,                0.54387,                0.41998,                0.71033,              0.0016357,              0.0016357,              0.0016357
                     95,                0.58856,                  4.005,                 0.5435,                0.45529,                0.88546,                 0.9766,                      1,                  0.995,                  0.995,                 0.9766,                      1,                  0.995,                0.37157,                0.33575,                 2.8268,                0.54185,                0.63897,                0.71298,              0.0016317,              0.0016317,              0.0016317
                     96,                0.59995,                 4.0911,                0.54259,                0.45726,                0.90807,                0.98039,                      1,                  0.995,                0.95214,                0.98039,                      1,                  0.995,                0.41668,                0.32228,                 2.6233,                0.54298,                0.40676,                0.72095,              0.0016278,              0.0016278,              0.0016278
                     97,                0.54801,                 3.9128,                 0.5545,                0.43639,                0.87842,                0.98447,                      1,                  0.995,                0.95272,                0.98447,                      1,                  0.995,                0.38697,                0.36382,                 2.5872,                 0.5434,                0.30692,                0.71333,              0.0016238,              0.0016238,              0.0016238
                     98,                0.51677,                 3.4811,                0.55044,                0.40006,                0.82708,                0.98151,                      1,                  0.995,                0.95315,                0.98151,                      1,                  0.995,                0.38156,                0.42111,                 2.6902,                0.54387,                0.42813,                0.73231,              0.0016198,              0.0016198,              0.0016198
                     99,                0.60692,                 3.8771,                0.52717,                0.46323,                0.87783,                0.96741,                      1,                  0.995,                  0.995,                0.96741,                      1,                  0.995,                0.39253,                0.47834,                 3.0125,                0.54778,                0.44748,                0.77028,              0.0016159,              0.0016159,              0.0016159
                    100,                0.59698,                 3.7941,                0.54032,                0.47266,                0.86461,                0.96746,                      1,                  0.995,                0.96075,                0.96746,                      1,                  0.995,                0.50675,                0.31406,                 2.2494,                 0.5444,                 0.3529,                0.69279,              0.0016119,              0.0016119,              0.0016119
                    101,                0.58574,                 3.7528,                0.51231,                0.44635,                0.88092,                0.96488,                      1,                  0.995,                 0.9501,                0.96488,                      1,                  0.995,                 0.5255,                0.42641,                 2.2021,                0.54308,                0.37366,                 0.7132,               0.001608,               0.001608,               0.001608
                    102,                0.58729,                 3.7948,                0.55523,                0.42602,                0.90133,                 0.9709,                      1,                  0.995,                 0.8955,                 0.9709,                      1,                  0.995,                0.49326,                0.44579,                 2.0984,                0.54502,                0.34597,                0.71758,               0.001604,               0.001604,               0.001604
                    103,                0.57416,                 3.6644,                0.53405,                0.43645,                0.87492,                0.97889,                      1,                  0.995,                0.94768,                0.97889,                      1,                  0.995,                0.44997,                0.38369,                 2.3001,                0.54664,                0.28078,                0.71122,                 0.0016,                 0.0016,                 0.0016
                    104,                0.59489,                  3.916,                0.54054,                0.46174,                0.89622,                0.98858,                      1,                  0.995,                0.91318,                0.98858,                      1,                  0.995,                0.34655,                0.33551,                  2.586,                0.55055,                 0.2704,                   0.71,              0.0015961,              0.0015961,              0.0015961
                    105,                0.60955,                 3.7029,                0.55577,                0.46329,                0.90751,                0.98855,                      1,                  0.995,                 0.8955,                0.98855,                      1,                  0.995,                   0.38,                0.44732,                 2.6504,                0.55427,                0.27734,                0.72619,              0.0015921,              0.0015921,              0.0015921
                    106,                0.62314,                 3.4703,                0.53992,                0.47625,                0.90985,                0.98781,                      1,                  0.995,                0.92592,                0.74086,                   0.75,                0.66333,                0.27568,                0.41121,                 2.9294,                 0.5557,                0.28454,                0.72143,              0.0015882,              0.0015882,              0.0015882
                    107,                0.59917,                  3.634,                0.54674,                0.44951,                0.89527,                0.98319,                      1,                  0.995,                0.95527,                0.98319,                      1,                  0.995,                0.40995,                0.36021,                  2.664,                0.55523,                0.26294,                0.71491,              0.0015842,              0.0015842,              0.0015842
                    108,                0.69034,                 3.3985,                0.54455,                0.44009,                0.93031,                0.97245,                      1,                  0.995,                 0.9673,                0.97245,                      1,                  0.995,                0.48945,                0.39044,                 2.1236,                0.55152,                0.30658,                 0.7214,              0.0015802,              0.0015802,              0.0015802
                    109,                0.65331,                 4.0594,                0.56717,                0.50487,                0.90698,                0.97435,                      1,                  0.995,                0.92345,                0.97435,                      1,                  0.995,                0.36802,                0.43059,                 2.5301,                0.54967,                0.33742,                0.71539,              0.0015763,              0.0015763,              0.0015763
                    110,                0.60488,                 3.5854,                0.52881,                0.44589,                0.86462,                0.97528,                      1,                  0.995,                0.95527,                0.97528,                      1,                  0.995,                0.43615,                0.37536,                 2.4053,                0.54861,                0.32496,                0.70588,              0.0015723,              0.0015723,              0.0015723
                    111,                0.61309,                 3.9993,                0.55394,                0.46691,                0.87466,                0.97851,                      1,                  0.995,                  0.995,                0.97851,                      1,                  0.995,                0.44917,                 0.2803,                 2.4154,                0.55001,                0.29388,                0.69685,              0.0015684,              0.0015684,              0.0015684
                    112,                0.61955,                 4.0739,                  0.557,                0.51006,                0.89097,                0.98784,                      1,                  0.995,                  0.995,                0.98784,                      1,                  0.995,                0.46525,                0.32239,                 2.2359,                0.55016,                0.33042,                0.70256,              0.0015644,              0.0015644,              0.0015644
                    113,                0.57465,                 3.4905,                0.52364,                0.45995,                0.87339,                0.98696,                      1,                  0.995,                 0.9739,                0.98696,                      1,                  0.995,                 0.4315,                0.35549,                 2.2322,                0.54806,                0.33861,                0.70517,              0.0015604,              0.0015604,              0.0015604
                    114,                0.54647,                 3.3807,                0.55538,                0.43325,                 0.8747,                0.98425,                      1,                  0.995,                0.97487,                0.98425,                      1,                  0.995,                0.47688,                0.40551,                 2.2038,                0.54829,                0.31268,                0.71241,              0.0015565,              0.0015565,              0.0015565
                    115,                0.59409,                 3.6924,                0.53308,                0.46601,                0.90282,                0.98667,                      1,                  0.995,                 0.9739,                0.98667,                      1,                  0.995,                0.47985,                0.42896,                 2.1918,                0.55275,                0.29922,                0.70892,              0.0015525,              0.0015525,              0.0015525
                    116,                 0.5661,                 3.4991,                 0.5175,                0.43497,                0.87873,                0.98813,                      1,                  0.995,                0.93714,                0.98813,                      1,                  0.995,                0.42907,                0.42739,                 2.3395,                0.55947,                0.32363,                0.70406,              0.0015486,              0.0015486,              0.0015486
                    117,                0.58904,                 3.9517,                0.53514,                0.45166,                0.88152,                0.98847,                      1,                  0.995,                0.93817,                0.98847,                      1,                  0.995,                0.45189,                 0.4118,                 2.0894,                0.55664,                0.32661,                0.72083,              0.0015446,              0.0015446,              0.0015446
                    118,                0.58809,                 3.6297,                0.52046,                0.45625,                 0.8786,                0.98864,                      1,                  0.995,                 0.9125,                0.98864,                      1,                  0.995,                0.36088,                0.46836,                 2.3217,                0.55656,                0.35419,                0.76271,              0.0015406,              0.0015406,              0.0015406
                    119,                0.58812,                 4.0301,                0.54296,                 0.4459,                0.87631,                0.98862,                      1,                  0.995,                0.95695,                0.74147,                   0.75,                0.61446,                0.19221,                0.44037,                 2.7457,                 0.5581,                0.29335,                0.74548,              0.0015367,              0.0015367,              0.0015367
                    120,                 0.5547,                 3.9209,                0.54206,                0.44424,                0.87917,                0.98829,                      1,                  0.995,                0.90705,                0.74122,                   0.75,                0.61446,                0.19834,                0.36529,                 2.9823,                0.55296,                0.29704,                0.70009,              0.0015327,              0.0015327,              0.0015327
                    121,                 0.5101,                 3.4841,                0.53682,                0.41047,                0.88838,                0.98847,                      1,                  0.995,                0.93488,                0.98847,                      1,                  0.995,                0.47167,                0.33373,                 2.1742,                0.55353,                0.26449,                0.69309,              0.0015288,              0.0015288,              0.0015288
                    122,                0.52899,                  3.441,                0.53612,                0.39175,                0.86169,                0.98849,                      1,                  0.995,                0.95492,                0.98849,                      1,                  0.995,                0.47248,                0.31094,                 2.1267,                0.55491,                0.23995,                0.69573,              0.0015248,              0.0015248,              0.0015248
                    123,                0.56695,                 4.0892,                0.52905,                 0.4155,                0.89525,                0.98849,                      1,                  0.995,                0.95492,                0.98849,                      1,                  0.995,                0.47248,                0.33466,                 2.0309,                 0.5544,                 0.2705,                0.69428,              0.0015208,              0.0015208,              0.0015208
                    124,                0.55233,                 3.4259,                0.50996,                0.39321,                0.88205,                0.98862,                      1,                  0.995,                0.97355,                0.98862,                      1,                  0.995,                0.53347,                0.39186,                 1.9321,                0.55799,                0.33659,                0.70408,              0.0015169,              0.0015169,              0.0015169
                    125,                0.58715,                 3.5364,                0.53989,                0.42089,                0.90121,                0.98839,                      1,                  0.995,                0.92535,                0.98839,                      1,                  0.995,                 0.5598,                0.36147,                 1.9716,                0.55336,                0.30227,                0.69615,              0.0015129,              0.0015129,              0.0015129
                    126,                0.57699,                 3.3437,                0.51645,                0.41955,                0.88499,                0.98798,                      1,                  0.995,                0.94864,                0.98798,                      1,                  0.995,                0.56345,                0.35163,                 2.0154,                0.55103,                0.30119,                0.70358,               0.001509,               0.001509,               0.001509
                    127,                0.48422,                 3.5324,                0.54062,                0.39648,                 0.8488,                0.98816,                      1,                  0.995,                0.90986,                0.98816,                      1,                  0.995,                0.56267,                 0.4274,                  1.932,                0.54856,                0.30992,                0.72121,               0.001505,               0.001505,               0.001505
                    128,                0.53014,                 3.5388,                0.53854,                0.42386,                0.86893,                0.98842,                      1,                  0.995,                0.90585,                0.98842,                      1,                  0.995,                0.43542,                0.39454,                 2.0956,                0.54848,                0.29589,                 0.7194,               0.001501,               0.001501,               0.001501
                    129,                0.51288,                 3.3587,                0.52439,                0.38627,                0.88235,                0.98858,                      1,                  0.995,                 0.9427,                0.98858,                      1,                  0.995,                0.47583,                0.39527,                 2.2106,                0.54719,                0.30265,                0.72338,              0.0014971,              0.0014971,              0.0014971
                    130,                0.52204,                 3.2454,                0.52706,                0.39836,                0.87412,                0.98868,                      1,                  0.995,                 0.9387,                0.98868,                      1,                  0.995,                  0.508,                0.41115,                 2.0595,                 0.5439,                0.27737,                0.72163,              0.0014931,              0.0014931,              0.0014931
                    131,                 0.4956,                 3.6224,                0.51725,                0.38909,                0.85183,                      1,                      1,                  0.995,                0.94125,                      1,                      1,                  0.995,                0.46942,                0.39234,                 2.0541,                0.54066,                0.24684,                0.71539,              0.0014892,              0.0014892,              0.0014892
                    132,                0.48371,                 3.2797,                0.51821,                0.37546,                0.86018,                0.98937,                      1,                  0.995,                0.95067,                0.98937,                      1,                  0.995,                0.40972,                0.37979,                 2.2119,                0.53368,                0.28606,                0.71572,              0.0014852,              0.0014852,              0.0014852
                    133,                0.55991,                 3.5082,                0.51691,                 0.4205,                0.85873,                0.98912,                      1,                  0.995,                0.96932,                0.98912,                      1,                  0.995,                0.46043,                0.38791,                 2.2325,                0.53581,                0.29812,                0.71143,              0.0014812,              0.0014812,              0.0014812
                    134,                0.48848,                 3.3882,                 0.5339,                0.40899,                0.87132,                0.98926,                      1,                  0.995,                 0.9125,                0.98926,                      1,                  0.995,                0.47725,                0.42853,                 2.0184,                0.53788,                 0.2842,                0.70977,              0.0014773,              0.0014773,              0.0014773
                    135,                0.53263,                 3.5301,                0.54017,                0.41725,                0.86394,                0.98912,                      1,                  0.995,                0.94395,                0.98912,                      1,                  0.995,                0.46089,                0.41207,                 2.1613,                0.54086,                0.30513,                  0.708,              0.0014733,              0.0014733,              0.0014733
                    136,                0.54371,                 3.1759,                0.52272,                0.43434,                0.88311,                0.98827,                      1,                  0.995,                 0.8955,                0.98827,                      1,                  0.995,                0.50125,                0.42338,                 1.9399,                0.53599,                0.29589,                0.70716,              0.0014694,              0.0014694,              0.0014694
                    137,                0.53539,                 2.9987,                0.52386,                0.39848,                0.87121,                0.98746,                      1,                  0.995,                 0.8955,                0.98746,                      1,                  0.995,                 0.4745,                0.40159,                 1.8859,                0.53508,                0.26791,                0.70327,              0.0014654,              0.0014654,              0.0014654
                    138,                0.54225,                 3.2489,                0.50827,                0.41346,                0.86939,                0.98661,                      1,                  0.995,                0.90374,                0.98661,                      1,                  0.995,                0.52592,                0.38591,                 2.0358,                0.53329,                0.36221,                0.70558,              0.0014614,              0.0014614,              0.0014614
                    139,                 0.5626,                 3.6295,                 0.5151,                0.42614,                0.89227,                0.97816,                      1,                  0.995,                 0.9219,                0.97816,                      1,                  0.995,                 0.5038,                0.34319,                 1.9871,                0.53082,                0.27261,                0.69593,              0.0014575,              0.0014575,              0.0014575
                    140,                0.47782,                 3.0069,                0.52513,                0.36816,                0.86571,                0.98364,                      1,                  0.995,                0.95381,                0.98364,                      1,                  0.995,                0.46144,                0.34441,                 2.0139,                 0.5251,                0.30308,                0.69495,              0.0014535,              0.0014535,              0.0014535
                    141,                0.48457,                 3.1317,                0.52454,                0.38493,                0.85316,                0.98322,                      1,                  0.995,                0.93169,                0.98322,                      1,                  0.995,                0.40354,                0.44482,                 2.3666,                0.52695,                0.36612,                0.72486,              0.0014496,              0.0014496,              0.0014496
                    142,                 0.5342,                 2.9293,                0.51662,                0.40379,                0.88707,                0.98427,                      1,                  0.995,                0.94755,                0.98427,                      1,                  0.995,                0.37033,                0.42974,                 2.4582,                0.52853,                0.35357,                0.71801,              0.0014456,              0.0014456,              0.0014456
                    143,                  0.535,                 3.7519,                0.54737,                 0.3882,                0.86655,                0.98704,                      1,                  0.995,                0.96531,                0.98704,                      1,                  0.995,                0.47777,                0.35232,                 1.9321,                0.52699,                0.29814,                0.69368,              0.0014416,              0.0014416,              0.0014416
                    144,                0.60906,                 3.3332,                0.52295,                0.43577,                 0.9037,                0.98749,                      1,                  0.995,                0.96458,                0.98749,                      1,                  0.995,                0.51545,                 0.3166,                  1.896,                0.52544,                0.24587,                0.68269,              0.0014377,              0.0014377,              0.0014377
                    145,                0.51035,                 3.2308,                0.50665,                0.42651,                0.87493,                 0.9883,                      1,                  0.995,                 0.9647,                 0.9883,                      1,                  0.995,                0.51266,                0.36422,                  1.901,                0.52551,                0.22728,                 0.6894,              0.0014337,              0.0014337,              0.0014337
                    146,                0.49397,                 3.1507,                0.50468,                0.42053,                0.84776,                0.98715,                      1,                  0.995,                0.94609,                0.98715,                      1,                  0.995,                0.41006,                0.41114,                 2.0473,                0.52596,                 0.2586,                0.70402,              0.0014298,              0.0014298,              0.0014298
                    147,                 0.5522,                 3.6911,                0.54561,                0.42356,                0.87869,                0.97664,                      1,                  0.995,                0.93331,                0.97664,                      1,                  0.995,                0.45021,                0.44622,                 1.9969,                0.52558,                0.33022,                0.70946,              0.0014258,              0.0014258,              0.0014258
                    148,                0.56825,                 3.6507,                0.54854,                0.42807,                0.90895,                0.94812,                      1,                  0.995,                0.95813,                0.94812,                      1,                  0.995,                 0.3996,                0.37838,                 2.3023,                0.53316,                0.45538,                0.70304,              0.0014218,              0.0014218,              0.0014218
                    149,                0.50774,                 3.5269,                0.50721,                0.41211,                0.86811,                0.97974,                      1,                  0.995,                0.90841,                0.97974,                      1,                  0.995,                0.41543,                0.43185,                 2.1568,                0.53291,                0.32337,                0.70539,              0.0014179,              0.0014179,              0.0014179
                    150,                0.53966,                   2.88,                0.50251,                0.40947,                0.88355,                0.98812,                      1,                  0.995,                0.96483,                0.98812,                      1,                  0.995,                0.47456,                0.43819,                 1.7608,                0.53146,                0.25794,                0.71112,              0.0014139,              0.0014139,              0.0014139
                    151,                0.46866,                 3.1683,                0.53558,                0.38229,                0.84275,                0.98779,                      1,                  0.995,                0.90281,                0.98779,                      1,                  0.995,                0.58094,                0.40793,                  1.624,                0.52982,                0.25528,                0.70856,                0.00141,                0.00141,                0.00141
                    152,                0.53777,                 3.4853,                0.50373,                0.40587,                0.86114,                0.98819,                      1,                  0.995,                 0.8955,                0.98819,                      1,                  0.995,                0.42524,                0.43648,                  1.977,                0.53343,                0.24964,                0.70792,               0.001406,               0.001406,               0.001406
                    153,                0.57463,                 3.8146,                0.52391,                0.45131,                0.90417,                0.98844,                      1,                  0.995,                0.93063,                0.98844,                      1,                  0.995,                0.32663,                0.38444,                 2.0073,                 0.5311,                0.26367,                0.69878,               0.001402,               0.001402,               0.001402
                    154,                0.53747,                 3.6031,                0.51346,                0.41958,                0.87197,                0.98675,                      1,                  0.995,                0.95307,                0.74006,                   0.75,                0.57571,                0.30749,                0.32775,                 2.1245,                0.53362,                 0.2743,                0.70639,              0.0013981,              0.0013981,              0.0013981
                    155,                0.49724,                 3.2732,                0.52761,                0.39546,                0.88667,                0.98134,                      1,                  0.995,                0.95246,                  0.736,                   0.75,                0.56958,                0.23296,                0.29826,                 2.1546,                0.53411,                0.26476,                0.70057,              0.0013941,              0.0013941,              0.0013941
                    156,                0.51301,                 3.2433,                0.51744,                0.41584,                0.88259,                 0.9379,                      1,                  0.995,                0.95219,                0.70245,                   0.75,                0.56688,                0.16996,                0.31671,                 2.6093,                0.53782,                0.29021,                0.69938,              0.0013902,              0.0013902,              0.0013902
                    157,                0.50274,                 3.2583,                0.53547,                0.39195,                0.86445,                0.96211,                      1,                  0.995,                 0.9648,                0.72899,                   0.75,                0.75554,                0.31415,                0.29007,                 2.4533,                  0.538,                0.24314,                0.69399,              0.0013862,              0.0013862,              0.0013862
                    158,                0.48701,                 2.9548,                0.49545,                0.37286,                0.86003,                0.98015,                      1,                  0.995,                0.96493,                0.98015,                      1,                  0.995,                0.47735,                0.33007,                  1.846,                0.53647,                0.25347,                0.70271,              0.0013822,              0.0013822,              0.0013822
                    159,                0.52689,                  3.198,                0.49556,                 0.3927,                0.86045,                0.98608,                      1,                  0.995,                0.93831,                0.98608,                      1,                  0.995,                0.54437,                0.39271,                 1.5788,                0.53753,                0.27536,                0.72164,              0.0013783,              0.0013783,              0.0013783
                    160,                0.51055,                 3.2906,                0.51485,                0.40869,                0.86946,                0.98831,                      1,                  0.995,                 0.8955,                0.98831,                      1,                  0.995,                0.44306,                0.44649,                 2.0496,                0.53757,                0.29329,                0.72985,              0.0013743,              0.0013743,              0.0013743
                    161,                0.50347,                  2.991,                0.50603,                0.39562,                0.87041,                 0.9883,                      1,                  0.995,                 0.8955,                 0.9883,                      1,                  0.995,                 0.4355,                0.46707,                 2.1509,                0.53603,                0.26374,                0.73313,              0.0013704,              0.0013704,              0.0013704
                    162,                0.50453,                 3.1492,                0.51533,                 0.3899,                0.86491,                0.98846,                      1,                  0.995,                 0.8955,                0.98846,                      1,                  0.995,                0.45008,                0.41606,                  2.106,                0.53736,                 0.2418,                0.72653,              0.0013664,              0.0013664,              0.0013664
                    163,                0.48543,                 2.9508,                0.49905,                0.38581,                0.84235,                 0.9885,                      1,                  0.995,                0.90842,                 0.9885,                      1,                  0.995,                0.42438,                0.35452,                 1.9737,                0.53983,                0.22658,                0.71293,              0.0013624,              0.0013624,              0.0013624
                    164,                0.50333,                 3.1856,                0.51808,                0.40456,                0.85221,                0.98863,                      1,                  0.995,                0.97195,                0.98863,                      1,                  0.995,                0.42707,                0.30925,                 1.7649,                0.53339,                0.25272,                 0.6945,              0.0013585,              0.0013585,              0.0013585
                    165,                0.49373,                 2.9353,                0.52615,                0.39476,                0.88449,                0.98862,                      1,                  0.995,                0.97244,                0.98862,                      1,                  0.995,                0.48154,                0.32482,                 1.7148,                 0.5319,                0.25998,                0.69607,              0.0013545,              0.0013545,              0.0013545
                    166,                0.50365,                 2.7153,                0.48035,                0.40297,                0.87682,                0.98873,                      1,                  0.995,                0.92662,                0.98873,                      1,                  0.995,                0.53392,                0.37246,                 1.6899,                 0.5344,                 0.2742,                0.71276,              0.0013506,              0.0013506,              0.0013506
                    167,                0.52518,                 2.9673,                 0.5095,                0.38189,                0.89382,                0.98832,                      1,                  0.995,                0.93979,                0.98832,                      1,                  0.995,                0.54324,                0.39728,                 1.7484,                0.53705,                0.26711,                0.71859,              0.0013466,              0.0013466,              0.0013466
                    168,                0.53048,                 3.3212,                0.50103,                0.39076,                0.88732,                0.98816,                      1,                  0.995,                  0.995,                0.98816,                      1,                  0.995,                0.43105,                0.35297,                 2.0184,                0.53391,                0.26657,                0.69623,              0.0013426,              0.0013426,              0.0013426
                    169,                0.52506,                 3.3072,                0.48973,                0.39085,                0.89577,                0.98815,                      1,                  0.995,                0.96307,                0.98815,                      1,                  0.995,                0.46329,                0.30104,                 2.0843,                0.52972,                0.28543,                0.69031,              0.0013387,              0.0013387,              0.0013387
                    170,                0.52741,                 3.1326,                0.50662,                0.40264,                0.87071,                0.98809,                      1,                  0.995,                 0.9614,                0.98809,                      1,                  0.995,                0.55505,                0.30392,                 1.8513,                0.52901,                0.25735,                0.68865,              0.0013347,              0.0013347,              0.0013347
                    171,                0.49663,                 3.2853,                0.53231,                  0.402,                0.87997,                0.98797,                      1,                  0.995,                 0.9395,                0.98797,                      1,                  0.995,                0.62114,                0.29864,                 1.5913,                 0.5296,                0.25551,                0.68678,              0.0013308,              0.0013308,              0.0013308
                    172,                0.52838,                 3.1979,                0.50279,                0.41283,                0.87983,                0.98904,                      1,                  0.995,                0.95527,                0.98904,                      1,                  0.995,                0.60318,                0.33796,                 1.5504,                0.52624,                0.22007,                 0.6856,              0.0013268,              0.0013268,              0.0013268
                    173,                0.51712,                 3.0404,                0.53007,                0.38209,                0.86807,                      1,                      1,                  0.995,                  0.933,                      1,                      1,                  0.995,                  0.575,                0.38194,                 1.5863,                0.52731,                0.23454,                0.69802,              0.0013228,              0.0013228,              0.0013228
                    174,                 0.4699,                 2.7719,                0.48907,                0.37438,                0.86513,                      1,                      1,                  0.995,                0.96725,                      1,                      1,                  0.995,                0.48863,                   0.35,                 1.8986,                0.52987,                 0.2201,                0.70448,              0.0013189,              0.0013189,              0.0013189
                    175,                0.48405,                  2.911,                0.52937,                0.36696,                0.86182,                      1,                      1,                  0.995,                  0.995,                      1,                      1,                  0.995,                0.50762,                 0.3008,                 2.0973,                0.53238,                 0.2227,                0.69791,              0.0013149,              0.0013149,              0.0013149
                    176,                0.48764,                 2.8055,                0.50309,                 0.3754,                0.86957,                      1,                      1,                  0.995,                  0.933,                      1,                      1,                  0.995,                0.57758,                0.36061,                 2.1097,                0.52389,                0.26203,                0.69506,               0.001311,               0.001311,               0.001311
                    177,                0.51248,                 2.8969,                0.51382,                0.41038,                0.85746,                0.98919,                      1,                  0.995,                 0.9387,                0.98919,                      1,                  0.995,                0.58727,                0.33398,                 1.9599,                0.51839,                0.28153,                 0.6941,               0.001307,               0.001307,               0.001307
                    178,                0.53184,                 3.1098,                0.51604,                0.39082,                0.90311,                0.98926,                      1,                  0.995,                 0.9427,                0.98926,                      1,                  0.995,                 0.5523,                0.37549,                 1.8751,                0.51598,                 0.2595,                 0.7068,               0.001303,               0.001303,               0.001303
                    179,                0.49591,                 3.0948,                0.51834,                0.39346,                0.85139,                      1,                      1,                  0.995,                  0.933,                      1,                      1,                  0.995,                  0.597,                0.38055,                 1.6508,                0.51241,                0.27622,                0.70422,              0.0012991,              0.0012991,              0.0012991
                    180,                0.52119,                 2.9112,                0.49895,                0.40573,                0.86956,                0.98899,                      1,                  0.995,                 0.9778,                0.98899,                      1,                  0.995,                0.58307,                0.29954,                 1.6897,                0.51119,                0.20852,                0.69338,              0.0012951,              0.0012951,              0.0012951
                    181,                0.47048,                 2.9245,                0.50491,                0.39075,                0.86623,                0.98883,                      1,                  0.995,                  0.995,                0.98883,                      1,                  0.995,                0.61867,                0.33737,                 1.6564,                0.50915,                 0.2189,                0.70041,              0.0012912,              0.0012912,              0.0012912
                    182,                0.43418,                 2.4341,                0.50013,                0.35723,                0.83257,                      1,                      1,                  0.995,                  0.933,                      1,                      1,                  0.995,                0.60062,                0.40428,                  1.699,                 0.5091,                0.24462,                0.70531,              0.0012872,              0.0012872,              0.0012872
                    183,                0.46641,                 3.0408,                0.49172,                0.35048,                 0.8388,                0.98867,                      1,                  0.995,                0.90922,                0.98867,                      1,                  0.995,                0.58903,                0.39656,                 1.6071,                0.50628,                0.27131,                0.69813,              0.0012832,              0.0012832,              0.0012832
                    184,                0.53167,                 3.0649,                0.52387,                0.37742,                0.84765,                0.98834,                      1,                  0.995,                0.95917,                0.98834,                      1,                  0.995,                0.56855,                 0.2893,                 1.5405,                0.51227,                0.22687,                0.68381,              0.0012793,              0.0012793,              0.0012793
                    185,                0.51387,                 3.0101,                0.51171,                0.37757,                0.87371,                0.98835,                      1,                  0.995,                  0.995,                0.98835,                      1,                  0.995,                0.62423,                0.26648,                 1.3922,                0.51555,                0.20663,                0.68109,              0.0012753,              0.0012753,              0.0012753
                    186,                0.45286,                 2.6844,                 0.5003,                0.34679,                0.83733,                0.98863,                      1,                  0.995,                  0.995,                0.98863,                      1,                  0.995,                0.62767,                0.27289,                 1.4658,                0.51847,                0.22082,                0.68505,              0.0012714,              0.0012714,              0.0012714
                    187,                0.47973,                 2.9283,                0.51573,                0.38006,                0.86936,                0.98853,                      1,                  0.995,                  0.995,                0.98853,                      1,                  0.995,                0.51183,                 0.3144,                 1.7862,                0.52171,                0.23205,                0.69289,              0.0012674,              0.0012674,              0.0012674
                    188,                 0.5104,                 2.8169,                0.48925,                0.37961,                0.88043,                0.98798,                      1,                  0.995,                  0.995,                0.98798,                      1,                  0.995,                0.59256,                0.31768,                 1.6231,                 0.5236,                0.22662,                0.70416,              0.0012634,              0.0012634,              0.0012634
                    189,                0.47421,                 2.6282,                0.50269,                0.36347,                0.86185,                0.98892,                      1,                  0.995,                  0.995,                0.98892,                      1,                  0.995,                0.59667,                0.25763,                 1.4589,                0.52458,                0.23009,                0.69259,              0.0012595,              0.0012595,              0.0012595
                    190,                0.48173,                 2.7372,                0.51088,                0.37937,                0.84832,                0.98887,                      1,                  0.995,                  0.995,                0.98887,                      1,                  0.995,                 0.5721,                0.22951,                 1.5753,                0.52615,                0.22143,                0.68676,              0.0012555,              0.0012555,              0.0012555
                    191,                0.47922,                 2.8257,                0.49937,                0.36005,                0.85888,                0.98897,                      1,                  0.995,                  0.995,                0.98897,                      1,                  0.995,                0.55367,                0.25104,                 1.7068,                0.52407,                0.22936,                0.67729,              0.0012516,              0.0012516,              0.0012516
                    192,                0.40931,                 2.6807,                0.49775,                0.32598,                0.82409,                0.98912,                      1,                  0.995,                0.97557,                0.98912,                      1,                  0.995,                0.55645,                0.38917,                  1.755,                0.52256,                0.27242,                0.71039,              0.0012476,              0.0012476,              0.0012476
                    193,                0.48287,                 2.9905,                0.50418,                0.37463,                0.85186,                0.98923,                      1,                  0.995,                0.93314,                0.98923,                      1,                  0.995,                0.65655,                0.43656,                 1.4051,                0.52837,                 0.3064,                 0.7229,              0.0012436,              0.0012436,              0.0012436
                    194,                 0.4903,                 2.7692,                0.50419,                0.38666,                0.85756,                0.98917,                      1,                  0.995,                  0.995,                0.98917,                      1,                  0.995,                  0.637,                0.38906,                  1.417,                0.52409,                0.26811,                 0.7133,              0.0012397,              0.0012397,              0.0012397
                    195,                0.46685,                 3.0923,                0.49407,                0.37015,                0.86956,                0.98857,                      1,                  0.995,                  0.995,                0.98857,                      1,                  0.995,                 0.6615,                0.29697,                 1.4557,                0.52087,                0.25927,                0.69739,              0.0012357,              0.0012357,              0.0012357
                    196,                0.52069,                  3.101,                0.49453,                0.40894,                0.88065,                0.98062,                      1,                  0.995,                0.96519,                0.98062,                      1,                  0.995,                0.64939,                0.36225,                 1.6236,                0.52588,                0.26037,                0.68887,              0.0012318,              0.0012318,              0.0012318
                    197,                  0.469,                 3.1413,                0.50931,                0.38789,                0.86842,                0.98737,                      1,                  0.995,                0.97163,                0.98737,                      1,                  0.995,                0.65108,                0.28872,                 1.4264,                0.52486,                0.22128,                 0.6817,              0.0012278,              0.0012278,              0.0012278
                    198,                0.45813,                 2.9154,                0.50135,                0.39531,                0.88106,                0.98882,                      1,                  0.995,                  0.995,                0.98882,                      1,                  0.995,                0.57979,                0.26126,                 1.6386,                0.52204,                0.23713,                0.67725,              0.0012238,              0.0012238,              0.0012238
                    199,                0.47344,                 3.2812,                0.49972,                0.37774,                0.87262,                0.98914,                      1,                  0.995,                  0.995,                0.98914,                      1,                  0.995,                 0.5123,                0.27623,                 1.8667,                0.52279,                0.24156,                0.67847,              0.0012199,              0.0012199,              0.0012199
                    200,                0.49992,                 3.1101,                0.51322,                0.40848,                0.90192,                  0.989,                      1,                  0.995,                  0.995,                  0.989,                      1,                  0.995,                0.46708,                0.28731,                 1.8526,                0.52935,                0.23953,                0.68475,              0.0012159,              0.0012159,              0.0012159
                    201,                0.46641,                 2.7893,                 0.5044,                0.36644,                0.86413,                0.98896,                      1,                  0.995,                0.93888,                0.98896,                      1,                  0.995,                0.64992,                0.33534,                 1.3822,                0.53051,                0.25278,                0.68838,               0.001212,               0.001212,               0.001212
                    202,                0.48883,                 2.9524,                0.50826,                0.38017,                0.89452,                      1,                      1,                  0.995,                0.94942,                      1,                      1,                  0.995,                0.64925,                0.36162,                 1.4792,                0.53068,                0.24461,                0.69845,               0.001208,               0.001208,               0.001208
                    203,                0.46244,                 3.3248,                0.49562,                0.35371,                0.87527,                      1,                      1,                  0.995,                0.94942,                      1,                      1,                  0.995,                0.68125,                0.32915,                 1.4213,                0.53263,                0.24662,                0.68903,               0.001204,               0.001204,               0.001204
                    204,                0.47308,                 3.3047,                0.51907,                0.38033,                0.86927,                      1,                      1,                  0.995,                0.94942,                      1,                      1,                  0.995,                0.71213,                 0.3186,                   1.31,                0.53398,                0.25504,                0.69451,              0.0012001,              0.0012001,              0.0012001
                    205,                0.45021,                 2.6826,                 0.5057,                0.34732,                0.85435,                      1,                      1,                  0.995,                0.96725,                      1,                      1,                  0.995,                 0.7745,                0.29829,                 1.1671,                 0.5331,                 0.2428,                0.69032,              0.0011961,              0.0011961,              0.0011961
                    206,                0.46087,                 2.8047,                0.51513,                0.36248,                0.87512,                      1,                      1,                  0.995,                0.96725,                      1,                      1,                  0.995,                 0.6965,                0.29291,                 1.1572,                 0.5293,                0.22585,                0.69258,              0.0011922,              0.0011922,              0.0011922
                    207,                 0.4383,                 2.3094,                0.48539,                0.33509,                0.81568,                      1,                      1,                  0.995,                  0.933,                      1,                      1,                  0.995,                 0.6965,                 0.3475,                 1.2575,                0.52437,                0.24042,                 0.7016,              0.0011882,              0.0011882,              0.0011882
                    208,                0.47637,                 2.5625,                 0.5119,                0.37043,                0.88152,                      1,                      1,                  0.995,                0.94942,                      1,                      1,                  0.995,                  0.675,                0.38972,                 1.3508,                0.51925,                0.27212,                0.70299,              0.0011842,              0.0011842,              0.0011842
                    209,                0.48512,                 2.8071,                0.49854,                0.37168,                0.86231,                      1,                      1,                  0.995,                  0.995,                      1,                      1,                  0.995,                0.64087,                0.30892,                 1.5123,                0.51661,                0.25127,                0.69033,              0.0011803,              0.0011803,              0.0011803
                    210,                0.47836,                  2.851,                0.48997,                0.37212,                0.84154,                      1,                      1,                  0.995,                  0.995,                      1,                      1,                  0.995,                0.59113,                0.26132,                 1.6024,                0.51357,                0.22305,                0.68598,              0.0011763,              0.0011763,              0.0011763
                    211,                0.46952,                 2.8645,                 0.5138,                0.36667,                 0.8544,                0.98908,                      1,                  0.995,                  0.995,                0.98908,                      1,                  0.995,                0.65463,                0.25155,                 1.3456,                0.51211,                0.20785,                0.68326,              0.0011724,              0.0011724,              0.0011724
                    212,                0.45174,                 2.6016,                0.49195,                 0.3488,                0.85878,                0.98901,                      1,                  0.995,                0.95527,                0.98901,                      1,                  0.995,                0.70847,                0.31385,                 1.1399,                0.51051,                0.21216,                0.68099,              0.0011684,              0.0011684,              0.0011684
                    213,                0.43637,                 2.7525,                0.48197,                0.34367,                0.86293,                0.98889,                      1,                  0.995,                0.97195,                0.98889,                      1,                  0.995,                0.68212,                0.30609,                 1.1668,                 0.5088,                0.23335,                0.68165,              0.0011644,              0.0011644,              0.0011644
                    214,                0.44608,                  2.578,                0.48034,                0.34771,                0.84294,                 0.9888,                      1,                  0.995,                0.95343,                 0.9888,                      1,                  0.995,                0.66305,                0.31112,                 1.2197,                0.50688,                0.21873,                0.69543,              0.0011605,              0.0011605,              0.0011605
                    215,                0.43892,                 2.4278,                0.48633,                0.34586,                0.87029,                 0.9889,                      1,                  0.995,                0.90796,                 0.9889,                      1,                  0.995,                0.67796,                0.37703,                 1.2441,                 0.5057,                0.22257,                0.71842,              0.0011565,              0.0011565,              0.0011565
                    216,                0.48426,                 2.5728,                0.50422,                0.34316,                0.84937,                0.98873,                      1,                  0.995,                0.91535,                0.98873,                      1,                  0.995,                0.68847,                0.34037,                 1.1513,                0.50192,                0.21625,                0.69249,              0.0011526,              0.0011526,              0.0011526
                    217,                0.51579,                 2.6644,                 0.5016,                0.37338,                0.87303,                0.98891,                      1,                  0.995,                  0.995,                0.98891,                      1,                  0.995,                0.63987,                0.28404,                 1.2407,                0.50205,                0.21948,                0.68173,              0.0011486,              0.0011486,              0.0011486
                    218,                0.43082,                  2.283,                0.47316,                0.34369,                0.84608,                0.98891,                      1,                  0.995,                  0.995,                0.98891,                      1,                  0.995,                 0.6598,                0.27358,                 1.1709,                0.50214,                0.20863,                0.68575,              0.0011446,              0.0011446,              0.0011446
                    219,                0.42349,                 2.2243,                0.49212,                0.33255,                0.85813,                 0.9887,                      1,                  0.995,                  0.995,                 0.9887,                      1,                  0.995,                0.58903,                0.30423,                 1.2812,                0.49692,                0.24002,                0.68637,              0.0011407,              0.0011407,              0.0011407
                    220,                0.41667,                 2.2841,                0.48231,                0.32922,                0.83949,                0.98877,                      1,                  0.995,                0.97155,                0.98877,                      1,                  0.995,                 0.6843,                0.27291,                 1.2487,                0.49675,                0.21888,                0.67996,              0.0011367,              0.0011367,              0.0011367
                    221,                0.42294,                 2.2249,                0.49532,                0.32728,                0.84343,                0.98874,                      1,                  0.995,                  0.995,                0.98874,                      1,                  0.995,                 0.7461,                0.26532,                 1.1033,                0.49542,                0.20143,                0.68107,              0.0011328,              0.0011328,              0.0011328
                    222,                0.42474,                 2.5661,                0.49315,                0.32501,                0.85753,                 0.9889,                      1,                  0.995,                  0.995,                 0.9889,                      1,                  0.995,                0.68837,                0.27324,                 1.1187,                0.49519,                0.18901,                0.68479,              0.0011288,              0.0011288,              0.0011288
                    223,                0.41286,                 2.3584,                0.48985,                0.32987,                0.81538,                0.98881,                      1,                  0.995,                0.95787,                0.98881,                      1,                  0.995,                0.67388,                0.27646,                 1.2214,                0.49617,                0.20051,                0.68633,              0.0011248,              0.0011248,              0.0011248
                    224,                0.46028,                 2.6218,                0.49675,                0.35733,                0.84197,                0.98856,                      1,                  0.995,                 0.9535,                0.98856,                      1,                  0.995,                0.71121,                0.29617,                 1.2055,                0.50044,                0.22591,                0.69513,              0.0011209,              0.0011209,              0.0011209
                    225,                0.43133,                  2.613,                 0.4963,                0.34243,                 0.8448,                0.98859,                      1,                  0.995,                 0.9653,                0.98859,                      1,                  0.995,                0.75032,                0.28006,                 1.1348,                0.50219,                0.21771,                 0.6857,              0.0011169,              0.0011169,              0.0011169
                    226,                0.44563,                 2.4009,                0.46835,                0.33606,                0.85723,                0.98849,                      1,                  0.995,                 0.9778,                0.98849,                      1,                  0.995,                 0.7788,                0.27302,                 1.1608,                0.50297,                0.20496,                0.67896,               0.001113,               0.001113,               0.001113
                    227,                0.42128,                  2.496,                0.48099,                0.32925,                0.84253,                0.98862,                      1,                  0.995,                 0.9778,                0.98862,                      1,                  0.995,                 0.7616,                0.26201,                 1.2094,                0.50014,                0.18258,                0.67804,               0.001109,               0.001109,               0.001109
                    228,                0.44888,                 2.7169,                0.52089,                0.36342,                0.88362,                0.98826,                      1,                  0.995,                0.97557,                0.98826,                      1,                  0.995,                  0.794,                0.32105,                  1.216,                0.50464,                0.20752,                0.69134,               0.001105,               0.001105,               0.001105
                    229,                0.46256,                 2.5265,                0.48289,                0.34872,                0.85631,                0.98831,                      1,                  0.995,                0.93579,                0.98831,                      1,                  0.995,                0.75636,                0.35929,                 1.1973,                0.51285,                0.20424,                0.69761,              0.0011011,              0.0011011,              0.0011011
                    230,                0.45453,                 2.3648,                 0.4769,                0.35032,                0.84507,                0.98837,                      1,                  0.995,                0.97487,                0.98837,                      1,                  0.995,                0.79888,                0.37694,                 1.0673,                0.51567,                0.25276,                0.70256,              0.0010971,              0.0010971,              0.0010971
                    231,                0.43511,                 2.2611,                0.49612,                 0.3362,                0.84552,                 0.9886,                      1,                  0.995,                  0.995,                 0.9886,                      1,                  0.995,                 0.7413,                0.36108,                0.97497,                0.51515,                0.22662,                0.70402,              0.0010932,              0.0010932,              0.0010932
                    232,                0.44207,                 2.5242,                0.50414,                0.33097,                 0.8654,                0.98889,                      1,                  0.995,                0.95571,                0.98889,                      1,                  0.995,                0.69268,                0.28528,                 1.1024,                0.51998,                0.19264,                0.68813,              0.0010892,              0.0010892,              0.0010892
                    233,                0.47462,                 2.9016,                0.50378,                0.35471,                0.85086,                0.98882,                      1,                  0.995,                0.95787,                0.98882,                      1,                  0.995,                0.71725,                0.31712,                 1.0743,                0.52003,                0.19223,                0.69297,              0.0010852,              0.0010852,              0.0010852
                    234,                 0.4453,                 2.1125,                0.46663,                0.33583,                0.82387,                0.98894,                      1,                  0.995,                 0.9387,                0.98894,                      1,                  0.995,                  0.714,                0.36654,                 1.0854,                0.52147,                0.20161,                 0.7017,              0.0010813,              0.0010813,              0.0010813
                    235,                0.45325,                 2.3009,                0.51038,                 0.3354,                0.84871,                      1,                      1,                  0.995,                0.96725,                      1,                      1,                  0.995,                0.75875,                0.41352,                0.98864,                0.52026,                0.22329,                0.70498,              0.0010773,              0.0010773,              0.0010773
                    236,                 0.4461,                 2.4396,                0.48751,                0.35361,                0.85155,                      1,                      1,                  0.995,                0.94125,                      1,                      1,                  0.995,                0.70625,                0.41516,                 1.1194,                0.51268,                0.25121,                0.70881,              0.0010734,              0.0010734,              0.0010734
                    237,                  0.468,                 2.3232,                0.45599,                0.33791,                0.83516,                      1,                      1,                  0.995,                0.94525,                      1,                      1,                  0.995,                0.72825,                0.36626,                 1.0401,                0.50928,                0.24864,                0.70112,              0.0010694,              0.0010694,              0.0010694
                    238,                0.47512,                 2.3853,                0.50233,                0.36189,                0.84162,                0.98875,                      1,                  0.995,                0.94687,                0.98875,                      1,                  0.995,                0.76018,                0.32113,                0.93309,                0.50194,                0.21643,                0.69035,              0.0010654,              0.0010654,              0.0010654
                    239,                0.42783,                 2.0588,                0.46731,                0.32352,                0.82591,                      1,                      1,                  0.995,                0.96113,                      1,                      1,                  0.995,                0.75042,                0.27565,                0.86715,                0.49921,                0.23726,                0.68287,              0.0010615,              0.0010615,              0.0010615
                    240,                0.45497,                  2.472,                 0.4897,                0.35075,                0.85637,                0.98906,                      1,                  0.995,                0.97557,                0.98906,                      1,                  0.995,                0.75446,                0.26354,                0.92756,                0.49734,                0.22791,                0.68476,              0.0010575,              0.0010575,              0.0010575
                    241,                0.48966,                 2.7508,                0.48194,                0.36214,                0.86139,                0.98877,                      1,                  0.995,                  0.973,                0.98877,                      1,                  0.995,                0.76717,                0.26384,                 1.0356,                0.49403,                0.23429,                0.68633,              0.0010536,              0.0010536,              0.0010536
                    242,                0.43868,                 2.4606,                0.52257,                0.34883,                0.86843,                 0.9887,                      1,                  0.995,                 0.9601,                 0.9887,                      1,                  0.995,                 0.7736,                0.27457,                 1.1323,                0.49357,                0.24643,                0.68699,              0.0010496,              0.0010496,              0.0010496
                    243,                0.47222,                 2.6463,                0.50388,                0.37815,                0.86045,                0.98931,                      1,                  0.995,                  0.995,                0.98931,                      1,                  0.995,                0.73375,                0.28512,                 1.1364,                0.49206,                0.23305,                0.68382,              0.0010456,              0.0010456,              0.0010456
                    244,                 0.4495,                 2.2636,                0.45554,                0.34965,                0.86223,                0.98932,                      1,                  0.995,                0.96237,                0.98932,                      1,                  0.995,                0.77587,                0.32993,                 1.0082,                 0.4922,                0.24717,                0.68718,              0.0010417,              0.0010417,              0.0010417
                    245,                0.44084,                 2.5393,                0.49167,                0.35505,                 0.8386,                0.98932,                      1,                  0.995,                0.97433,                0.98932,                      1,                  0.995,                0.67583,                0.30864,                 1.2852,                0.49504,                0.22119,                0.68083,              0.0010377,              0.0010377,              0.0010377
                    246,                0.44114,                 2.3472,                0.49211,                0.34506,                0.84747,                 0.9894,                      1,                  0.995,                  0.995,                 0.9894,                      1,                  0.995,                 0.6965,                0.27775,                 1.2486,                0.49609,                0.18931,                0.67948,              0.0010338,              0.0010338,              0.0010338
                    247,                0.44802,                 2.2093,                0.47715,                0.37922,                0.84285,                0.98942,                      1,                  0.995,                  0.995,                0.98942,                      1,                  0.995,                0.76963,                0.25475,                 1.0545,                0.49484,                0.18844,                 0.6779,              0.0010298,              0.0010298,              0.0010298
                    248,                0.44494,                 2.3815,                0.49896,                0.34164,                0.86006,                0.98923,                      1,                  0.995,                  0.995,                0.98923,                      1,                  0.995,                  0.796,                0.30283,                 1.0277,                0.49152,                0.19652,                0.68957,              0.0010258,              0.0010258,              0.0010258
                    249,                0.46585,                 2.4518,                0.48253,                0.37351,                0.85806,                0.98912,                      1,                  0.995,                  0.995,                0.98912,                      1,                  0.995,                0.74339,                 0.2812,                 1.0638,                0.48963,                0.22765,                0.68746,              0.0010219,              0.0010219,              0.0010219
                    250,                0.42953,                 2.4973,                0.49791,                0.33874,                0.85577,                      1,                      1,                  0.995,                  0.995,                      1,                      1,                  0.995,                  0.734,                0.28101,                 1.0528,                0.48876,                0.22519,                0.68648,              0.0010179,              0.0010179,              0.0010179
                    251,                  0.382,                 1.9899,                0.45176,                 0.3169,                0.84031,                      1,                      1,                  0.995,                  0.995,                      1,                      1,                  0.995,                   0.83,                0.28783,                0.95191,                0.48507,                 0.2167,                 0.6872,               0.001014,               0.001014,               0.001014
                    252,                0.41979,                 2.4893,                0.47245,                0.32444,                0.85427,                0.98895,                      1,                  0.995,                  0.995,                0.98895,                      1,                  0.995,                  0.739,                0.30374,                 1.1065,                0.48404,                0.20535,                0.68845,                0.00101,                0.00101,                0.00101
                    253,                0.42302,                 2.3614,                0.49948,                0.34259,                0.82494,                      1,                      1,                  0.995,                0.96113,                      1,                      1,                  0.995,                 0.7405,                0.28257,                 1.0484,                0.48412,                0.23713,                0.68399,               0.001006,               0.001006,               0.001006
                    254,                 0.4141,                 2.1579,                 0.4915,                0.32507,                0.86011,                      1,                      1,                  0.995,                0.96113,                      1,                      1,                  0.995,                0.76825,                0.26915,                 1.0385,                0.48563,                0.23465,                0.67739,              0.0010021,              0.0010021,              0.0010021
                    255,                0.41625,                 2.2918,                0.48782,                0.32684,                0.84399,                      1,                      1,                  0.995,                0.94125,                      1,                      1,                  0.995,                0.76825,                 0.2841,                 1.1087,                0.48419,                0.26613,                0.67121,             0.00099812,             0.00099812,             0.00099812
                    256,                0.45622,                 2.3053,                0.48242,                0.34397,                0.84543,                      1,                      1,                  0.995,                0.97975,                      1,                      1,                  0.995,                0.81475,                0.26162,                 1.0098,                0.49314,                 0.2236,                0.67414,             0.00099416,             0.00099416,             0.00099416
                    257,                0.42578,                 2.0904,                0.47628,                0.34094,                0.82175,                      1,                      1,                  0.995,                  0.995,                      1,                      1,                  0.995,                0.83467,                 0.2364,                0.91154,                0.49618,                0.20719,                0.67681,              0.0009902,              0.0009902,              0.0009902
                    258,                0.45374,                 2.4947,                 0.4836,                0.34902,                0.85234,                      1,                      1,                  0.995,                  0.995,                      1,                      1,                  0.995,                0.79012,                0.23421,                0.85975,                0.49667,                0.17254,                0.67842,             0.00098624,             0.00098624,             0.00098624
                    259,                0.42986,                 2.4421,                0.49164,                0.32561,                0.83757,                      1,                      1,                  0.995,                 0.9735,                      1,                      1,                  0.995,                0.81162,                0.23928,                0.93077,                0.49741,                0.19137,                0.67529,             0.00098228,             0.00098228,             0.00098228
                    260,                0.43535,                 1.9444,                 0.4676,                0.30333,                0.84287,                0.98902,                      1,                  0.995,                  0.995,                0.98902,                      1,                  0.995,                0.80465,                0.26553,                 1.0039,                0.49682,                0.20967,                0.68124,             0.00097832,             0.00097832,             0.00097832
                    261,                0.43468,                  2.469,                0.47193,                0.34634,                0.82822,                0.98909,                      1,                  0.995,                0.92875,                0.98909,                      1,                  0.995,                0.72975,                0.29961,                  1.102,                0.49529,                0.20597,                0.69043,             0.00097436,             0.00097436,             0.00097436
                    262,                0.41818,                 2.0507,                0.46386,                0.33043,                0.82797,                0.98919,                      1,                  0.995,                0.97155,                0.98919,                      1,                  0.995,                0.71817,                0.32715,                 1.1464,                0.49366,                0.20036,                0.69569,              0.0009704,              0.0009704,              0.0009704
                    263,                0.42004,                 2.0766,                0.46587,                0.33772,                0.82323,                0.98905,                      1,                  0.995,                0.96808,                0.98905,                      1,                  0.995,                0.69588,                0.36672,                 1.1967,                0.49238,                0.21187,                0.70383,             0.00096644,             0.00096644,             0.00096644
                    264,                0.44729,                 2.3902,                0.49883,                0.34515,                0.84955,                0.98911,                      1,                  0.995,                  0.995,                0.98911,                      1,                  0.995,                0.66107,                0.33347,                 1.2808,                0.49279,                0.24507,                0.70189,             0.00096248,             0.00096248,             0.00096248
                    265,                0.45669,                 2.2535,                 0.4587,                0.34055,                 0.8515,                0.98907,                      1,                  0.995,                0.96932,                0.98907,                      1,                  0.995,                0.59721,                0.32689,                 1.4707,                0.49678,                0.25274,                 0.7046,             0.00095852,             0.00095852,             0.00095852
                    266,                0.42986,                 2.3191,                0.45889,                0.33481,                0.83933,                0.98896,                      1,                  0.995,                0.97025,                0.98896,                      1,                  0.995,                0.60575,                0.34397,                 1.6147,                0.50028,                0.24366,                0.70585,             0.00095456,             0.00095456,             0.00095456
                    267,                0.45642,                 2.2753,                0.47129,                 0.3362,                0.86088,                0.98866,                      1,                  0.995,                 0.9552,                0.98866,                      1,                  0.995,                0.64235,                 0.3652,                 1.5383,                0.50166,                0.23805,                0.70746,              0.0009506,              0.0009506,              0.0009506
                    268,                0.42871,                 2.1746,                0.46604,                0.34371,                 0.8289,                0.98831,                      1,                  0.995,                0.97155,                0.98831,                      1,                  0.995,                 0.7366,                0.35612,                 1.2073,                0.50368,                0.25245,                0.69896,             0.00094664,             0.00094664,             0.00094664
                    269,                  0.433,                 2.2311,                0.49994,                0.33001,                0.83727,                0.98817,                      1,                  0.995,                 0.9552,                0.98817,                      1,                  0.995,                 0.7366,                0.34592,                 1.1066,                 0.5002,                0.22621,                  0.697,             0.00094268,             0.00094268,             0.00094268
                    270,                 0.4227,                 2.1451,                 0.4582,                0.33664,                0.84285,                0.98807,                      1,                  0.995,                0.97155,                0.98807,                      1,                  0.995,                 0.7366,                0.32111,                  1.122,                0.49895,                0.20407,                0.69256,             0.00093872,             0.00093872,             0.00093872
                    271,                0.40097,                 2.4222,                0.45773,                0.32243,                0.84714,                0.98817,                      1,                  0.995,                0.97155,                0.98817,                      1,                  0.995,                 0.6843,                0.30428,                 1.2094,                0.49731,                0.21317,                0.69105,             0.00093476,             0.00093476,             0.00093476
                    272,                 0.3964,                 2.2736,                0.48519,                0.30189,                0.85206,                0.98896,                      1,                  0.995,                0.95917,                0.98896,                      1,                  0.995,                  0.796,                0.27945,                 1.0861,                0.49553,                0.22876,                0.68714,              0.0009308,              0.0009308,              0.0009308
                    273,                 0.3966,                 1.9175,                0.47734,                0.32116,                0.86477,                0.98883,                      1,                  0.995,                  0.995,                0.98883,                      1,                  0.995,                0.77746,                0.27265,                0.95598,                0.49724,                0.24289,                0.68433,             0.00092684,             0.00092684,             0.00092684
                    274,                0.41578,                 2.4036,                0.48589,                0.30281,                0.85628,                0.98889,                      1,                  0.995,                0.96237,                0.98889,                      1,                  0.995,                0.77425,                0.25422,                 0.9307,                0.49963,                 0.2396,                0.67857,             0.00092288,             0.00092288,             0.00092288
                    275,                0.37182,                 1.8461,                0.44938,                0.29721,                 0.8109,                0.98861,                      1,                  0.995,                0.95527,                0.98861,                      1,                  0.995,                0.76824,                 0.2345,                0.98771,                0.50281,                0.23034,                0.67502,             0.00091892,             0.00091892,             0.00091892
                    276,                0.40506,                 2.0667,                0.48066,                 0.3054,                0.81151,                0.97799,                      1,                  0.995,                0.95936,                0.97799,                      1,                  0.995,                0.68804,                0.24263,                 1.2409,                0.51091,                0.23196,                0.67908,             0.00091496,             0.00091496,             0.00091496
                    277,                 0.3658,                  1.891,                0.44661,                0.27618,                0.80178,                0.97292,                      1,                  0.995,                0.95343,                0.97292,                      1,                  0.995,                0.68236,                0.25035,                 1.1033,                0.50622,                0.26606,                0.68011,               0.000911,               0.000911,               0.000911
                    278,                0.39834,                 2.2313,                0.46742,                0.30866,                0.82162,                  0.988,                      1,                  0.995,                0.95416,                  0.988,                      1,                  0.995,                0.76604,                 0.2817,                0.97485,                0.49394,                0.24989,                0.67811,             0.00090704,             0.00090704,             0.00090704
                    279,                0.41712,                 2.0379,                0.48366,                0.31667,                0.82748,                0.98874,                      1,                  0.995,                0.95787,                0.98874,                      1,                  0.995,                0.77133,                 0.3114,                0.92738,                0.49216,                0.23885,                0.68164,             0.00090308,             0.00090308,             0.00090308
                    280,                0.44485,                 2.2319,                0.47297,                0.32478,                0.83278,                0.98891,                      1,                  0.995,                  0.995,                0.98891,                      1,                  0.995,                0.67644,                0.30852,                 1.0689,                0.49102,                0.23399,                0.68745,             0.00089912,             0.00089912,             0.00089912
                    281,                0.42559,                  2.292,                0.48099,                0.31804,                 0.8382,                0.98898,                      1,                  0.995,                  0.995,                0.98898,                      1,                  0.995,                0.69563,                0.30467,                 1.0686,                0.49668,                0.24107,                0.68504,             0.00089516,             0.00089516,             0.00089516
                    282,                0.39737,                 2.3844,                0.47877,                0.32796,                0.83263,                0.98881,                      1,                  0.995,                  0.995,                0.98881,                      1,                  0.995,                0.72435,                0.30375,                 1.1143,                0.49833,                0.23026,                0.68491,              0.0008912,              0.0008912,              0.0008912
                    283,                0.41857,                 2.1699,                0.44743,                0.31009,                0.85603,                0.98881,                      1,                  0.995,                  0.995,                0.98881,                      1,                  0.995,                0.73145,                0.30503,                 1.1959,                0.49839,                0.22599,                0.68399,             0.00088724,             0.00088724,             0.00088724
                    284,                0.38659,                 1.9079,                 0.4659,                0.29959,                0.84731,                0.98896,                      1,                  0.995,                 0.9552,                0.98896,                      1,                  0.995,                0.68053,                0.29877,                 1.2942,                0.50146,                0.23067,                0.68882,             0.00088328,             0.00088328,             0.00088328
                    285,                0.38294,                 1.9492,                0.47276,                0.30503,                0.82542,                0.98898,                      1,                  0.995,                 0.9653,                0.98898,                      1,                  0.995,                 0.7397,                0.28521,                 1.0316,                0.49992,                0.24477,                 0.6866,             0.00087932,             0.00087932,             0.00087932
                    286,                0.38673,                 2.2068,                0.45523,                0.31666,                0.84966,                0.98904,                      1,                  0.995,                  0.995,                0.98904,                      1,                  0.995,                  0.796,                0.27685,                0.93085,                0.49555,                0.24136,                0.68306,             0.00087536,             0.00087536,             0.00087536
                    287,                 0.3817,                 2.4238,                0.47297,                0.32733,                0.84947,                 0.9891,                      1,                  0.995,                  0.995,                 0.9891,                      1,                  0.995,                0.77255,                0.28562,                0.85042,                0.49692,                0.24831,                0.67934,              0.0008714,              0.0008714,              0.0008714
                    288,                0.41552,                 1.9397,                0.46124,                0.30892,                0.83209,                0.98892,                      1,                  0.995,                0.95917,                0.98892,                      1,                  0.995,                0.83095,                0.26883,                0.79661,                0.49293,                0.24489,                0.67906,             0.00086744,             0.00086744,             0.00086744
                    289,                0.39857,                 2.2066,                0.47187,                0.31432,                0.82914,                      1,                      1,                  0.995,                0.96113,                      1,                      1,                  0.995,                 0.8335,                0.24502,                0.81568,                0.49187,                0.22187,                0.67529,             0.00086348,             0.00086348,             0.00086348
                    290,                0.39285,                 2.1539,                0.47741,                 0.3155,                0.84411,                      1,                      1,                  0.995,                0.96113,                      1,                      1,                  0.995,                0.78592,                0.28386,                0.86736,                0.48964,                0.20349,                0.67586,             0.00085952,             0.00085952,             0.00085952
                    291,                0.42104,                  2.113,                0.46598,                0.33011,                0.83904,                      1,                      1,                  0.995,                0.95775,                      1,                      1,                  0.995,                  0.796,                0.36312,                0.88749,                0.48753,                0.21282,                0.68348,             0.00085556,             0.00085556,             0.00085556
                    292,                 0.4141,                 2.0558,                 0.4585,                 0.3196,                0.80049,                      1,                      1,                  0.995,                0.96725,                      1,                      1,                  0.995,                  0.796,                0.33355,                0.85061,                0.48036,                0.21898,                0.68646,              0.0008516,              0.0008516,              0.0008516
                    293,                0.38876,                  1.852,                0.44771,                0.29909,                0.82821,                      1,                      1,                  0.995,                  0.995,                      1,                      1,                  0.995,                0.77775,                 0.2755,                0.87815,                 0.4836,                0.19921,                0.67947,             0.00084764,             0.00084764,             0.00084764
                    294,                0.40998,                 2.1303,                0.46031,                 0.3145,                0.84543,                0.98908,                      1,                  0.995,                  0.995,                0.98908,                      1,                  0.995,                0.71139,                0.24534,                0.95369,                0.47895,                0.19285,                0.67359,             0.00084368,             0.00084368,             0.00084368
                    295,                0.36768,                 1.9792,                0.46893,                0.30346,                0.82394,                      1,                      1,                  0.995,                  0.995,                      1,                      1,                  0.995,                0.66625,                0.26441,                0.96025,                0.48251,                0.19324,                0.67202,             0.00083972,             0.00083972,             0.00083972
                    296,                0.42534,                 2.0444,                0.45733,                0.32335,                0.84374,                0.98911,                      1,                  0.995,                  0.995,                0.98911,                      1,                  0.995,                0.69563,                0.33368,                0.94246,                0.48764,                0.24419,                0.67962,             0.00083576,             0.00083576,             0.00083576
                    297,                0.42441,                 2.3796,                0.47028,                 0.3293,                0.83837,                0.98915,                      1,                  0.995,                  0.995,                0.98915,                      1,                  0.995,                0.72692,                 0.3155,                0.92199,                0.48845,                0.24221,                0.68237,              0.0008318,              0.0008318,              0.0008318
                    298,                0.41521,                 2.3095,                0.48778,                0.32935,                 0.8591,                0.98915,                      1,                  0.995,                  0.995,                0.98915,                      1,                  0.995,                0.75538,                0.30124,                0.92128,                0.48675,                 0.2099,                0.68361,             0.00082784,             0.00082784,             0.00082784
                    299,                0.40586,                 2.2438,                0.47149,                0.30436,                 0.8575,                0.98914,                      1,                  0.995,                  0.995,                0.98914,                      1,                  0.995,                0.72465,                0.26266,                0.86412,                0.48439,                0.19662,                0.67607,             0.00082388,             0.00082388,             0.00082388
                    300,                0.41705,                 2.6337,                0.47086,                 0.3203,                0.84124,                  0.989,                      1,                  0.995,                  0.995,                  0.989,                      1,                  0.995,                 0.7072,                0.25721,                 1.1013,                0.48339,                0.18702,                 0.6788,             0.00081992,             0.00081992,             0.00081992
                    301,                0.37725,                 1.9023,                0.45894,                0.29608,                0.83718,                0.98905,                      1,                  0.995,                  0.995,                0.98905,                      1,                  0.995,                0.72589,                0.27193,                 1.1231,                0.48444,                0.17644,                0.67884,             0.00081596,             0.00081596,             0.00081596
                    302,                0.39868,                 1.9167,                0.45698,                0.30114,                0.84362,                0.98899,                      1,                  0.995,                  0.995,                0.98899,                      1,                  0.995,                0.69262,                0.25715,                 1.0721,                 0.4855,                0.17875,                0.67627,               0.000812,               0.000812,               0.000812
                    303,                0.39559,                 1.7657,                0.46035,                0.31634,                0.82359,                      1,                      1,                  0.995,                  0.995,                      1,                      1,                  0.995,                0.74225,                0.24622,                 1.1069,                0.48633,                0.19122,                0.67752,             0.00080804,             0.00080804,             0.00080804
                    304,                0.43153,                 1.9839,                0.47289,                 0.3166,                0.85153,                      1,                      1,                  0.995,                  0.995,                      1,                      1,                  0.995,                0.71417,                0.21576,                 1.1141,                0.47958,                0.18174,                0.67338,             0.00080408,             0.00080408,             0.00080408
                    305,                0.38563,                 1.9641,                0.46888,                0.29677,                0.81097,                      1,                      1,                  0.995,                  0.995,                      1,                      1,                  0.995,                  0.734,                0.26015,                 1.0156,                0.47625,                0.18436,                0.67369,             0.00080012,             0.00080012,             0.00080012
                    306,                0.41277,                 1.7638,                0.46824,                0.30574,                0.85392,                      1,                      1,                  0.995,                  0.995,                      1,                      1,                  0.995,                0.74225,                0.32271,                0.96765,                0.47266,                0.19264,                0.68533,             0.00079616,             0.00079616,             0.00079616
                    307,                0.38275,                 1.5657,                0.44755,                 0.2986,                0.82481,                      1,                      1,                  0.995,                0.94125,                      1,                      1,                  0.995,                0.78075,                0.32883,                0.93382,                0.46844,                0.20903,                0.69167,              0.0007922,              0.0007922,              0.0007922
                    308,                0.42931,                 1.9993,                0.45957,                0.31653,                0.85303,                      1,                      1,                  0.995,                  0.995,                      1,                      1,                  0.995,                  0.796,                0.30523,                0.89082,                0.46904,                0.22136,                0.68277,             0.00078824,             0.00078824,             0.00078824
                    309,                0.38875,                 1.9874,                0.44416,                0.31504,                0.82241,                      1,                      1,                  0.995,                0.94942,                      1,                      1,                  0.995,                  0.796,                0.29982,                0.84871,                0.47177,                0.22101,                0.68247,             0.00078428,             0.00078428,             0.00078428
                    310,                0.34617,                 1.6022,                0.43046,                 0.2806,                0.83692,                      1,                      1,                  0.995,                0.97975,                      1,                      1,                  0.995,                0.76212,                0.29694,                0.82597,                0.47401,                0.19734,                0.68947,             0.00078032,             0.00078032,             0.00078032
                    311,                0.39378,                 2.0759,                0.47071,                0.31527,                0.84363,                0.98884,                      1,                  0.995,                 0.9653,                0.98884,                      1,                  0.995,                0.83095,                 0.2837,                0.84975,                0.47658,                0.18954,                0.69498,             0.00077636,             0.00077636,             0.00077636
                    312,                0.42261,                 2.0835,                0.45715,                0.33724,                0.85217,                      1,                      1,                  0.995,                0.96725,                      1,                      1,                  0.995,                0.79842,                0.33472,                 1.0792,                0.48206,                0.20156,                0.70168,              0.0007724,              0.0007724,              0.0007724
                    313,                0.41138,                 2.1096,                0.45732,                0.31453,                0.83063,                      1,                      1,                  0.995,                0.96725,                      1,                      1,                  0.995,                0.75992,                0.30932,                 1.0246,                0.48233,                0.19731,                 0.6901,             0.00076844,             0.00076844,             0.00076844
                    314,                0.40234,                 1.9491,                0.44508,                0.29955,                0.83676,                0.98892,                      1,                  0.995,                 0.9653,                0.98892,                      1,                  0.995,                0.77594,                0.28875,                0.99359,                0.48236,                0.20016,                0.68613,             0.00076448,             0.00076448,             0.00076448
                    315,                0.38092,                 1.8219,                0.45587,                0.30288,                0.82297,                0.98893,                      1,                  0.995,                  0.995,                0.98893,                      1,                  0.995,                0.81177,                0.30276,                0.93561,                0.47887,                0.23618,                0.69207,             0.00076052,             0.00076052,             0.00076052
                    316,                0.38867,                 2.0064,                0.46869,                0.29626,                 0.8369,                      1,                      1,                  0.995,                  0.995,                      1,                      1,                  0.995,                0.76825,                0.29558,                0.98205,                0.47489,                0.21322,                0.69342,             0.00075656,             0.00075656,             0.00075656
                    317,                0.36955,                 1.6606,                 0.4436,                0.28344,                0.82976,                      1,                      1,                  0.995,                  0.995,                      1,                      1,                  0.995,                 0.8335,                0.26054,                0.88809,                0.47703,                0.21859,                0.68429,              0.0007526,              0.0007526,              0.0007526
                    318,                0.42244,                 2.4377,                0.45875,                0.31481,                 0.8376,                      1,                      1,                  0.995,                  0.995,                      1,                      1,                  0.995,                0.79963,                0.25799,                0.82342,                0.48041,                0.19886,                0.67939,             0.00074864,             0.00074864,             0.00074864
                    319,                0.34539,                  1.554,                0.45163,                0.30857,                0.82477,                      1,                      1,                  0.995,                0.95775,                      1,                      1,                  0.995,                0.81775,                0.30259,                0.85567,                0.48077,                0.19747,                0.68143,             0.00074468,             0.00074468,             0.00074468
                    320,                0.36041,                 1.8093,                0.45499,                 0.2988,                0.81562,                      1,                      1,                  0.995,                0.96113,                      1,                      1,                  0.995,                0.81367,                0.28874,                 0.8961,                0.47629,                0.19957,                0.67351,             0.00074072,             0.00074072,             0.00074072
                    321,                0.39755,                 1.9724,                0.46231,                0.31163,                0.83053,                      1,                      1,                  0.995,                0.96725,                      1,                      1,                  0.995,                0.81162,                0.25537,                0.99235,                0.47789,                0.19175,                0.67385,             0.00073676,             0.00073676,             0.00073676
                    322,                0.36433,                 1.8703,                0.49595,                0.30352,                  0.826,                      1,                      1,                  0.995,                0.96725,                      1,                      1,                  0.995,                0.81162,                0.26965,                 1.0242,                 0.4754,                0.18564,                0.67526,              0.0007328,              0.0007328,              0.0007328
                    323,                0.38278,                 1.9244,                0.44174,                0.30665,                0.81781,                      1,                      1,                  0.995,                0.96725,                      1,                      1,                  0.995,                0.74962,                0.28163,                 1.0153,                0.47376,                0.18996,                0.67505,             0.00072884,             0.00072884,             0.00072884
                    324,                0.38689,                  2.012,                0.45738,                0.31028,                0.83821,                      1,                      1,                  0.995,                  0.995,                      1,                      1,                  0.995,                0.76825,                0.26781,                0.85039,                0.47196,                0.19039,                0.67794,             0.00072488,             0.00072488,             0.00072488
                    325,                0.41013,                 2.0627,                0.47163,                0.32649,                0.83153,                0.98905,                      1,                  0.995,                  0.995,                0.98905,                      1,                  0.995,                 0.8432,                0.27683,                0.82164,                0.47351,                0.19143,                0.68074,             0.00072092,             0.00072092,             0.00072092
                    326,                 0.3852,                 2.0466,                 0.4625,                0.31311,                0.87542,                0.98906,                      1,                  0.995,                 0.9653,                0.98906,                      1,                  0.995,                0.80973,                0.28959,                0.76246,                0.47715,                0.18147,                0.68525,             0.00071696,             0.00071696,             0.00071696
                    327,                 0.3836,                 1.7475,                0.44782,                0.29266,                0.84173,                0.98925,                      1,                  0.995,                 0.9778,                0.98925,                      1,                  0.995,                0.83095,                0.29404,                0.72882,                0.48165,                0.17931,                0.68893,               0.000713,               0.000713,               0.000713
                    328,                0.39003,                 1.7179,                0.45793,                0.30591,                0.82529,                0.98927,                      1,                  0.995,                  0.995,                0.98927,                      1,                  0.995,                  0.796,                0.27132,                0.89197,                0.48272,                0.19062,                0.67839,             0.00070904,             0.00070904,             0.00070904
                    329,                0.40677,                 1.7753,                0.45238,                0.31757,                0.83103,                0.98919,                      1,                  0.995,                 0.9778,                0.98919,                      1,                  0.995,                  0.796,                0.25998,                0.90698,                0.47994,                0.19148,                0.67601,             0.00070508,             0.00070508,             0.00070508
                    330,                 0.3814,                  1.983,                0.46018,                0.31048,                0.83924,                      1,                      1,                  0.995,                0.96113,                      1,                      1,                  0.995,                  0.796,                0.27863,                0.83578,                0.47707,                0.20611,                 0.6797,             0.00070112,             0.00070112,             0.00070112
                    331,                0.34955,                 1.5301,                0.43584,                0.28379,                0.83833,                0.98925,                      1,                  0.995,                  0.995,                0.98925,                      1,                  0.995,                 0.8281,                0.26311,                0.80965,                 0.4752,                0.19451,                0.67909,             0.00069716,             0.00069716,             0.00069716
                    332,                0.39989,                 1.8257,                0.45335,                0.31345,                0.84818,                0.98919,                      1,                  0.995,                  0.995,                0.98919,                      1,                  0.995,                  0.794,                0.27071,                0.89667,                0.47551,                0.18499,                0.67998,              0.0006932,              0.0006932,              0.0006932
                    333,                0.40777,                 2.2344,                0.47955,                0.32962,                0.85248,                0.98911,                      1,                  0.995,                  0.995,                0.98911,                      1,                  0.995,                0.82593,                0.29547,                0.83046,                0.47654,                0.19412,                0.67955,             0.00068924,             0.00068924,             0.00068924
                    334,                  0.376,                 1.8805,                0.45888,                0.30434,                0.85377,                 0.9889,                      1,                  0.995,                  0.995,                 0.9889,                      1,                  0.995,                  0.854,                0.28335,                0.79544,                 0.4754,                0.19913,                0.67687,             0.00068528,             0.00068528,             0.00068528
                    335,                0.37049,                 1.8075,                0.47397,                0.29908,                0.82231,                      1,                      1,                  0.995,                  0.995,                      1,                      1,                  0.995,                0.88025,                0.24042,                0.77923,                0.47274,                0.20641,                0.67219,             0.00068132,             0.00068132,             0.00068132
                    336,                0.37568,                 1.6818,                0.45998,                0.30219,                0.82103,                      1,                      1,                  0.995,                  0.995,                      1,                      1,                  0.995,                0.83675,                 0.2207,                0.80837,                0.47229,                0.16645,                 0.6749,             0.00067736,             0.00067736,             0.00067736
                    337,                0.37962,                 1.8903,                0.44689,                0.30041,                0.81711,                      1,                      1,                  0.995,                  0.995,                      1,                      1,                  0.995,                0.81775,                0.21958,                0.84215,                0.47381,                0.18308,                0.67365,              0.0006734,              0.0006734,              0.0006734
                    338,                0.38014,                 1.7248,                0.45267,                0.30957,                0.84705,                      1,                      1,                  0.995,                0.97975,                      1,                      1,                  0.995,                0.81367,                0.25076,                0.90016,                0.47482,                0.19735,                 0.6746,             0.00066944,             0.00066944,             0.00066944
                    339,                0.39487,                 1.9804,                0.45887,                0.31951,                0.84939,                      1,                      1,                  0.995,                0.95775,                      1,                      1,                  0.995,                0.84175,                0.28626,                0.88651,                0.47414,                0.20149,                0.67657,             0.00066548,             0.00066548,             0.00066548
                    340,                0.37239,                 1.8173,                0.45116,                0.29519,                0.83217,                      1,                      1,                  0.995,                  0.995,                      1,                      1,                  0.995,                0.86163,                0.23995,                0.74499,                 0.4715,                 0.1791,                0.67525,             0.00066152,             0.00066152,             0.00066152
                    341,                0.36339,                 1.9007,                0.44665,                0.29693,                0.82527,                      1,                      1,                  0.995,                  0.995,                      1,                      1,                  0.995,                0.86163,                0.23289,                  0.696,                0.46595,                0.20585,                0.67637,             0.00065756,             0.00065756,             0.00065756
                    342,                 0.3602,                 1.7826,                0.42813,                0.27355,                0.84445,                      1,                      1,                  0.995,                  0.995,                      1,                      1,                  0.995,                0.86163,                 0.2573,                0.67854,                0.46224,                0.18649,                0.68079,              0.0006536,              0.0006536,              0.0006536
                    343,                0.34507,                 1.4816,                0.44137,                0.28711,                0.81383,                      1,                      1,                  0.995,                  0.995,                      1,                      1,                  0.995,                0.84992,                0.26685,                0.67949,                0.46103,                0.19115,                0.68215,             0.00064964,             0.00064964,             0.00064964
                    344,                0.35792,                 2.2076,                0.46327,                0.30278,                0.83903,                      1,                      1,                  0.995,                0.94942,                      1,                      1,                  0.995,                   0.83,                0.26921,                0.76242,                0.46306,                0.17533,                0.67529,             0.00064568,             0.00064568,             0.00064568
                    345,                0.35998,                 1.7421,                0.44063,                0.28753,                0.82588,                      1,                      1,                  0.995,                0.96725,                      1,                      1,                  0.995,                   0.83,                0.27241,                0.83519,                0.46735,                0.18058,                0.67158,             0.00064172,             0.00064172,             0.00064172
                    346,                0.37675,                 1.8989,                0.46696,                0.30118,                0.83388,                      1,                      1,                  0.995,                 0.9735,                      1,                      1,                  0.995,                0.80225,                0.26124,                0.82016,                0.46977,                0.17645,                0.67107,             0.00063776,             0.00063776,             0.00063776
                    347,                0.35967,                 1.9148,                0.45334,                0.28319,                0.82758,                      1,                      1,                  0.995,                  0.995,                      1,                      1,                  0.995,                0.79963,                0.25578,                0.74257,                0.46916,                0.17456,                0.67112,              0.0006338,              0.0006338,              0.0006338
                    348,                0.35639,                 1.9561,                0.45391,                0.28876,                0.82337,                      1,                      1,                  0.995,                  0.995,                      1,                      1,                  0.995,                 0.8335,                0.25469,                0.65065,                0.46875,                0.19737,                0.67347,             0.00062984,             0.00062984,             0.00062984
                    349,                0.34257,                 1.4599,                 0.4368,                0.28275,                0.82337,                      1,                      1,                  0.995,                  0.995,                      1,                      1,                  0.995,                  0.874,                0.23268,                0.66077,                0.46941,                0.18682,                0.66882,             0.00062588,             0.00062588,             0.00062588
                    350,                0.34697,                 1.5151,                0.45935,                0.28327,                0.83089,                      1,                      1,                  0.995,                  0.995,                      1,                      1,                  0.995,                 0.8335,                0.22252,                 0.7111,                0.46866,                0.18386,                  0.669,             0.00062192,             0.00062192,             0.00062192
                    351,                0.35927,                 1.7823,                0.44745,                0.29355,                0.82384,                      1,                      1,                  0.995,                  0.995,                      1,                      1,                  0.995,                 0.8335,                0.25408,                0.76153,                0.46811,                0.18346,                0.67553,             0.00061796,             0.00061796,             0.00061796
                    352,                 0.3485,                 1.6575,                0.44528,                0.26786,                0.82067,                      1,                      1,                  0.995,                0.96725,                      1,                      1,                  0.995,                0.77775,                0.25619,                0.72045,                  0.466,                0.18481,                0.68006,               0.000614,               0.000614,               0.000614
                    353,                0.35852,                 1.8888,                0.45571,                0.28944,                0.84306,                      1,                      1,                  0.995,                  0.995,                      1,                      1,                  0.995,                0.79963,                0.20495,                 0.6785,                0.46532,                 0.1832,                0.67294,             0.00061004,             0.00061004,             0.00061004
                    354,                0.34796,                 1.9074,                0.45294,                0.28998,                0.83112,                      1,                      1,                  0.995,                  0.995,                      1,                      1,                  0.995,                0.76212,                0.19911,                0.70845,                 0.4645,                0.16124,                 0.6695,             0.00060608,             0.00060608,             0.00060608
                    355,                0.40849,                 1.7793,                0.42966,                 0.2981,                0.83694,                      1,                      1,                  0.995,                  0.995,                      1,                      1,                  0.995,                0.81367,                0.20608,                0.69111,                0.46308,                0.17254,                0.66828,             0.00060212,             0.00060212,             0.00060212
                    356,                0.35102,                 1.8946,                0.46853,                0.27269,                0.80546,                      1,                      1,                  0.995,                  0.995,                      1,                      1,                  0.995,                 0.8335,                0.20096,                 0.6323,                0.45985,                0.16677,                0.66828,             0.00059816,             0.00059816,             0.00059816
                    357,                0.34091,                 1.8907,                0.43326,                0.28052,                0.81242,                      1,                      1,                  0.995,                  0.995,                      1,                      1,                  0.995,                0.81367,                0.21003,                0.63508,                0.45888,                0.16056,                0.66998,              0.0005942,              0.0005942,              0.0005942
                    358,                0.36104,                 1.8505,                0.45699,                0.29281,                0.81507,                      1,                      1,                  0.995,                  0.995,                      1,                      1,                  0.995,                0.81367,                0.22113,                0.66977,                0.45873,                0.15635,                0.67124,             0.00059024,             0.00059024,             0.00059024
                    359,                0.34998,                 1.5433,                0.42322,                0.27689,                0.83182,                      1,                      1,                  0.995,                  0.995,                      1,                      1,                  0.995,                0.84175,                0.23213,                0.73098,                 0.4596,                0.16206,                0.67105,             0.00058628,             0.00058628,             0.00058628
                    360,                0.34831,                 1.4042,                0.44445,                0.26871,                0.82311,                      1,                      1,                  0.995,                  0.995,                      1,                      1,                  0.995,                0.81475,                0.25784,                0.80921,                0.46344,                0.18881,                 0.6795,             0.00058232,             0.00058232,             0.00058232
                    361,                0.36691,                 1.7043,                 0.4388,                0.27319,                0.82581,                      1,                      1,                  0.995,                  0.995,                      1,                      1,                  0.995,                0.84992,                0.23617,                0.75756,                0.46356,                0.17742,                0.67577,             0.00057836,             0.00057836,             0.00057836
                    362,                0.38725,                 1.6765,                0.47338,                0.28981,                0.86276,                      1,                      1,                  0.995,                  0.995,                      1,                      1,                  0.995,                0.88025,                0.22342,                0.71597,                0.46354,                0.20436,                0.67127,              0.0005744,              0.0005744,              0.0005744
                    363,                0.34788,                 1.7643,                0.45061,                0.28221,                0.80288,                      1,                      1,                  0.995,                  0.995,                      1,                      1,                  0.995,                0.86163,                0.20672,                 0.6598,                 0.4614,                0.16711,                0.66613,             0.00057044,             0.00057044,             0.00057044
                    364,                0.34858,                 1.8974,                0.44374,                0.28996,                0.83034,                      1,                      1,                  0.995,                  0.995,                      1,                      1,                  0.995,                0.81367,                0.23562,                0.66732,                0.45361,                0.17813,                0.67081,             0.00056648,             0.00056648,             0.00056648
                    365,                0.35836,                 1.7591,                0.45537,                0.28606,                0.80951,                      1,                      1,                  0.995,                0.96113,                      1,                      1,                  0.995,                0.84175,                0.27235,                0.66706,                0.44899,                0.16773,                0.67761,             0.00056252,             0.00056252,             0.00056252
                    366,                0.35911,                 1.4469,                0.44076,                 0.2852,                0.80077,                      1,                      1,                  0.995,                  0.995,                      1,                      1,                  0.995,                0.88025,                0.27776,                0.63676,                0.44633,                0.18531,                0.68077,             0.00055856,             0.00055856,             0.00055856
                    367,                0.35508,                 1.6385,                0.45608,                0.27864,                0.82748,                      1,                      1,                  0.995,                  0.995,                      1,                      1,                  0.995,                0.86163,                0.26134,                0.63445,                0.44457,                0.18258,                0.67703,              0.0005546,              0.0005546,              0.0005546
                    368,                0.36931,                 1.6732,                0.42649,                0.28951,                0.80263,                0.98905,                      1,                  0.995,                  0.995,                0.98905,                      1,                  0.995,                0.80846,                0.27501,                0.79565,                  0.445,                0.20479,                0.67623,             0.00055064,             0.00055064,             0.00055064
                    369,                0.35445,                 1.4872,                0.42797,                0.27328,                0.83839,                0.98894,                      1,                  0.995,                  0.995,                0.98894,                      1,                  0.995,                0.80846,                0.27618,                0.80025,                0.44447,                0.20523,                0.67374,             0.00054668,             0.00054668,             0.00054668
                    370,                0.31416,                 1.6195,                0.43949,                0.26837,                0.79809,                0.98895,                      1,                  0.995,                  0.995,                0.98895,                      1,                  0.995,                0.84445,                0.24052,                0.73721,                0.44267,                0.17595,                0.66838,             0.00054272,             0.00054272,             0.00054272
                    371,                0.33257,                 1.6352,                0.43883,                0.26678,                0.81796,                 0.9889,                      1,                  0.995,                  0.995,                 0.9889,                      1,                  0.995,                 0.8645,                0.21535,                0.69357,                0.44155,                0.16243,                0.66754,             0.00053876,             0.00053876,             0.00053876
                    372,                0.34356,                 2.1936,                 0.4567,                0.28731,                0.80433,                0.98916,                      1,                  0.995,                  0.995,                0.98916,                      1,                  0.995,                0.83095,                0.17596,                0.72599,                0.44467,                0.15107,                0.66763,              0.0005348,              0.0005348,              0.0005348
                    373,                0.35793,                 1.9491,                0.45992,                 0.2884,                0.82412,                0.98908,                      1,                  0.995,                  0.995,                0.98908,                      1,                  0.995,                0.83095,                0.16536,                 0.7522,                 0.4467,                0.14935,                0.66662,             0.00053084,             0.00053084,             0.00053084
                    374,                0.33976,                 1.8192,                0.43512,                 0.2878,                0.82698,                0.98925,                      1,                  0.995,                  0.995,                0.98925,                      1,                  0.995,                0.83095,                0.18229,                0.74122,                0.44877,                0.14812,                0.66643,             0.00052688,             0.00052688,             0.00052688
                    375,                0.34996,                  1.981,                0.45288,                0.28737,                0.80976,                 0.9893,                      1,                  0.995,                  0.995,                 0.9893,                      1,                  0.995,                 0.8955,                0.18773,                0.70318,                0.45036,                0.16715,                0.66687,             0.00052292,             0.00052292,             0.00052292
                    376,                 0.3246,                 1.5277,                0.43682,                 0.2588,                0.82006,                0.98932,                      1,                  0.995,                  0.995,                0.98932,                      1,                  0.995,                 0.8955,                0.18073,                0.70997,                0.45082,                0.16226,                0.66775,             0.00051896,             0.00051896,             0.00051896
                    377,                0.33802,                 1.3355,                0.45235,                0.27135,                0.82724,                0.98934,                      1,                  0.995,                  0.995,                0.98934,                      1,                  0.995,                 0.8783,                0.18959,                0.76344,                0.45046,                0.17324,                 0.6701,               0.000515,               0.000515,               0.000515
                    378,                 0.3575,                 1.4038,                0.41328,                0.27003,                0.81357,                      1,                      1,                  0.995,                  0.995,                      1,                      1,                  0.995,                  0.874,                0.20756,                0.73621,                0.45102,                0.18488,                0.67045,             0.00051104,             0.00051104,             0.00051104
                    379,                 0.3439,                 1.5731,                0.45137,                0.26813,                0.81273,                      1,                      1,                  0.995,                  0.995,                      1,                      1,                  0.995,                 0.8955,                0.22012,                0.66786,                0.44722,                0.17389,                0.67327,             0.00050708,             0.00050708,             0.00050708
                    380,                0.39319,                 1.5701,                0.45114,                0.29201,                0.83747,                      1,                      1,                  0.995,                  0.995,                      1,                      1,                  0.995,                 0.8955,                0.18527,                0.59015,                0.44365,                0.17056,                0.66458,             0.00050312,             0.00050312,             0.00050312
                    381,                0.33319,                 1.3607,                0.42958,                0.26245,                0.82797,                      1,                      1,                  0.995,                  0.995,                      1,                      1,                  0.995,                 0.8955,                0.20305,                0.59814,                0.44181,                0.18473,                0.66421,             0.00049916,             0.00049916,             0.00049916
                    382,                0.35238,                 1.7943,                0.44467,                 0.2734,                 0.8052,                      1,                      1,                  0.995,                 0.9735,                      1,                      1,                  0.995,                 0.8955,                0.22848,                0.59779,                0.44336,                0.17154,                0.66476,              0.0004952,              0.0004952,              0.0004952
                    383,                0.35112,                 1.6533,                0.44948,                0.28139,                 0.8264,                      1,                      1,                  0.995,                 0.9735,                      1,                      1,                  0.995,                0.88025,                0.22409,                0.61985,                0.44633,                0.17153,                0.66467,             0.00049124,             0.00049124,             0.00049124
                    384,                0.33362,                 1.6976,                0.44007,                0.27477,                0.82258,                      1,                      1,                  0.995,                 0.9735,                      1,                      1,                  0.995,                  0.843,                0.22696,                0.74783,                0.45072,                0.19514,                0.67015,             0.00048728,             0.00048728,             0.00048728
                    385,                0.37386,                 1.8407,                 0.4209,                0.29189,                 0.8507,                      1,                      1,                  0.995,                  0.995,                      1,                      1,                  0.995,                0.85825,                0.21525,                0.73163,                0.45011,                0.19122,                0.67122,             0.00048332,             0.00048332,             0.00048332
                    386,                0.36761,                   1.53,                0.45473,                 0.2897,                0.81813,                      1,                      1,                  0.995,                  0.995,                      1,                      1,                  0.995,                0.85825,                0.19497,                0.66824,                0.44658,                0.17684,                0.67141,             0.00047936,             0.00047936,             0.00047936
                    387,                0.35694,                 1.6237,                0.43222,                0.27375,                0.81509,                      1,                      1,                  0.995,                  0.995,                      1,                      1,                  0.995,                 0.8955,                0.18914,                0.62835,                0.44222,                0.16805,                0.67107,              0.0004754,              0.0004754,              0.0004754
                    388,                0.34359,                 1.7722,                0.46559,                0.27964,                0.81677,                      1,                      1,                  0.995,                  0.995,                      1,                      1,                  0.995,                0.86775,                0.20764,                0.58479,                0.43661,                0.14804,                0.66807,             0.00047144,             0.00047144,             0.00047144
                    389,                0.39811,                 1.8265,                0.42792,                0.29111,                0.83848,                      1,                      1,                  0.995,                  0.995,                      1,                      1,                  0.995,                 0.8955,                0.22616,                0.53761,                0.43676,                0.16307,                0.66833,             0.00046748,             0.00046748,             0.00046748
                    390,                 0.3226,                 1.3265,                0.42349,                 0.2615,                0.78894,                      1,                      1,                  0.995,                  0.995,                      1,                      1,                  0.995,                 0.8955,                0.23788,                0.51608,                0.43817,                0.16749,                0.66884,             0.00046352,             0.00046352,             0.00046352
                    391,                0.33131,                 1.5123,                0.43732,                0.26511,                0.83381,                      1,                      1,                  0.995,                  0.995,                      1,                      1,                  0.995,                 0.8955,                0.25884,                0.51545,                0.43974,                0.16886,                0.67347,             0.00045956,             0.00045956,             0.00045956
                    392,                0.35793,                  1.624,                0.42882,                 0.2923,                 0.8165,                      1,                      1,                  0.995,                0.97975,                      1,                      1,                  0.995,                0.91112,                0.29842,                0.54478,                0.44059,                0.17064,                0.68254,              0.0004556,              0.0004556,              0.0004556
                    393,                0.38329,                 1.4377,                0.43704,                0.27908,                0.83078,                      1,                      1,                  0.995,                0.97975,                      1,                      1,                  0.995,                0.91112,                0.28638,                0.54428,                0.44167,                0.16168,                 0.6808,             0.00045164,             0.00045164,             0.00045164
                    394,                0.34489,                 1.6244,                0.43324,                0.27229,                0.83842,                      1,                      1,                  0.995,                  0.995,                      1,                      1,                  0.995,                0.91112,                 0.2593,                0.52487,                0.44283,                0.15687,                0.67559,             0.00044768,             0.00044768,             0.00044768
                    395,                0.34568,                 1.5703,                0.43494,                0.26817,                0.81026,                      1,                      1,                  0.995,                  0.995,                      1,                      1,                  0.995,                0.91112,                0.24032,                 0.5079,                0.44353,                0.17893,                 0.6735,             0.00044372,             0.00044372,             0.00044372
                    396,                0.35168,                 1.5768,                0.43025,                0.26923,                0.81765,                      1,                      1,                  0.995,                  0.995,                      1,                      1,                  0.995,                 0.8955,                0.24357,                0.56011,                0.44406,                0.19682,                0.66993,             0.00043976,             0.00043976,             0.00043976
                    397,                0.33157,                  1.389,                0.43176,                0.26186,                0.82149,                      1,                      1,                  0.995,                0.96113,                      1,                      1,                  0.995,                 0.8955,                0.25032,                0.59555,                0.44317,                0.19951,                0.67151,              0.0004358,              0.0004358,              0.0004358
                    398,                0.33511,                  1.823,                0.44593,                0.28529,                 0.8227,                      1,                      1,                  0.995,                0.96113,                      1,                      1,                  0.995,                 0.8335,                0.25072,                0.63501,                0.44144,                0.20526,                 0.6714,             0.00043184,             0.00043184,             0.00043184
                    399,                0.32524,                   1.64,                0.45139,                0.27621,                0.84204,                      1,                      1,                  0.995,                0.96113,                      1,                      1,                  0.995,                 0.8335,                0.24882,                0.65597,                0.44066,                0.19778,                0.67192,             0.00042788,             0.00042788,             0.00042788
                    400,                 0.3473,                 1.8783,                0.44805,                0.28156,                0.81402,                      1,                      1,                  0.995,                  0.995,                      1,                      1,                  0.995,                0.86163,                0.21687,                0.60662,                0.44416,                0.17448,                0.66766,             0.00042392,             0.00042392,             0.00042392
                    401,                0.34513,                 1.7365,                0.44364,                0.27435,                0.80808,                      1,                      1,                  0.995,                  0.995,                      1,                      1,                  0.995,                0.86163,                0.20386,                 0.5718,                0.44603,                0.17849,                0.66637,             0.00041996,             0.00041996,             0.00041996
                    402,                 0.3252,                 1.6192,                0.41605,                0.26994,                0.83306,                      1,                      1,                  0.995,                  0.995,                      1,                      1,                  0.995,                0.86163,                 0.2023,                0.58631,                0.44678,                0.17559,                0.66556,               0.000416,               0.000416,               0.000416
                    403,                0.31307,                  1.406,                0.45254,                0.25404,                0.81431,                      1,                      1,                  0.995,                  0.995,                      1,                      1,                  0.995,                0.86163,                0.19996,                0.60485,                0.44618,                0.17184,                0.66731,             0.00041204,             0.00041204,             0.00041204
                    404,                0.35033,                  1.595,                0.45313,                0.28447,                0.83312,                 0.9891,                      1,                  0.995,                  0.995,                 0.9891,                      1,                  0.995,                0.85967,                0.18601,                0.65696,                0.44258,                0.16225,                0.66638,             0.00040808,             0.00040808,             0.00040808
                    405,                0.31182,                 1.4917,                0.42583,                0.26374,                0.82346,                0.98907,                      1,                  0.995,                  0.995,                0.98907,                      1,                  0.995,                0.85967,                0.16479,                0.68864,                0.44025,                 0.1517,                0.66585,             0.00040412,             0.00040412,             0.00040412
                    406,                0.30515,                 1.5179,                0.44228,                 0.2515,                0.81109,                      1,                      1,                  0.995,                  0.995,                      1,                      1,                  0.995,                0.86163,                0.16374,                0.67775,                0.43885,                0.13252,                0.66433,             0.00040016,             0.00040016,             0.00040016
                    407,                 0.3097,                 1.4951,                0.43071,                0.25374,                0.80512,                      1,                      1,                  0.995,                  0.995,                      1,                      1,                  0.995,                0.86163,                0.15895,                0.63968,                0.43938,                 0.1343,                0.66551,              0.0003962,              0.0003962,              0.0003962
                    408,                0.31429,                 1.4732,                0.43873,                0.26911,                0.80526,                      1,                      1,                  0.995,                  0.995,                      1,                      1,                  0.995,                0.86163,                0.19687,                0.57038,                0.44229,                0.16634,                0.66807,             0.00039224,             0.00039224,             0.00039224
                    409,                0.33959,                 1.4298,                0.41728,                0.27524,                0.81838,                      1,                      1,                  0.995,                  0.995,                      1,                      1,                  0.995,                0.86163,                0.20192,                0.55757,                0.44327,                 0.1584,                0.66651,             0.00038828,             0.00038828,             0.00038828
                    410,                0.35372,                 1.6209,                0.42847,                0.27638,                 0.8213,                      1,                      1,                  0.995,                  0.995,                      1,                      1,                  0.995,                0.86163,                0.19282,                0.56271,                0.44404,                0.14415,                0.66586,             0.00038432,             0.00038432,             0.00038432
                    411,                0.30478,                 1.5776,                0.42256,                0.25519,                0.79932,                      1,                      1,                  0.995,                  0.995,                      1,                      1,                  0.995,                0.86163,                 0.1811,                0.56977,                0.44439,                0.15129,                0.66547,             0.00038036,             0.00038036,             0.00038036
                    412,                0.33674,                 1.5326,                0.43808,                0.27678,                0.84856,                      1,                      1,                  0.995,                  0.995,                      1,                      1,                  0.995,                0.86163,                 0.1794,                0.60064,                0.44352,                0.14854,                0.66822,              0.0003764,              0.0003764,              0.0003764
                    413,                0.32164,                 1.5742,                0.43071,                0.25424,                0.83548,                      1,                      1,                  0.995,                  0.995,                      1,                      1,                  0.995,                0.86163,                0.18517,                0.59931,                0.44339,                0.16073,                0.66786,             0.00037244,             0.00037244,             0.00037244
                    414,                0.29886,                 1.3781,                0.45558,                0.25046,                0.80442,                      1,                      1,                  0.995,                  0.995,                      1,                      1,                  0.995,                0.86163,                0.21176,                0.58034,                0.44332,                0.16207,                 0.6681,             0.00036848,             0.00036848,             0.00036848
                    415,                0.30247,                 1.4433,                0.42379,                0.25265,                0.82546,                      1,                      1,                  0.995,                  0.995,                      1,                      1,                  0.995,                0.86163,                0.22238,                0.57227,                0.44392,                0.17002,                0.66743,             0.00036452,             0.00036452,             0.00036452
                    416,                0.34304,                 1.5041,                0.42961,                0.26488,                0.81799,                      1,                      1,                  0.995,                  0.995,                      1,                      1,                  0.995,                  0.874,                0.22553,                0.61183,                0.44641,                0.18264,                0.66706,             0.00036056,             0.00036056,             0.00036056
                    417,                0.31688,                 1.4445,                0.43969,                0.25061,                0.81314,                      1,                      1,                  0.995,                  0.995,                      1,                      1,                  0.995,                0.81162,                0.20588,                0.62646,                0.44755,                0.17918,                0.66449,              0.0003566,              0.0003566,              0.0003566
                    418,                0.29418,                 1.3829,                0.41186,                0.24382,                 0.8245,                      1,                      1,                  0.995,                  0.995,                      1,                      1,                  0.995,                 0.8335,                 0.1734,                0.61361,                0.44727,                0.16664,                0.66341,             0.00035264,             0.00035264,             0.00035264
                    419,                 0.3171,                 1.7672,                0.44061,                0.24958,                0.82941,                      1,                      1,                  0.995,                  0.995,                      1,                      1,                  0.995,                0.86163,                 0.1579,                0.57218,                0.44548,                0.15257,                0.66248,             0.00034868,             0.00034868,             0.00034868
                    420,                0.31184,                 1.6545,                0.43666,                0.26161,                0.79548,                 0.9891,                      1,                  0.995,                  0.995,                 0.9891,                      1,                  0.995,                0.85621,                0.15405,                0.50219,                0.44522,                0.13457,                0.66296,             0.00034472,             0.00034472,             0.00034472
                    421,                0.31556,                 1.6208,                0.42667,                0.25262,                 0.8073,                 0.9892,                      1,                  0.995,                  0.995,                 0.9892,                      1,                  0.995,                0.85745,                0.16558,                0.48993,                0.44438,                0.15439,                0.66222,             0.00034076,             0.00034076,             0.00034076
                    422,                0.28009,                 1.4855,                0.43519,                0.23957,                0.81351,                0.98913,                      1,                  0.995,                  0.995,                0.98913,                      1,                  0.995,                0.86763,                0.19174,                0.47336,                0.44099,                0.16093,                0.66348,              0.0003368,              0.0003368,              0.0003368
                    423,                0.31805,                 1.5959,                0.44087,                0.24627,                0.83572,                0.98917,                      1,                  0.995,                  0.995,                0.98917,                      1,                  0.995,                0.88787,                0.20958,                0.46616,                0.44022,                0.16748,                0.66556,             0.00033284,             0.00033284,             0.00033284
                    424,                 0.3001,                 1.5441,                0.41105,                0.23977,                0.80656,                0.98919,                      1,                  0.995,                  0.995,                0.98919,                      1,                  0.995,                0.87104,                0.19777,                0.49867,                0.43996,                0.17835,                0.66587,             0.00032888,             0.00032888,             0.00032888
                    425,                0.31403,                 1.3882,                0.43597,                0.26181,                0.80123,                0.98928,                      1,                  0.995,                  0.995,                0.98928,                      1,                  0.995,                0.90842,                0.19664,                0.50207,                 0.4397,                0.17585,                0.66494,             0.00032492,             0.00032492,             0.00032492
                    426,                0.31135,                 1.3976,                0.40484,                0.25369,                0.80881,                0.98909,                      1,                  0.995,                  0.995,                0.98909,                      1,                  0.995,                0.90747,                 0.1912,                0.50094,                0.43959,                   0.19,                0.66429,             0.00032096,             0.00032096,             0.00032096
                    427,                0.28941,                 1.4108,                0.41221,                0.25056,                0.83271,                0.98922,                      1,                  0.995,                  0.995,                0.98922,                      1,                  0.995,                   0.91,                 0.1924,                0.49703,                0.43898,                0.17122,                0.66691,               0.000317,               0.000317,               0.000317
                    428,                0.31175,                 1.7232,                0.44686,                0.25483,                0.81538,                      1,                      1,                  0.995,                  0.995,                      1,                      1,                  0.995,                 0.8955,                0.20387,                 0.5298,                0.44056,                0.17522,                0.67261,             0.00031304,             0.00031304,             0.00031304
                    429,                0.31671,                 1.5781,                 0.4246,                0.26057,                0.83175,                      1,                      1,                  0.995,                  0.995,                      1,                      1,                  0.995,                 0.8955,                0.20583,                0.53301,                0.44197,                0.16173,                0.67166,             0.00030908,             0.00030908,             0.00030908
                    430,                0.30198,                 1.4443,                0.44486,                 0.2447,                0.82712,                      1,                      1,                  0.995,                  0.995,                      1,                      1,                  0.995,                 0.8955,                 0.2081,                0.53765,                0.44214,                 0.1612,                0.66894,             0.00030512,             0.00030512,             0.00030512
                    431,                0.29308,                 1.5276,                0.44189,                0.24809,                0.82768,                      1,                      1,                  0.995,                  0.995,                      1,                      1,                  0.995,                 0.8955,                0.20817,                0.54406,                0.43995,                0.16177,                0.66675,             0.00030116,             0.00030116,             0.00030116
                    432,                0.30724,                  1.599,                0.44345,                0.25144,                0.82421,                      1,                      1,                  0.995,                  0.995,                      1,                      1,                  0.995,                0.88025,                0.20245,                0.54378,                 0.4341,                0.17178,                0.66633,              0.0002972,              0.0002972,              0.0002972
                    433,                0.30849,                 1.4852,                0.43206,                0.24686,                0.80299,                      1,                      1,                  0.995,                  0.995,                      1,                      1,                  0.995,                0.88025,                0.19597,                0.55077,                0.43307,                0.16335,                0.66521,             0.00029324,             0.00029324,             0.00029324
                    434,                0.30834,                 1.3225,                0.40018,                0.23364,                0.82493,                      1,                      1,                  0.995,                  0.995,                      1,                      1,                  0.995,                0.88025,                0.18948,                0.56828,                0.43536,                0.16379,                0.66454,             0.00028928,             0.00028928,             0.00028928
                    435,                0.29251,                  1.363,                0.43562,                0.23455,                0.80048,                0.98913,                      1,                  0.995,                  0.995,                0.98913,                      1,                  0.995,                  0.877,                0.18818,                0.57603,                0.43601,                0.15797,                0.66521,             0.00028532,             0.00028532,             0.00028532
                    436,                0.31188,                 1.5202,                0.44394,                0.24052,                0.83537,                0.98914,                      1,                  0.995,                  0.995,                0.98914,                      1,                  0.995,                0.87375,                0.23088,                0.59262,                 0.4396,                0.18395,                0.67225,             0.00028136,             0.00028136,             0.00028136
                    437,                0.31964,                 1.6609,                0.41204,                0.25823,                0.80865,                0.98926,                      1,                  0.995,                  0.995,                0.98926,                      1,                  0.995,                 0.8955,                0.22578,                0.56991,                0.44133,                0.19314,                0.67241,              0.0002774,              0.0002774,              0.0002774
                    438,                0.30607,                 1.4832,                0.45414,                0.24028,                  0.807,                0.98917,                      1,                  0.995,                0.95695,                0.98917,                      1,                  0.995,                 0.9091,                0.21144,                0.52789,                0.44324,                0.19232,                0.66817,             0.00027344,             0.00027344,             0.00027344
                    439,                0.31414,                  1.433,                0.42357,                0.24293,                0.81947,                0.98909,                      1,                  0.995,                  0.995,                0.98909,                      1,                  0.995,                0.91127,                0.19974,                0.49813,                 0.4427,                0.19685,                0.66494,             0.00026948,             0.00026948,             0.00026948
                    440,                0.30991,                 1.6364,                0.43521,                0.25116,                0.81461,                      1,                      1,                  0.995,                0.96113,                      1,                      1,                  0.995,                0.91725,                 0.1975,                0.48676,                0.43889,                0.17105,                0.66472,             0.00026552,             0.00026552,             0.00026552
                    441,                0.29024,                 1.2296,                0.41923,                0.23574,                0.81662,                      1,                      1,                  0.995,                0.96113,                      1,                      1,                  0.995,                0.91725,                0.19784,                0.49406,                0.43868,                0.18184,                0.66527,             0.00026156,             0.00026156,             0.00026156
                    442,                0.30165,                 1.2693,                 0.4172,                0.23371,                0.82315,                      1,                      1,                  0.995,                0.96113,                      1,                      1,                  0.995,                  0.933,                0.19793,                0.50866,                0.44062,                0.18456,                0.66506,              0.0002576,              0.0002576,              0.0002576
                    443,                0.29879,                 1.5692,                0.43999,                0.23617,                0.80506,                      1,                      1,                  0.995,                  0.995,                      1,                      1,                  0.995,                0.91112,                0.19606,                0.52384,                0.44415,                0.20217,                  0.665,             0.00025364,             0.00025364,             0.00025364
                    444,                0.29753,                  1.232,                 0.4396,                0.23391,                0.79539,                      1,                      1,                  0.995,                0.96113,                      1,                      1,                  0.995,                0.91112,                0.19124,                0.50563,                0.44513,                0.16999,                0.66604,             0.00024968,             0.00024968,             0.00024968
                    445,                 0.2788,                 1.2891,                0.42394,                0.23897,                0.80164,                      1,                      1,                  0.995,                  0.995,                      1,                      1,                  0.995,                 0.8955,                 0.2008,                 0.4987,                 0.4446,                0.17355,                 0.6677,             0.00024572,             0.00024572,             0.00024572
                    446,                 0.2978,                 1.4844,                0.41256,                0.24546,                0.80642,                      1,                      1,                  0.995,                  0.995,                      1,                      1,                  0.995,                 0.8955,                 0.2174,                0.47845,                0.44184,                0.16301,                0.66971,             0.00024176,             0.00024176,             0.00024176
                    447,                0.30459,                 1.4995,                0.43631,                0.23961,                0.81534,                      1,                      1,                  0.995,                  0.995,                      1,                      1,                  0.995,                  0.933,                 0.2171,                0.47639,                0.44238,                0.15182,                0.66945,              0.0002378,              0.0002378,              0.0002378
                    448,                0.28449,                 1.3207,                0.42712,                0.23378,                0.80338,                      1,                      1,                  0.995,                  0.995,                      1,                      1,                  0.995,                0.91112,                0.23297,                0.51234,                0.44391,                0.16931,                0.67018,             0.00023384,             0.00023384,             0.00023384
                    449,                0.28086,                 1.4121,                0.43461,                  0.246,                0.80085,                      1,                      1,                  0.995,                  0.995,                      1,                      1,                  0.995,                0.91112,                 0.2288,                0.52101,                0.44226,                   0.18,                0.66941,             0.00022988,             0.00022988,             0.00022988
                    450,                0.29242,                  1.349,                0.47037,                0.23701,                0.81689,                      1,                      1,                  0.995,                  0.995,                      1,                      1,                  0.995,                0.91112,                0.22713,                0.55605,                0.44088,                0.17523,                0.66975,             0.00022592,             0.00022592,             0.00022592
                    451,                0.28207,                 1.2726,                0.42116,                0.23782,                0.81897,                      1,                      1,                  0.995,                  0.995,                      1,                      1,                  0.995,                 0.8955,                0.22986,                0.58994,                0.44234,                0.18073,                0.66894,             0.00022196,             0.00022196,             0.00022196
                    452,                0.27115,                 1.3425,                0.42127,                0.23148,                0.79699,                      1,                      1,                  0.995,                  0.995,                      1,                      1,                  0.995,                 0.8955,                  0.221,                0.59113,                0.44166,                0.18608,                0.66903,               0.000218,               0.000218,               0.000218
                    453,                0.29124,                 1.3066,                 0.4224,                0.23567,                0.79592,                      1,                      1,                  0.995,                  0.995,                      1,                      1,                  0.995,                 0.8955,                 0.2115,                0.55721,                0.44059,                0.18073,                0.66805,             0.00021404,             0.00021404,             0.00021404
                    454,                0.30063,                 1.5494,                 0.4124,                 0.2477,                0.83442,                      1,                      1,                  0.995,                  0.995,                      1,                      1,                  0.995,                 0.8955,                0.20417,                0.52824,                0.43919,                0.18249,                 0.6664,             0.00021008,             0.00021008,             0.00021008
                    455,                0.29586,                 1.7865,                0.43294,                0.24386,                0.83958,                      1,                      1,                  0.995,                  0.995,                      1,                      1,                  0.995,                 0.8955,                0.19236,                0.51339,                 0.4378,                0.17225,                0.66588,             0.00020612,             0.00020612,             0.00020612
                    456,                0.29585,                 1.4244,                0.40969,                0.24114,                0.81752,                      1,                      1,                  0.995,                  0.995,                      1,                      1,                  0.995,                0.86163,                0.17728,                 0.5076,                0.43592,                0.16639,                0.66485,             0.00020216,             0.00020216,             0.00020216
                    457,                0.30159,                 1.2954,                0.43651,                0.23122,                0.82098,                      1,                      1,                  0.995,                  0.995,                      1,                      1,                  0.995,                 0.8955,                0.17312,                0.50401,                 0.4347,                0.16573,                0.66361,              0.0001982,              0.0001982,              0.0001982
                    458,                0.28846,                 1.5361,                0.43161,                0.23966,                0.82181,                      1,                      1,                  0.995,                  0.995,                      1,                      1,                  0.995,                 0.8955,                 0.1717,                  0.488,                0.43364,                0.17555,                0.66314,             0.00019424,             0.00019424,             0.00019424
                    459,                0.28856,                 1.3537,                0.42822,                0.24273,                0.80661,                      1,                      1,                  0.995,                  0.995,                      1,                      1,                  0.995,                 0.8955,                0.16873,                0.47524,                0.43258,                0.17261,                0.66161,             0.00019028,             0.00019028,             0.00019028
                    460,                0.31352,                 1.6702,                0.40975,                  0.253,                 0.8315,                      1,                      1,                  0.995,                  0.995,                      1,                      1,                  0.995,                0.91112,                0.17765,                0.47009,                0.43101,                0.14815,                 0.6626,             0.00018632,             0.00018632,             0.00018632
                    461,                0.27021,                  1.296,                0.44033,                0.22629,                0.80871,                      1,                      1,                  0.995,                  0.995,                      1,                      1,                  0.995,                0.91112,                0.18488,                0.47577,                0.43083,                0.14819,                0.66205,             0.00018236,             0.00018236,             0.00018236
                    462,                0.28081,                 1.3224,                0.42476,                 0.2345,                0.82088,                      1,                      1,                  0.995,                  0.995,                      1,                      1,                  0.995,                0.91112,                0.18756,                0.48099,                0.43097,                0.14161,                0.66183,              0.0001784,              0.0001784,              0.0001784
                    463,                0.28614,                  1.355,                0.42902,                0.23639,                0.81966,                      1,                      1,                  0.995,                  0.995,                      1,                      1,                  0.995,                0.91317,                0.18807,                0.47302,                0.43158,                0.13417,                0.66176,             0.00017444,             0.00017444,             0.00017444
                    464,                0.27105,                 1.4811,                0.42658,                0.24209,                0.82311,                      1,                      1,                  0.995,                  0.995,                      1,                      1,                  0.995,                0.91112,                0.17787,                0.45506,                0.43326,                0.14439,                0.66294,             0.00017048,             0.00017048,             0.00017048
                    465,                0.28235,                 1.2215,                0.42733,                0.23392,                0.80612,                      1,                      1,                  0.995,                  0.995,                      1,                      1,                  0.995,                 0.8955,                0.18101,                0.45587,                0.43338,                0.14467,                0.66435,             0.00016652,             0.00016652,             0.00016652
                    466,                0.26591,                 1.2717,                0.41722,                0.23641,                0.83082,                      1,                      1,                  0.995,                  0.995,                      1,                      1,                  0.995,                 0.8955,                 0.1777,                0.45813,                0.43334,                0.14682,                0.66402,             0.00016256,             0.00016256,             0.00016256
                    467,                0.30438,                 1.4697,                0.40112,                 0.2499,                0.83416,                      1,                      1,                  0.995,                  0.995,                      1,                      1,                  0.995,                 0.8955,                0.17945,                0.45938,                0.43269,                 0.1396,                0.66488,              0.0001586,              0.0001586,              0.0001586
                    468,                 0.2842,                 1.4337,                0.43531,                0.24809,                0.81209,                      1,                      1,                  0.995,                  0.995,                      1,                      1,                  0.995,                 0.8955,                0.17295,                0.46294,                 0.4307,                0.13829,                0.66526,             0.00015464,             0.00015464,             0.00015464
                    469,                0.28052,                 1.2733,                0.45439,                0.22227,                0.80793,                      1,                      1,                  0.995,                  0.995,                      1,                      1,                  0.995,                 0.8955,                0.17378,                0.46464,                0.43002,                0.13495,                0.66361,             0.00015068,             0.00015068,             0.00015068
                    470,                0.26936,                 1.3223,                0.42606,                0.23092,                0.81562,                      1,                      1,                  0.995,                  0.995,                      1,                      1,                  0.995,                0.91725,                0.17009,                0.46982,                0.42977,                0.14366,                0.66353,             0.00014672,             0.00014672,             0.00014672
                    471,                0.26269,                 1.2471,                0.42906,                0.22388,                0.81684,                      1,                      1,                  0.995,                  0.995,                      1,                      1,                  0.995,                0.91725,                0.16551,                0.47569,                0.42973,                0.13823,                0.66305,             0.00014276,             0.00014276,             0.00014276
                    472,                0.28375,                 1.3491,                 0.4167,                0.23291,                0.81261,                0.98933,                      1,                  0.995,                  0.995,                0.98933,                      1,                  0.995,                0.91318,                0.16502,                0.48796,                0.43005,                0.14352,                0.66323,              0.0001388,              0.0001388,              0.0001388
                    473,                0.29621,                 1.2584,                 0.4078,                0.23147,                0.82706,                      1,                      1,                  0.995,                  0.995,                      1,                      1,                  0.995,                 0.8955,                0.15782,                0.49212,                0.43022,                0.13927,                0.66267,             0.00013484,             0.00013484,             0.00013484
                    474,                0.27298,                 1.2719,                0.42669,                0.22255,                0.83232,                      1,                      1,                  0.995,                  0.995,                      1,                      1,                  0.995,                 0.8955,                0.15323,                0.49556,                0.43056,                0.13598,                0.66315,             0.00013088,             0.00013088,             0.00013088
                    475,                0.28199,                 1.5412,                0.42707,                0.24853,                0.82407,                      1,                      1,                  0.995,                  0.995,                      1,                      1,                  0.995,                 0.8955,                0.16038,                0.49322,                0.43049,                  0.145,                0.66226,             0.00012692,             0.00012692,             0.00012692
                    476,                0.25709,                 1.2191,                 0.4225,                0.22191,                0.79955,                0.98924,                      1,                  0.995,                  0.995,                0.98924,                      1,                  0.995,                 0.8955,                0.17948,                0.47222,                 0.4293,                0.14472,                 0.6646,             0.00012296,             0.00012296,             0.00012296
                    477,                0.29076,                 1.1669,                0.42278,                0.23135,                0.82175,                0.98916,                      1,                  0.995,                  0.995,                0.98916,                      1,                  0.995,                 0.8955,                   0.19,                0.46443,                0.42826,                0.14776,                  0.665,               0.000119,               0.000119,               0.000119
                    478,                0.30082,                 1.3342,                0.43603,                0.22997,                0.82292,                0.98933,                      1,                  0.995,                  0.995,                0.98933,                      1,                  0.995,                 0.8955,                0.19478,                0.46044,                0.42742,                0.15368,                0.66498,             0.00011504,             0.00011504,             0.00011504
                    479,                0.27117,                 1.4947,                0.42099,                0.23462,                0.81319,                      1,                      1,                  0.995,                  0.995,                      1,                      1,                  0.995,                 0.8955,                0.19891,                0.46484,                0.42654,                0.15419,                0.66479,             0.00011108,             0.00011108,             0.00011108
                    480,                0.26763,                 1.3689,                0.41383,                0.21341,                0.82698,                      1,                      1,                  0.995,                  0.995,                      1,                      1,                  0.995,                 0.8955,                0.19736,                0.47824,                0.42551,                 0.1532,                0.66488,             0.00010712,             0.00010712,             0.00010712
                    481,                0.28283,                 1.6287,                0.42441,                0.24364,                0.83349,                      1,                      1,                  0.995,                  0.995,                      1,                      1,                  0.995,                 0.8955,                0.19165,                0.47343,                0.42544,                0.14753,                0.66398,             0.00010316,             0.00010316,             0.00010316
                    482,                 0.2648,                 1.2745,                0.42317,                0.22557,                0.80634,                      1,                      1,                  0.995,                  0.995,                      1,                      1,                  0.995,                 0.8955,                0.18969,                0.45781,                0.42582,                0.15008,                0.66295,               9.92e-05,               9.92e-05,               9.92e-05
                    483,                0.27607,                 1.4549,                 0.4199,                0.22762,                0.80683,                      1,                      1,                  0.995,                  0.995,                      1,                      1,                  0.995,                 0.8955,                0.18601,                0.44473,                0.42644,                0.15297,                0.66302,              9.524e-05,              9.524e-05,              9.524e-05
                    484,                0.26512,                 1.0845,                0.41404,                0.21307,                0.82324,                      1,                      1,                  0.995,                  0.995,                      1,                      1,                  0.995,                 0.8955,                0.17973,                0.43193,                0.42722,                0.14871,                0.66411,              9.128e-05,              9.128e-05,              9.128e-05
                    485,                0.26361,                 1.1577,                0.40875,                 0.2136,                0.81519,                      1,                      1,                  0.995,                  0.995,                      1,                      1,                  0.995,                 0.8955,                 0.1807,                0.42647,                0.42756,                0.15227,                0.66436,              8.732e-05,              8.732e-05,              8.732e-05
                    486,                0.25393,                 1.2307,                0.43429,                 0.2235,                0.79903,                      1,                      1,                  0.995,                  0.995,                      1,                      1,                  0.995,                 0.8955,                 0.1784,                0.42246,                0.42752,                0.15897,                0.66397,              8.336e-05,              8.336e-05,              8.336e-05
                    487,                0.27086,                 1.3959,                0.46298,                0.22641,                0.82367,                      1,                      1,                  0.995,                  0.995,                      1,                      1,                  0.995,                0.91112,                0.18213,                0.42179,                0.42721,                0.15494,                0.66366,               7.94e-05,               7.94e-05,               7.94e-05
                    488,                0.27367,                 1.5106,                0.44033,                0.22831,                0.81027,                0.98934,                      1,                  0.995,                  0.995,                0.98934,                      1,                  0.995,                0.90922,                0.17978,                0.42873,                 0.4257,                0.16245,                 0.6639,              7.544e-05,              7.544e-05,              7.544e-05
                    489,                0.26782,                 1.4259,                0.40943,                 0.2206,                0.80849,                0.98924,                      1,                  0.995,                  0.995,                0.98924,                      1,                  0.995,                0.90705,                0.17984,                 0.4347,                0.42518,                0.16132,                0.66421,              7.148e-05,              7.148e-05,              7.148e-05
                    490,                0.29659,                 1.3782,                0.41312,                0.23865,                0.80515,                0.98915,                      1,                  0.995,                  0.995,                0.98915,                      1,                  0.995,                0.90705,                0.17691,                0.43602,                0.42488,                0.16315,                0.66378,              6.752e-05,              6.752e-05,              6.752e-05
                    491,                0.26432,                 1.2764,                0.43536,                0.22302,                0.82403,                0.98917,                      1,                  0.995,                  0.995,                0.98917,                      1,                  0.995,                0.90705,                0.17401,                0.43835,                0.42496,                0.16106,                0.66354,              6.356e-05,              6.356e-05,              6.356e-05
                    492,                0.27476,                 1.1992,                0.42397,                0.22518,                0.83323,                0.98921,                      1,                  0.995,                  0.995,                0.98921,                      1,                  0.995,                0.90705,                0.16671,                0.43668,                0.42529,                 0.1592,                0.66275,               5.96e-05,               5.96e-05,               5.96e-05
                    493,                0.26339,                 1.2007,                0.42526,                0.21862,                0.81435,                0.98934,                      1,                  0.995,                  0.995,                0.98934,                      1,                  0.995,                0.90705,                0.16221,                0.43662,                 0.4258,                0.15173,                0.66258,              5.564e-05,              5.564e-05,              5.564e-05
                    494,                0.25086,                 1.2057,                0.42718,                0.21733,                0.79958,                0.98935,                      1,                  0.995,                  0.995,                0.98935,                      1,                  0.995,                0.92754,                0.16396,                0.43594,                 0.4265,                0.15881,                0.66172,              5.168e-05,              5.168e-05,              5.168e-05
                    495,                0.24753,                 1.3128,                0.42546,                0.21695,                0.81862,                0.98925,                      1,                  0.995,                  0.995,                0.98925,                      1,                  0.995,                0.92662,                0.16243,                0.43654,                0.42726,                0.15001,                0.66195,              4.772e-05,              4.772e-05,              4.772e-05
                    496,                0.23658,                 1.0969,                 0.4177,                0.19948,                0.79815,                0.98926,                      1,                  0.995,                  0.995,                0.98926,                      1,                  0.995,                0.92662,                0.16785,                0.44001,                0.42828,                0.14066,                0.66264,              4.376e-05,              4.376e-05,              4.376e-05
                    497,                0.24557,                 1.0478,                0.42211,                0.20557,                0.79455,                0.98926,                      1,                  0.995,                  0.995,                0.98926,                      1,                  0.995,                0.92662,                0.17165,                0.43773,                0.42838,                0.14095,                0.66278,               3.98e-05,               3.98e-05,               3.98e-05
                    498,                0.25058,                 1.2276,                0.43192,                 0.2017,                0.79866,                0.98915,                      1,                  0.995,                  0.995,                0.98915,                      1,                  0.995,                0.92662,                0.17109,                0.43558,                 0.4284,                0.14002,                 0.6634,              3.584e-05,              3.584e-05,              3.584e-05
                    499,                0.24949,                 1.2002,                0.42075,                0.20403,                0.80062,                0.98915,                      1,                  0.995,                  0.995,                0.98915,                      1,                  0.995,                0.92662,                 0.1768,                0.43365,                0.42818,                0.14158,                0.66348,              3.188e-05,              3.188e-05,              3.188e-05
                    500,                0.26235,                 1.3825,                0.42783,                0.21956,                0.79552,                0.98935,                      1,                  0.995,                  0.995,                0.98935,                      1,                  0.995,                0.90638,                0.17775,                0.43155,                0.42769,                0.14076,                0.66379,              2.792e-05,              2.792e-05,              2.792e-05
